:020000040800F2
:10000000C8200020990100083D510008C73F0008A2
:100010005150000845140008F95C00080000000079
:1000200000000000000000000000000001010008C6
:100030008B140008000000004501000879550008F5
:10004000B3010008B3010008B3010008B3010008C0
:10005000B3010008B3010008B3010008B3010008B0
:10006000B3010008B3010008B3010008B3010008A0
:10007000B301000849140008B30100085514000832
:10008000B3010008B3010008B3010008B301000880
:10009000B3010008B3010008B3010008E31400082D
:1000A000B30100082D560008B3010008B301000891
:1000B000B30100083956000859560008B30100087A
:1000C000B3010008B3010008B3010008B301000840
:1000D000B3010008555B00086D5B0008B15B0008C8
:1000E000BD140008B3010008B3010008DFF80CD00C
:1000F00000F062FF00480047F1730008C8200020AC
:10010000224B19680868B0E8F00F80F30988BFF344
:100110006F8F4FF0000080F311884EF00D0E704786
:100120000000000006480068006880F3088862B696
:1001300061B6BFF34F8FBFF36F8F00DF00BF00BF0B
:1001400008ED00E0EFF30980BFF36F8F0F4B1A68E3
:1001500020E9F00F106008B54FF0500080F31188CF
:10016000BFF34F8FBFF36F8F08F018F94FF0000007
:1001700080F31188BDE8084019680868B0E8F00FFE
:1001800080F30988BFF36F8F704700BF30010020F4
:10019000EFF3058070470000064880470648004797
:1001A000FEE7FEE7FEE7FEE7FEE7FEE7FEE7FEE727
:1001B000FEE7FEE72B560008ED000008202A04DBCE
:1001C000203A21FA02F00021704721FA02F3D040D0
:1001D000C2F120029140084319467047A0F1410145
:1001E000192900D82030704738B5D0E90221491EBE
:1001F00001EB410102EBC1014268C1EB011102EBCD
:1002000081010268C1EB011102EB8102D0E90431E6
:1002100001EB410103EB81013023A1F5527191FB08
:10022000F3F4174D6C4302EBC41291FBF3F403FBA0
:10023000141100921A2902DB124B1A4400920C226C
:1002400091FBF2F3104C6343009C04EBC313009347
:1002500091FBF2F302FB13110C4A08E0491E40F235
:10026000A324535C6343009C04EBC3130093002955
:10027000F4DC0146684600F033FD009838BD00000C
:100280003F0C0F008051010067C203004C9500082D
:1002900040EA01039B0703D009E008C9121F08C008
:1002A000042AFAD203E011F8013B00F8013B521E88
:1002B000F9D27047D2B201E000F8012B491EFBD2FF
:1002C00070470022F6E710B513460A460446194661
:1002D000FFF7F0FF204610BD30B505462A460B4615
:1002E00012F8010B13F8014B08B1A042F8D01CB171
:1002F000002802D06D1CF1E7284630BD421C10F8E2
:10030000011B0029FBD1801A704710B5002200E0C4
:10031000521C835C8C5CA34201D1002BF8D1D8B273
:10032000E1B2401A10BD30B504460020034600E09B
:100330005B1C934203D2E05CCD5C401BF8D030BD27
:10034000034611F8012B00F8012B002AF9D11846B9
:10035000704730B505460020034600E05B1C934221
:1003600005D2EC5CC85C201A01D1002CF6D130BD5E
:100370002DE9FF4F087883B09946FF2805D0491C26
:100380002D2804D00024002008E000200BE00124E8
:10039000F9E700EB800003EB4000491C0B78FF2BD2
:1003A000F7D104B1404200230293147819461D4648
:1003B0002D2C01D02B2C04D1521C2D2C13D0002419
:1003C0000294AA461478FF2C0FD00A25A3FB0578C7
:1003D00001FB05814FF0000C03FB0C11521CE319CB
:1003E0004AEB0101EEE70124EAE7814453EA010008
:1003F00002D019F5C87F06DA03980021C0E9001180
:1004000007B0BDE8F08F0025AE4E2F46DFF8B8826A
:10041000184600F0ADFDCDE90001B9F1000002DAA7
:10042000C9F1000400E004460023A74A1AEB030BBD
:1004300042EB045A12E0E00707D02A46334638461A
:10044000414600F05CFA074688462A463346104685
:10045000194600F054FA05460E466410002CEAD105
:10046000DDE90001B9F1000F5A46534606DA00F003
:10047000B8FA3A46434600F0B4FA05E000F03FFA15
:100480003A46434600F03BFA029A0AB181F0004135
:10049000039AC2E90001B3E72DE9FF4F1F468DB073
:1004A000D7E901464FF0FF382E2045464FF00009AE
:1004B0000B90B9696D1C0E988847396A8246884747
:1004C0000028F6D1BAF1FF3F0AD024F4D064002E00
:1004D00011DDBAF12B0F08D0BAF12D0F0BD102E0CC
:1004E000404611B08DE744F48064B9696D1C0E98E4
:1004F00088478246761E6946600501D52D2000E0BA
:100500002B208DF8000001F1010B0DF1200809E00E
:10051000B9696D1C0E98884782460F9844F40074A0
:10052000761E0560002E02DDBAF1300FF0D00B9977
:100530008A453ED144F0800406E00F99681CA9F179
:10054000010944F400740860B9696D1C761E0E98A8
:10055000884782463028F0D02BE00B998A4505D198
:10056000200603D444F08004761E18E0504605F0BF
:10057000A9FD08B30DF11301761E44F400748B45F8
:1005800008D2AAF130000BF8010B200607D5A9F11B
:10059000010003E0200602D409F101008146A00514
:1005A00002D50F99681C0860B9696D1C0E988847C0
:1005B0008246002ED1DC53E0002E51DDBAF1650FEA
:1005C00002D0BAF1450F4BD1A00549D5B9696D1CD0
:1005D00024F44074761E0E9888478246002E0CDD67
:1005E0002B2804D0BAF12D0F07D144F48074B969D7
:1005F0006D1C0E9888478246761EE00501D52D2198
:1006000000E02B2108F8011BCDF82C8021E00DF132
:100610002901761E44F4007488450CD2AAF13000FA
:1006200010F0FF0088F8000002D10B99884509D925
:1006300008F1010806E0E00501D5244801E042F296
:100640000F708146B9696D1C0E98884782460F98D5
:100650000560002E04DD504605F034FD0028D6D19B
:10066000F9690E988847FF208BF8000088F8000091
:100670000020069007904B466A4608A906A8FFF797
:1006800077FEA00502D46FF001002AE714F0240FD2
:100690000AD0E00714D1DDE906123868031D3B607B
:1006A0000068C0E900120BE0DDE9060100F094FAF1
:1006B0000146E00704D13868021D3A600068016015
:1006C00028460EE7000014400000F03FF1D8FFFF7D
:1006D00080EA010210B502F00043400022D04A0037
:1006E0001FD0010E01EB1261C0F35600C2F3560297
:1006F00040F4000042F40002A0FB022000047F3915
:10070000140400D0401C50EA124001D44000491E9D
:10071000C2B20C0604EBD010401C4008802A02D064
:1007200003E0002010BD20F00100002900DA0020C5
:10073000184310BD30B480EA010202F0004530F0E9
:10074000004221F0004013D090B1C30DD40DC2F38C
:100750001601C0F31600E41A41F4000140F400024F
:100760007D34914201D3641C00E04900002C02DA80
:1007700030BC002070474FF400000023914201D3A9
:10078000891A034340084FEA4101F7D151B1914220
:1007900002D14FF0004105E002D24FF0010101E02B
:1007A0006FF0010103EBC450284430BC00F04CBB97
:1007B0002DE9FE4F804681EA0300C00F0C460090F1
:1007C00021F0004123F00045B8EB0200A94105D219
:1007D0004046214690461C460B46024623F0004008
:1007E000104347D0270DC7F30A00C3F30A51029004
:1007F000401A019040286BDAC3F3130040F4801BC9
:100800000098924620B10023D2EB030A63EB0B0B56
:1008100001985946C0F14002504600F040FA0646A1
:100820000D4650465946019A00F048FA10EB080070
:100830006141002487EA115284EAE7731A4340D0E9
:10084000009A62B3019A012A4FEA075215DC001B95
:1008500061EB02014FF0004202EA0752CDE900428B
:10086000001C41F5801132462B4600F033FB03B0EB
:10087000BDE8F08F40462146F9E7001B61EB02011D
:10088000001C41F5801300185B412018A2F50017E9
:1008900047EB030140EAD570B6196D4111E06D08D0
:1008A0004FEA360645EAC0754FEA0752001B61EB76
:1008B0000201001C41F5801149084FEA300000197F
:1008C000514132462B4603B0BDE8F04F00F0F3BA79
:1008D0000098012240000023D0EB020263EBE0739A
:1008E000009821464FEAE074B8EB000061EB040188
:1008F000E9E783F000435BE781F0004158E72DE929
:10090000FE4F81EA030404F0004421F0004100940A
:100910004FF0000B23F0004350EA01045ED052EA8E
:1009200003045BD0C3F30A54C1F30A552C44A4F268
:10093000F3340194A0FB0254C1F3130141F480117C
:10094000C3F3130343F4801301FB024400FB034E83
:10095000840A970A44EA815447EA8357A4FB07684C
:1009600002958D0A05FB07854FEA932C04FB0C5476
:100970002705029D4FEA065847EA1637B5EB0805EA
:100980006EEB070C870E920E47EA811742EA83123C
:10099000A7FB0201B6EB0B0164EB00042B0D43EA4D
:1009A0000C335E1844EB1C50DA465146E7FB02015B
:1009B000C5F313044FEA0B3343EA14534FEA0432EE
:1009C000019C43EA0603A4F10C040294009CCDE9C7
:1009D00000B400F07FFA03B0BDE8F08F00200146BC
:1009E000F9E72DE9F04D81EA030404F0004B21F012
:1009F000004514464FF0000A23F0004150EA05027A
:100A000020D054EA01021DD0C5F30A570246C5F3AF
:100A10001303C1F31300C1F30A5640F4801543F4E5
:100A20008013A7EB0608101BD64608F2FD3873EBBF
:100A3000050002D308F1010801E092185B41B8F10A
:100A4000000F03DA00200146BDE8F08D00204FF4CE
:100A50008011064684460EE0171B73EB050705D38D
:100A6000121B63EB050306434CEA010C49084FEAED
:100A7000300092185B4150EA0107EDD152EA0300C1
:100A800012D082EA040083EA0501084305D0101B56
:100A9000AB4106D20122002306E000224FF00043C2
:100AA00002E06FF0010253101AEB06004CEB085104
:100AB00010EB0A0041EB0B01BDE8F04D00F0FBB973
:100AC00070B521F0004303430CD0C1F30A55002454
:100AD000D5EB040564EB0403D617AD1AB34102DB72
:100AE0000020014670BD201841EB025170BD9623D5
:100AF0000022114600F0B1B90EB540F23341029127
:100B00000021CDE900110A460B4600F0E3F903B0DD
:100B100000BD20F00040C10DC0F3160040F40000FD
:100B20007F2901DA00207047962903DCC1F1960184
:100B3000C840704796398840704770B5C1F30A5273
:100B400001F000450024C1F3130140F2FF3341F4EA
:100B500080119A4201DA002070BD40F233439A427C
:100B6000A2F2334203DC5242FFF728FB00E0904040
:100B70002C43F1D0404270BD30B5041E71F1000429
:100B800004DB4FF00044404264EB0101141E73F19A
:100B9000000405DB1C464FF00043524263EB0403A4
:100BA0008B4208BF824230BD30B5041E71F1000493
:100BB00004DB4FF00044404264EB0101141E73F16A
:100BC000000405DB1C464FF00043524263EB040374
:100BD000994208BF904230BD01F0004330B421F08B
:100BE000004150EA010206D00A0DA2F56072C1F37D
:100BF0001301002A02DC30BC00207047440F44EA95
:100C0000C104C100E01830BC00EBC25000F01CB9B8
:100C100030B50B46014600202022012409E021FACC
:100C200002F59D4205D303FA02F5491B04FA02F5C9
:100C30002844151EA2F10102F1DC30BD2DE9F05F60
:100C40000546002092469B4688460646814640243B
:100C50001BE02846414647462246FFF7AFFA534677
:100C60005A46C01A914110D311461846224600F048
:100C700016F82D1A67EB01084F4622460120002185
:100C800000F00DF817EB00094E41201EA4F10104FD
:100C9000DFDC484631462A464346BDE8F09F202A1D
:100CA00004DB203A00FA02F1002070479140C2F1C3
:100CB000200320FA03F3194390407047202A06DBF3
:100CC000CB17203A41FA02F043EAE07306E041FA1A
:100CD00002F3D040C2F12002914008431946704708
:100CE00010B500683C22B0FBF2F302FB1303B0FB2B
:100CF000F2F00B60B0FBF2F302FB1303B0FBF2F077
:100D000018224B60B0FBF2F302FB1303B0FBF2F0CE
:100D1000021D8B600723B2FBF3F403FB1422800057
:100D200040F2B55300F66C308A61B0FBF3F2B0FBD1
:100D3000F3F403FB1400443280084A61C8613B2885
:100D400002D3920700D0401C0022074C13460A61D0
:100D5000E25C824203D8801A5B1C0B61F8E7401CFE
:100D6000C860084610BD000058950008426842B1AE
:100D7000016811F8013B23B1521EC0E90012184668
:100D800070470121C160881E704742685AB1C3682C
:100D9000016843B983688B4205D0491E521CC0E9E3
:100DA0000012002070474FF0FF3070470FB400234F
:100DB00000B589B00CA900910B996FF00042CB608F
:100DC0001E4B06931E4B07930423CDE901321D4AA7
:100DD000089202466B460020FFF75EFB09B05DF803
:100DE00014FB70B586B006464FF0FF300091CDE998
:100DF0000101002015460C4604903246694604A8BD
:100E0000FFF7D4FF02460498211825B108B108461F
:100E100000E020462860049800280DD0002A02DD5A
:100E20000098884208D0081B0094CDE9010432469E
:100E3000694604A8FFF7BAFF06B070BD6D0D000843
:100E40008B0D0008DD0F00080029A8BF7047401C6B
:100E5000490008BF20F00100704710B4B0FA80FCD0
:100E600000FA0CF050EA010404BF10BC704749B10D
:100E7000CCF1200421FA04F411FA0CF118BF01217D
:100E800021430843A3EB0C01CB1D4FEA00614FEA5D
:100E9000102042BF002010BC704700EBC35010442C
:100EA0000029A4BF10BC7047401C490008BF20F0B7
:100EB000010010BC704710B5141E73F1000408DA6D
:100EC000401C41F1000192185B411A4301D120F00E
:100ED000010010BD2DE9F04D92469B4611B1B1FACB
:100EE00081F202E0B0FA80F220329046FFF7D7FE9E
:100EF00004460F4640EA0A0041EA0B0153465A46AF
:100F0000084313D0114653EA010019D0C8F140023A
:100F10005046FFF753F905460E465046594642469D
:100F2000FFF7BDFE084305D0012004E02046394606
:100F3000BDE8F08D0020054346EAE0762C433743B8
:100F40000A986305E40AA0EB08000022FD0A44EABF
:100F500047540A3002D500200146E9E7010510197F
:100F60006941DDE9084500196941BDE8F04DA2E796
:100F70000EB540F2334202920022CDE90022134620
:100F8000FFF7A8FF03B000BDC1F30A52C1F313017C
:100F900040F2FF3341F480119A4202DA0020014608
:100FA000704740F233439A42A2F2334202DC52428B
:100FB000FFF704B9FFF773BE064C074D06E0E06883
:100FC00040F0010394E8070098471034AC42F6D390
:100FD000FFF790F8B4950008D4950008C0B24FF41C
:100FE000F05100F001B800007F2801D9002208E08C
:100FF000064A02EB5002C007127800D1120902F033
:101000000F020120904008407047000064950008DE
:1010100070B58C1810F8015B15F0070301D110F8BA
:10102000013B2A1106D110F8012B03E010F8016BE7
:1010300001F8016B5B1EF9D12B0705D40023521E6A
:101040000DD401F8013BFAE710F8013BCB1A921CD2
:1010500003E013F8015B01F8015B521EF9D5A142D0
:10106000D8D3002070BD000070B5044600688168C8
:10107000C943C90717D1816821F00101816001F0DE
:101080005BF805460AE000BF01F056F8401B022855
:1010900004D920688068C043C00706D020688068F3
:1010A000C043C007F0D0002070BDA06A40F010001F
:1010B000A062E06A40F00100E062012070BD000023
:1010C000F8B500260446009600688168C943C90740
:1010D0002DD0816841F001018160164816490068F1
:1010E000B0FBF1F000E0401E00900028FBD101F0C1
:1010F00023F8054616E000BF01F01EF8401B022849
:1011000010D920688068C043C0070BD0A06A40F0A7
:101110001000A062E06A40F00100E06284F8246000
:101120000120F8BD20688068C043C007E4D10020DA
:10113000F8BD00002C01002040420F002DE9FE4FB9
:10114000012607270096002569463C48CDE901673E
:1011500000F094FA08B100F009FA0024374800F0D2
:1011600067FC6421354800F0C5FB18B9334800F02E
:1011700003FB0544641CE4B20A2CEFD30A24B5FB3C
:10118000F4F0FFF7B9FCDFF8B8A04FF066394A4633
:101190005346FFF7B4FBDFF8ACB000225B46FFF725
:1011A00020FCFFF719FD2849FFF792FAFFF7B1FC81
:1011B000DFF8988000256946A8F80C0010208DE81B
:1011C000C1001E4800F05AFA08B100F0CFF900261D
:1011D0004FF47A77194800F02BFC3946174800F095
:1011E00089FB18B9154800F0C7FA0544761CF6B219
:1011F0000A2EEFD3B5FBF4F0FFF77EFC4A465346C8
:10120000FFF77DFB00225B46FFF7EBFB104A114B1B
:10121000FFF772FB104A114BFFF7E3FB0022104B64
:10122000FFF7C6FAFFF7D8FC0749FFF751FAFFF7B7
:1012300070FCA8F80E00BDE8FE8F0000C00700207B
:1012400066660A4000FEAF400000C842B00D0020B4
:10125000E17A14AE47E1F63F22FDF675E09C713F5E
:10126000000039401CB5BE208DF8040008208DF820
:10127000050000208DF806004FF6FF700090032354
:1012800001AA7021014801F049F91CBDF0070020B6
:101290001CB5282000F0ACFDBE208DF8040008200D
:1012A0008DF8050000208DF806004FF6FF700090C5
:1012B000032301AA7021054801F030F900F0A2F8DB
:1012C000000701D4FFF7CEFF1CBD0000F00700208F
:1012D00070B500F019F80A4C084E31466068FFF707
:1012E000F7F9FFF716FC074D314668802068FFF7D5
:1012F000EFF9FFF70EFCA88070BD00000000C842A7
:1013000000000020B00D002070B586B000208DF8E0
:1013100000008DF800008DF800008DF800008DF8B9
:1013200000008DF80000AC218DF80C1033218DF8F1
:101330000D1004468DF80E004FF6FF75032303AA27
:1013400070212B48009501F0E9F8502000F050FD85
:1013500007E0012000F04CFD2046641CA4B2642884
:1013600003D200F04FF80006F3D4062301AA70213F
:101370001F48009500F0AAFF9DF805009DF8061093
:101380009DF8074041EA002144EA01200009FFF7E7
:10139000B3FB0022174BFFF7B2FA6FF00906324693
:1013A000FFF78EFB3246FFF78BFBFFF715FC124D64
:1013B00028609DF808109DF8090041EA042140EAE0
:1013C0000120C0F31300FFF797FB00220B4BFFF740
:1013D00096FA3246FFF774FB3246FFF771FB0022A4
:1013E000074BFFF786FAFFF7F7FB686006B070BDA2
:1013F000F007002000005940000000200000694074
:10140000000049401CB54FF6FF700090012301AA6F
:101410007021034800F05AFF9DF804001CBD000035
:10142000F0070020064B4FF40051012805D000289A
:1014300005D10022184600F079BE0122FAE7704774
:1014400000100140FEE70000014800F0C1BB0000B1
:10145000040C0020014800F0BBBB0000C00B0020C2
:1014600030B590F840500124AC40C56B6C60046806
:1014700063604368102B036803D099600068C26002
:1014800030BD9A600068C16030BD704710B50C4631
:10149000034603F04DFF10B14FF0FF3010BDD3F8FD
:1014A0000021521CD01702EB106020F0FF00101A30
:1014B000C3F80001185C2070002010BD10B54FF477
:1014C000805000F037FD4FF4005000F033FD4FF432
:1014D000804000F02FFDBDE810404FF4004000F0C8
:1014E00029BD10B5202000F025FDBDE810404FF4C7
:1014F000807000F01FBD000010B50C46034603F0DD
:101500001FFF28B109A004F081FC4FF0FF3010BD8F
:10151000D3F80421521CD01702EB106020F0FF001A
:10152000101AC3F804011C54002010BD71756575B4
:10153000652069732066756C6C0A00002DE9F04126
:1015400016460D46074600240CE029783846FFF77A
:10155000D3FF002803DA4FF0FF30BDE8F081641CB0
:10156000A4B26D1CB442F0D30020F6E772B6FEE7D9
:1015700008B506480268001F0368001F0068009055
:1015800003A1074804F052FC054808BDF0F7FF1F0F
:10159000253038582530385825303858000000009C
:1015A000AC020020F8B500250446009590F8240010
:1015B00001280BD0012084F824002046FFF754FDB9
:1015C0002046FFF77DFD060002D050E00220F8BD66
:1015D000A06A20F4885040F00200A062022001F0CE
:1015E000F1FA25490968B1FBF0F0400000E0401E27
:1015F00000900028FBD12068816841F008018160DB
:1016000000F09AFD074608E000F096FDC01B0A288E
:1016100003D920688068000715D420688068000717
:10162000F2D42068816841F00401816000F084FDFB
:10163000074612E000F080FDC01B0A280DD9206883
:101640008068400709D5A06A20F0020040F0100031
:10165000A06284F824500120F8BD2068806840070B
:10166000E8D4A06A20F0020040F00100A06284F8F3
:1016700024503046F8BD00002C010020F8B50024AD
:10168000009490F824202546012A12D0012280F8E7
:1016900024204A681F23072A0DD20668776B521E42
:1016A00002EB820293409F430B6893401F43776392
:1016B00019E00220F8BD06680D2A0AD2376BD21F46
:1016C00002EB820293409F430B6893401F433763B2
:1016D00009E0F76A0D3A02EB820293409F430B68E0
:1016E00093401F43F7620A68072306680A2A0AD351
:1016F000F7680A3A02EB420293409F438B6893409B
:101700001F43F76008E0376902EB420293409F43B2
:101710008B6893401F4337610A68102A01D0112A51
:1017200020D1124B02689A4217D193681B0219D438
:10173000936843F4000393600968102912D10C499F
:101740000C4A0968B1FBF2F101EB8101490000E0AC
:10175000491E00910029FBD104E0816A41F020017B
:101760008162012480F824502046F8BD0024014005
:101770002C01002040420F000068C06C7047000040
:101780002DE9F0414FF0000704003D467ED0A06AED
:10179000002628B9E66284F82460204600F07EF82E
:1017A0002046FFF761FCA16AC90600D420B1A06AF7
:1017B00040F01000A06269E0A16A21F4885141F074
:1017C0000201A1626268E169237B0A4347EA43019F
:1017D0000A43A1684FF48077B94209D0012907D0A4
:1017E0005FF0000194F814C0BCF1010F02D00AE0D0
:1017F0003946F7E7F3B1A36A43F02003A362E36A33
:1018000043F00103E3622368D3F804C02CF4694C6D
:101810004CEA010CC3F804C021688B68DFF870C083
:1018200003EA0C0313438B60A168B9420BD0012972
:1018300009D00CE0DFF85CC0A3690CEB43330B4329
:1018400043F40061DFE7218A0D05A5F580152168C5
:10185000CB6A23F470032B43CB62216889680E4B5B
:101860001940914208D1E662A16A21F0020141F0DB
:101870000101A162BDE8F081A06A20F0020040F001
:101880001000A062E06A40F00100E0620120F1E790
:10189000FDF7E1FF00E0FFFFFE0E1FFF00B585B082
:1018A0000021009101910291039100680E49884244
:1018B00018D10E48816941F400718161816901F498
:1018C00000710491816941F0040181618069694678
:1018D00000F00400049002200090032001900448CE
:1018E00000F034FB05B000BD0024014000100240B0
:1018F000000801402DE9F84300270D4604460097F3
:1019000000F01AFC804620688168C90508D5A06AE5
:1019100040F02000A06284F824700120BDE8F88324
:101920004168C90503D4C06A10F4700F2AD00220A0
:1019300001F048F93B490968B1FBF0F620680369FA
:1019400039490B424FEA61014FEAA1121FD1C36826
:101950004FEA611C13EA0C0F19D103690B4225D120
:10196000C068104222D1142023E0681C0AD02DB197
:1019700000F0E2FBA0EB0800A84203D92068006851
:10198000800725D5206800688007EED52DE0036923
:101990000B4202D1C168114206D0026923490A42B2
:1019A00006D1C068084203D1542002E0292000E09B
:1019B000FC204643009816E0681C11D02DB100F0C1
:1019C000BBFBA0EB0800A8420AD90098B04207D29E
:1019D000A06A40F00400A06284F8247003209DE710
:1019E0000098401C0090B042E6D321686FF01200CE
:1019F0000860A06A40F40070A06220688068C0F3AC
:101A0000424007280CD1207B50B9A06A20F4807096
:101A1000A062A06AC00403D4A06A40F00100A062E2
:101A200000207BE72C0100202449922449922400C5
:101A300070B5044690F8240001280DD0012084F8E8
:101A400024002046FFF73CFB02004FF0000005D0C9
:101A500084F82400104670BD022070BDA16A40F2D7
:101A60000123994341F48071A1621F4D23681F49EE
:101A7000AB4218D10E6816F4702F14D0A66A46F443
:101A80008016A6620E68760505D5A66A26F400566D
:101A900046F48056A662A66AF6040AD5E66A26F0DF
:101AA0000606E66206E0A66A26F48016A6625E686E
:101AB000E9E7E06284F824006FF002001860206813
:101AC0008368C3F34243072B05D1A84208D10968B4
:101AD00011F4702F04D0816841F480118160B9E75E
:101AE000816841F4A001F9E7002801400424014085
:101AF00010B590F821100022022905D0042181633D
:101B000080F82020012010BD01680B6823F00E032F
:101B10000B6001680B6823F001030B6090F8403004
:101B2000C46B012101FA03F3636080F8211080F88F
:101B30002020104610BD000010B590F821100024A0
:101B4000022903D00421816301243DE001680A6871
:101B500022F00E020A6001680A6822F001020A609F
:101B60001A4A0168914201D1012121E0174A143239
:101B7000914201D110211BE0144A2832914201D137
:101B8000891515E0114A3C32914201D189140FE0C8
:101B90000E4A5032914202D14FF4803108E00B4A94
:101BA0006432914202D14FF4801101E04FF0807114
:101BB000064A083A5160012180F82110002180F87E
:101BC0002010416B01B18847204610BD080002403B
:101BD0002DE9F05FC16B0C6801680B68D0F840C05C
:101BE000042202FA0CF2494DDFF824A1494E4A4F73
:101BF000DFF828B1DFF828E122422CD05A072AD595
:101C00000A68920603D40A6822F004020A60016896
:101C1000A94201D1042219E0514501D1402215E029
:101C2000B14202D14FF4806210E0B94202D14FF4C8
:101C300080420BE0594502D14FF4802206E0714505
:101C400002D14FF4800201E04FF080622F49083941
:101C50004A60C16A3BE04FF0020808FA0CF818EA43
:101C6000040F4FF000094FF0010235D05FEA83788E
:101C700032D50B689B0605D40B6823F00A030B6072
:101C800080F821200168A94201D1022219E05145C2
:101C900001D1202215E0B14202D14FF4007210E0D0
:101CA000B94202D14FF400520BE0594502D14FF432
:101CB000003206E0714502D14FF4001201E04FF00E
:101CC0000072124908394A6080F82090816A002920
:101CD0001AD0BDE8F05F0847082505FA0CF5254243
:101CE00012D01B0710D50B6823F00E030B6090F881
:101CF0004010C36B02FA01F15960826380F8212021
:101D000080F82090016BE2E7BDE8F09F08000240F8
:101D10001C000240300002404400024058000240D3
:101D20006C00024030B528B308C813491422194486
:101D3000B1FBF2F18900C16310498163022141774F
:101D40001A6843F6F0718A43D0E900142143D0E9C0
:101D500002452C432143046921434469214384699A
:101D60002143114319600021416301224277017729
:101D7000084630BD012030BDF8FFFDBF0000024025
:101D800070B5044690F82000002501280CD00120F1
:101D900084F8200094F821600020012E06D084F8F9
:101DA00020000225284670BD022070BD022684F85E
:101DB0002160A0632068066826F0010606602046C0
:101DC000FFF74EFBE06A00282068016802D041F06E
:101DD0000E0106E021F0040101602068016841F075
:101DE0000A0101602068016841F001010160D9E742
:101DF00070B5044600F0A0F90546601C02D0044806
:101E00000078044400F098F9401BA042FAD370BD5A
:101E100020010020264910B50B68264A14681B1BB8
:101E2000C82B44D30968244C1160B0F5005F17D06B
:101E3000B0F5804F1CD0202822D0B0F5004F27D01D
:101E4000B0F5805F2CD0B0F5807F30D10020FFF757
:101E5000E9FA0620207019A0BDE8104003F0D6BFB3
:101E60000121084602F04EFC0120207018A0F3E783
:101E70000021012002F046FC0220207019A0EBE7AF
:101E80000121022002F03EFC032020701AA0E3E7AB
:101E90000021022002F036FC042020701BA0DBE7AA
:101EA0000120FFF7BFFA052020701DA0D4E710BD68
:101EB0002801002038000020280000204B657920F0
:101EC000455343202020507265737365640A0000F7
:101ED0004B657920557020202050726573736564BE
:101EE0000A0000004B657920446F776E20507265C0
:101EF000737365640A0000004B6579204C65667455
:101F000020507265737365640A0000004B65792088
:101F1000526967687420507265737365640A0000C3
:101F20004B6579204F4B20202020507265737365DC
:101F3000640A0000044910B50A68024202D0086031
:101F4000FFF768FF10BD0000140401402DE9F84FB1
:101F5000DFF8B8910024A9F1040B23460F2709F1FB
:101F6000040AABF1040EC9E00125A5402A40AA42AB
:101F70007DD1674ED1F804C0ACEB0608B44532D031
:101F800014DCBCF1030F3AD009DCBCF1000F2AD0FD
:101F9000BCF1010F1CD0BCF1020F31D11DE0BCF12E
:101FA000110F17D0BCF1120F2AD119E0B8F5881F14
:101FB00019D006DCB8F5803F15D0B8F5801F1FD1C9
:101FC00011E0B8F5001F0ED0B8F5041F18D10AE0D3
:101FD000CB6815E0CB681B1D12E0CB6808330FE01F
:101FE000CB680C330CE08B682BB1012B4FF008034E
:101FF00003D0456104E0042302E0056100E0002312
:10200000FF2A01D8064601E000F104064FEA8405E4
:1020100001D9A5F12005D6F8008007FA05FC28EAC9
:102020000C0803FA05F548EA0508C6F800804D6873
:10203000ED0062D5374DAE6946F00106AE61AD697F
:1020400024F0030605F001050095334D06EB050C61
:10205000DCF80850A607360F07FA06F825EA080547
:10206000DFF8B880404503D14FF0000817E044E0A6
:10207000DFF8AC80404502D14FF001080FE0DFF8F7
:10208000A480404502D14FF0020808E0DFF89880B4
:10209000404502D14FF0030801E04FF0040808FA70
:1020A00006F848EA0508CCF808804D68D9F80060C1
:1020B000ED024D4601D5164300E096432E604D6873
:1020C000DAF80060AD02554601D5164300E09643AC
:1020D0002E604D68DBF80060AD035D4601D5164308
:1020E00000E096432E604D68DEF80060ED03754613
:1020F00001D5164300E096432E60641C0D682A4605
:10210000E5407FF431AFBDE8F88F000008040140DE
:1021100000001110001002400000014000080140C2
:10212000000C014000100140001401400AB101619F
:1021300070470904FBE70000014880687047000011
:102140002001002070B5040025D094F83D00002542
:1021500020B984F83C50204600F03CFC242084F850
:102160003D002068016821F00101016020680168DC
:1021700041F4004101602068016821F400410160E0
:1021800000F09EFE4D4A6168914201D84C4900E042
:102190004C49884201D2012070BD4B492368B0FBF5
:1021A000F1F15E6826F03F060E435E60636893427D
:1021B00006D94FF4967359434FF47A73B1FBF3F198
:1021C0002368491C1E6A26F03F0631431962616884
:1021D000914210D84900401EB0FBF1F2521CC2F3EC
:1021E0000B02042A01D2042022E0B0FBF1F0401CD3
:1021F000C0F30B001CE0A268F2B301EBC10303EBD8
:102200000116431EB3FBF6F35B1C43F480431B052E
:1022100049D092B301EBC10202EB0111401EB0FBA9
:10222000F1F0401CC0F30B0040F4804040F400404B
:102230002168CA694CF6FF739A431043C861D4E918
:10224000071001432068026822F0C00211430160B8
:10225000D4E9030101432068826848F2FF339A43BE
:1022600011438160D4E9050108432168CA6822F05E
:10227000FF021043C86001E00EE016E0206801682C
:1022800041F0010101602564202084F83D002563B0
:1022900084F83E50002070BD01EB4106431EB3FBA5
:1022A000F6F35B1CB3E70120C2E701EB4101401EDE
:1022B000B0FBF1F0401CC0F30B00B7E7A0860100B3
:1022C00080841E0000093D0040420F002DE9F84FB8
:1022D0000025DDF82890984617468A460446009562
:1022E000FFF72AFF064694F83D0020287AD11923EB
:1022F000012286492046009602F040F80028F5D1D8
:1023000094F83C0001286DD0012084F83C0020683E
:102310000168C90703D1016841F00101016020682B
:10232000016821F400610160222084F83D00102042
:1023300084F83E0025646762A4F82A80608D2085B9
:102340007348E06233464A465146204601F054FE47
:1023500000287CD1208DDFF8BC81202768B10128BE
:1023600014D00228206801681ED041F48061016009
:102370002068416980690090BBE0206841698169FB
:102380000091016841F400710160B2E020680168C9
:1023900021F48061016072B6206841698169009111
:1023A000016841F400710AE041F40061016072B615
:1023B0002068416981690091016821F480610160B0
:1023C00062B696E0032865D801280CD002284B4657
:1023D0004FF000024146204600960BD001F0CEFFA0
:1023E000A8BB0CE090E032464946204602F06CF86B
:1023F00068BB71E001F0C2FF48BB72B633E02068F1
:10240000016821F48061016072B620680069616A28
:102410000870606A401C6062208D401E2085608DBF
:10242000401E60853C4846F2A8110068B0FBF1F000
:10243000C0EBC00000EB80000090401E009007D071
:1024400020684069C04340070DD50098F5E727E0B4
:1024500044F8305F6773A573206940F02000206165
:1024600062B625731CE02068016841F400710160C8
:1024700020680069616A0870606A401C6062218D92
:10248000491E2185618D491E618562B621680969F1
:10249000017025E032464946204602F015F810B199
:1024A0000120BDE8F88F20680069616A0870606AE1
:1024B000401C6062208D401E81B22185608D401ECF
:1024C000608520684269D243520712D4032903D1A0
:1024D000016821F48061016020680069616A087008
:1024E000606A401C6062208D401E2085608D401E09
:1024F0006085208D00287FF465AF84F83D7084F8F6
:102500003E5084F83C50CCE70220CAE7020010009D
:102510000000FFFF040001002C0100202DE9F84F0E
:102520001F4690468A460446DDF82890FFF704FED1
:10253000054694F83D0020287FD119230122404907
:102540002046009501F01AFF002876D194F83C004F
:10255000012872D0012084F83C0020680168C90776
:1025600003D1016841F0010101602068016821F494
:1025700000610160212084F83D00102084F83E00B5
:1025800000262664C4F824806785608D20852D4848
:10259000E0622B464A465146204601F0A3FD90B921
:1025A000206841698069009036E02A464946204605
:1025B00001F0C2FF50B1206C042804D120680168EA
:1025C00041F4007101600120BDE8F88F606A216864
:1025D00000780861606A401C6062618D491E6185F7
:1025E000218D491E89B2218522685369DB435B072F
:1025F0000BD451B100781061606A401C6062608D3C
:10260000401E6085208D401E20852A464946204672
:1026100001F088FE0028CED1208D0028C5D154F8C5
:102620003D0B016841F400710160202004F81E098F
:10263000E67766770020C7E7FFE70220C4E70000DF
:10264000020010000000FFFF2DE9FF4F83B00025BE
:10265000DDE910799A4693460446DDF848800095F6
:10266000FFF76AFD064694F83D0020287CD1192327
:10267000012288492046009601F080FE0028F5D10D
:1026800094F83C0001286FD0012084F83C002068B9
:102690000168C90703D1016841F0010101602068A8
:1026A000016821F400610160222084F83D0040208F
:1026B00084F83E0025646762A4F82A90608D208526
:1026C0007548E062CDE9008653465A462046049993
:1026D00001F056FD00287CD1208DDFF8C091202725
:1026E00068B1012814D00228206801681ED041F486
:1026F000806101602068416980690090BCE02068C9
:10270000416981690091016841F400710160B3E0A1
:102710002068016821F48061016072B62068416917
:1027200081690091016841F400710AE041F400619F
:10273000016072B62068416981690091016821F4E5
:102740008061016062B697E0032865D801280CD04B
:10275000022843464FF000024946204600960BD01F
:1027600001F00CFEA8BB0CE091E032464146204649
:1027700001F0AAFE68BB72E001F000FE48BB72B631
:1027800033E02068016821F48061016072B620683E
:102790000069616A0870606A401C6062208D401E9A
:1027A0002085608D401E60853D4846F2A811006876
:1027B000B0FBF1F0C0EBC00000EB80000090401EC9
:1027C000009007D020684069C04340070DD50098AD
:1027D000F5E727E044F8305F6773A573206940F0A0
:1027E0002000206162B625731CE02068016841F476
:1027F0000071016020680069616A0870606A401CAD
:102800006062218D491E2185618D491E618562B6F8
:1028100021680969017026E032464146204601F0F0
:1028200053FE18B1012007B0BDE8F08F20680069A1
:10283000616A0870606A401C6062208D401E81B22F
:102840002185608D401E608520684269D243520711
:1028500012D4032903D1016821F48061016020684A
:102860000069616A0870606A401C6062208D401EC9
:102870002085608D401E6085208D00287FF464AF28
:1028800084F83D7084F83E5084F83C50CBE7022039
:10289000C9E70000020010000000FFFF0400010073
:1028A0002C0100202DE9FF4F83B09A46DDE91197F6
:1028B00093460446DDF84080FFF73EFC054694F859
:1028C0003D0020287FD11923012240492046009550
:1028D00001F054FD002876D194F83C00012872D014
:1028E000012084F83C0020680168C90703D1016811
:1028F00041F0010101602068016821F4006101607C
:10290000212084F83D00402084F83E000026266403
:10291000C4F82480A4F82A90608D20852C48E062B9
:10292000CDE9007553465A462046049901F0A6FCAD
:1029300070B930E02A463946204601F0FDFD58B115
:10294000206C042804D12068016841F40071016002
:10295000012007B0BDE8F08F606A21680078086147
:10296000606A401C6062218D491E89B22185628D9A
:10297000521E628522685369DB435B070BD469B141
:1029800000781061606A401C6062208D401E2085C6
:10299000608D401E6085208D0028CBD12A463946A7
:1029A000204601F0BFFC0028CAD154F83D0B016855
:1029B00041F400710160202004F81E09E677667773
:1029C0000020C6E7FFE70220C3E700000200100076
:1029D0000000FFFF10B586B0002100910191029127
:1029E000039100680F4988421AD10F4CA06940F04A
:1029F0000800A061A069694600F008000490C020AA
:102A0000009012200190032003900848FFF79EFADF
:102A1000E06940F40010E061E06900F40010049007
:102A200006B010BD0054004000100240000C0140F0
:102A300002488168027811448160704720010020BB
:102A4000074810B5016841F010010160032000F053
:102A5000A1F80F2000F006F800F04AF8002010BDA1
:102A60000020024030B505461C4887B0816941F41A
:102A700000618161806906A900F40060009001A8EE
:102A800000F0FEF900F02CFA1549164AB0FBF1F1FE
:102A90001548491E0260416040F2E7320021C0E95A
:102AA00003218160816100F061FD040012D10E48B4
:102AB00000F0BCFD04000DD1192000F03DF8102DF0
:102AC00007D200222946192000F044F80748056083
:102AD00000E0012407B0204630BD00000010024095
:102AE00040420F00002C0140480C0020240100202F
:102AF0000F4808B5816941F001018161816901F0E8
:102B000001010091C16941F08051C161C069002299
:102B100000F0805000900F21901E00F01BF8054837
:102B2000416821F0E06141F00071416008BD0000A2
:102B30000010024000000140002809DB00F01F02E5
:102B4000012191404009800000F1E020C0F800110F
:102B500070470000F0B40E4B1B680C46C3F3022311
:102B6000C3F10705042D00D90425191D072901D239
:102B7000002300E0DB1E012606FA05F1491E214074
:102B800099409E40761E16403143F0BC03F062B976
:102B90000CED00E0064900F0070208684FF6FF035D
:102BA000184040EA0220034A1043086070470000C2
:102BB0000CED00E00000FA050149012008627047B1
:102BC00000000E4210B501460020234C012922D0FE
:102BD000022939D010291DD161682268D20119D586
:102BE0001E48C1F38342C903805C0AD561681B4A51
:102BF000C1F34041921E515C194AB2FBF1F14843C6
:102C000001E0184948436168490203D440000321A8
:102C1000B0FBF1F010BD226AC2F30121012903D1FA
:102C2000920701D5C80310BD022905D1626A920737
:102C300002D549F6404010BD0329FCD12168890323
:102C4000F9D54FF2244010BD00F04AF96168C1F394
:102C50008131491C4900DBE700100240249500083F
:102C600000127A0000093D002DE9F843054600787E
:102C7000354CC00754D0E0690026C00008D4E06994
:102C800040F08050E061E069012600F08050009043
:102C90002E480168C90512D40168804641F480714C
:102CA0000160FFF749FA074605E000BFFFF744FA65
:102CB000C01B642823D8D8F80000C005F6D5206AC8
:102CC00010F4407021D0A98801F4407181421CD0D9
:102CD000206A1F49012220F440700A6000220A6025
:102CE0002062C00711D0FFF727FA074641F2883863
:102CF00008E000BFFFF720FAC11B414502D90320BD
:102D0000BDE8F883206A8007F4D5206A696820F45A
:102D10004070084320621EB1E06920F08050E061FD
:102D20002878800705D56068A96820F440400843EA
:102D300060602878C00605D56068E96820F48000E6
:102D4000084360600020DBE7001002400070004094
:102D5000400442422DE9F0470F46050061D0434E42
:102D6000306800F00700B84209D2306820F0070050
:102D700038433060306800F00700B84251D128680D
:102D80003B4C810712D5400703D5606840F4E060F2
:102D900060602878000703D5606840F46050606088
:102DA0006068A96820F0F000084360602878C007D8
:102DB00028D06868012810D02168022810D089071F
:102DC00000292EDA616821F0030101436160FFF7F9
:102DD000B3F9804641F288390DE021688903EFE7B5
:102DE0008901EDE7FFF7A8F9A0EB0801494502D9F1
:102DF0000320BDE8F0876068696800F00C00B0EB64
:102E0000810FEFD1306800F00700B8420BD930686D
:102E100020F0070038433060306800F00700B84207
:102E200001D00120E5E72878400705D56068E9680A
:102E300020F4E060084360602878000706D56068E9
:102E4000296920F4605040EAC100606000F058F841
:102E50006168084AC1F30311515CC8400649086023
:102E600006480068FFF7FEFD0020C2E70020024090
:102E700000100240349500082C010020240100209D
:102E80000F2202600C4A536803F003034360536847
:102E900003F0F0038360536803F4E063C360526897
:102EA0004FF4E06303EAD20202610448006800F0D4
:102EB0000700086070470000001002400020024038
:102EC0000448054900684968044AC1F30221515C7D
:102ED000C84070472C0100200010024044950008B3
:102EE0000448054900684968044AC1F3C221515C9D
:102EF000C84070472C010020001002404495000893
:102F00000E4A51680E4801F00C03042B11D0082B17
:102F10000FD10C48C1F38343C903C05C0AD5516883
:102F2000084AC1F34041921E515C054A5043B0FB30
:102F3000F1F0704704494843704700000010024018
:102F400000127A001295000800093D002DE9F84FA3
:102F5000040070D02078C04DC00749D06868C0F325
:102F60008100012807D06868C0F38100022809D1D8
:102F70006868C00306D52868800339D560680028D2
:102F8000E7D035E06068B0F5803F0BD010B1B0F508
:102F9000A02F11D0286820F480302860286820F401
:102FA000802002E0286840F480302860606890B19A
:102FB000FFF7C2F806460AE0286840F4802028603F
:102FC000F0E700BFFFF7B8F8801B642873D82868C3
:102FD0008003F7D50CE0FFF7AFF8064605E000BF29
:102FE000FFF7AAF8801B6428F0D828688003F7D47C
:102FF00020789A4E80074FF001094FF0000839D52C
:10300000686810F00C0F07D06868C0F381000228D0
:1030100009D16868C00306D42868800714D52069E0
:10302000012808D110E02069B0B1C6F80090FFF780
:1030300083F8074605E00AE1FFF77EF8C01B022887
:10304000C4D828688007F7D52868616920F0F8009F
:1030500040EAC10028600DE0C6F80080FFF76CF878
:10306000074604E0FFF768F8C01B022823D8286849
:103070008007F7D4207800072CD57948A169D9B109
:10308000C0F80090FFF758F8074604E0FFF754F83F
:10309000C01B02280FD8686A8007F7D571484FF423
:1030A000FA510068B0FBF1F0009000BF0098411E9B
:1030B0000091FAD20EE080E0C0F80080FFF73CF803
:1030C000074604E0FFF738F8C01B022875D8686A85
:1030D0008007F7D42078400760D5E8690027C00052
:1030E00008D4E86940F08050E861E869012700F001
:1030F000805000905C480168C90513D4016883467C
:1031000041F480710160FFF717F8824606E000BFC6
:10311000FFF712F8A0EB0A0064284ED8DBF8000095
:10312000C005F5D5E06801280AD008B1052813D0FC
:10313000286A20F001002862286A20F0040002E0DA
:10314000286A40F001002862E06841F2883B98B1AB
:10315000FEF7F2FF82460BE0286A40F00400286286
:10316000EEE700BFFEF7E8FFA0EB0A0159455AD889
:10317000286A8007F6D50CE0FEF7DEFF824605E000
:10318000FEF7DAFFA0EB0A0159454CD8286A800700
:10319000F6D41FB1E86920F08050E861E06988B397
:1031A0006968C1F38101022944D00228C6F8608011
:1031B00004D0FEF7C1FF044638E034E0FEF7BCFF60
:1031C000074604E0FEF7B8FFC01B02282BD828688A
:1031D0008001F7D4206AB0F5803F05D16868A16806
:1031E00020F4003008436860D4E9080108436968A6
:1031F00021F4741108436860C6F86090FEF79CFFE4
:10320000044606E025E000BFFEF796FF001B0228FB
:1032100009D828688001F7D51BE000BFFEF78CFFB6
:10322000001B022802D90320BDE8F88F286880011E
:10323000F4D40EE00128F7D06868226A00F48031E7
:10324000914204D1616A00F47010884201D00120DB
:10325000EAE70020E8E700000010024000004242D8
:10326000800442422C01002000700040024850F8C7
:10327000210080B270470000006C0040024800EB63
:10328000810091B201607047006C004070B504008D
:1032900003D0607C002610B105E0012070BD2674CB
:1032A000204600F03DF802206074204600F00AF944
:1032B000042550BB204602F06EF830BB2068416800
:1032C00021F007014160A06820B11448016821F095
:1032D000010101601148001F0168A26821F46071BA
:1032E000114301606068411C04D10120FFF76AFCB2
:1032F00058B1401E2268C0F303419160216880B23A
:10330000C860204602F062F808B16574C5E7E6734C
:1033100001206073A0736074002070BD306C0040A9
:1033200008B50068084988420DD1FFF745FC0748F9
:10333000C16941F00061C161C069054900F00060E8
:1033400000900120086008BD0028004000100240E5
:103350003C0442422DE9F0410D4604003BD0C5B388
:10336000207C01283AD04FF0010884F81080022018
:103370006074E87872B302F005F8E073687802F0E0
:1033800001F86073A87801F0FDFFA073C2B2617B01
:10339000E07B02F04DF820732870204602F038F8E8
:1033A0004FF46161B0FBF1F1002518292DD91822E5
:1033B000B1FBF2F1A1EB011101EB4101C1EB0111F4
:1033C00000EBC1163146204602F0AAF80427C8B91E
:1033D0000BE000E004E00120BDE8F0810220FBE703
:1033E000E07368786073A878CFE7204602F009F8A8
:1033F000411C0AD0B04208D206490144204602F0DE
:1034000042F810B167742574E5E784F811802574DB
:103410000020E1E7805101002DE9F0410D46040054
:1034200024D01DB3207C012823D04FF0010884F85C
:103430001080022060742878EAB101F0A3FF4FF4F5
:10344000616100FB01F6687801F09CFFC0EB0010A1
:1034500006EB8006A87801F095FF3518294620462E
:1034600002F05EF80026042710BB0FE00120BDE843
:10347000F0810220FBE74FF4616148436978C1EBBA
:10348000011100EB8100A9784518E7E72068416841
:1034900021F005014160204601F0B3FF411C0AD034
:1034A000A84208D206490144204601F0ECFF10B1C1
:1034B00067742674DAE784F8118026740020D6E752
:1034C0008051010070B504000AD02068416821F0E5
:1034D00008014160FEF730FE05464FF47A7608E0B9
:1034E000012070BDFEF728FE401BB04201D9032029
:1034F00070BD206840680007F4D5002070BD70479B
:103500007047000070B590F83C20012A26D00124B5
:1035100080F83C40022280F83D2003685A689D688C
:1035200022F070060A6832435A600D4B02689A42D4
:1035300008D0B2F1804F05D00A4B9A4202D00A4B14
:103540009A4204D1496825F080031943916080F8BC
:103550003D40002180F83C10084670BD022070BD3F
:10356000002C0140000400400008004010B5040099
:1035700003D094F83D0010B107E0012010BD0020F9
:1035800084F83C00204600F01FF8022084F83D003B
:10359000211D206802F066F8012084F8460084F8B6
:1035A0003E0084F83F0084F8400084F8410084F82D
:1035B000420084F8430084F8440084F8450084F80D
:1035C0003D00002010BD000008B5154A01681548EF
:1035D00091420ED1C16941F00201C161C06900226E
:1035E00000F00200009005211D20FFF7B3FA1D2016
:1035F00010E00D4A914211D1C16941F00401C1614D
:10360000C069002200F00400009005211E20FFF791
:10361000A1FA1E20BDE80840FFF78EBA08BD0000E1
:1036200000040040001002400008004090F83D10E7
:10363000012901D001207047022180F83D10016866
:10364000CA6842F00102CA6000680B49884208D08B
:10365000B0F1804F05D00949884202D0084988421C
:1036600004D1816801F00701062903D0016841F007
:103670000101016000207047002C0140000400405F
:103680000008004001680A6A41F211131A4207D18A
:103690000A6A9B101A4203D10A6822F001020A60EA
:1036A000012180F83D100020704770B5044690F865
:1036B0003C000025012817D0012684F83C60022038
:1036C00084F83D002068826822F0770222F47F426D
:1036D00082600868502838D00DDC20284FD005DCE7
:1036E00090B3102811D14AE0022070BD302846D096
:1036F00040280AD13BE060282FD070280DD0B0F5CB
:10370000805F03D0B0F5005F12D0012584F83D60E2
:10371000002084F83C00284670BDCB68D1E9012127
:10372000206801F0DBFF2068816841F0770109E043
:10373000CB68D1E90121206801F0D0FF20688168C1
:1037400041F480418160E1E719E0CA684968206876
:1037500001F0D6FF5021206806E0CA684968206859
:1037600001F0DFFF6021206801F0C2FFCEE7CA68E8
:103770004968206801F0C4FF40212068F4E722680E
:1037800001461046F0E770472DE9F0410446006815
:10379000C66805694FF00007A90713D5B10711D511
:1037A000F91E01610120207720688069800720468A
:1037B00002D0FFF7E8FF04E000F07EF8204600F0BA
:1037C0007CF82777680716D5700714D521686FF045
:1037D00004000861022020772068806910F4407F8F
:1037E000204602D0FFF7CFFF04E000F065F8204646
:1037F00000F063F82777280715D5300713D521681F
:103800006FF008000861042020772068C0698007F5
:10381000204602D0FFF7B7FF04E000F04DF8204645
:1038200000F04BF82777E80616D5F00614D5216886
:103830006FF010000861082020772068C06910F43C
:10384000407F204602D0FFF79EFF04E000F034F8EE
:10385000204600F032F82777E80708D0F00706D0B6
:1038600021686FF001000861204600F027F8280663
:1038700008D5300606D521686FF080000861204623
:10388000FFF73DFE680608D5700606D521686FF083
:1038900040000861204600F043F8A8060AD5B006AB
:1038A00008D521686FF0200008612046BDE8F0418E
:1038B000FFF726BEBDE8F0817047704770B504463B
:1038C0000068104DA84201D1FFF7B2F82068A84265
:1038D0000BD10D480168491C0160B1F5FA7F0FD387
:1038E000002101600120094909E00949884207D106
:1038F0000848FFF7C7FE084802F000FA07490870B9
:1039000070BD0000002C0140240000201C0000209D
:1039100000080040A0080020A40100202000002092
:103920007047704710B504460068406994F841102C
:10393000C0F3C010212911D180B12068143050E8A3
:10394000001F21F0800140E80012002AF5D1A06B91
:1039500008B1FEF7CDF8204601F0AEFF20684069BF
:1039600094F84210C0F38010222911D180B1206850
:10397000143050E8001F21F0400140E80012002AF6
:10398000F5D1E06B08B1FEF7B3F8204601F06DFF0A
:10399000002010BD70470000F8B5016804460868B3
:1039A000CA684B6910F00F0F4FF0000559D003F0B3
:1039B000010602F49077374365D0C10705D0D105E1
:1039C00003D5616C41F001016164410705D5D90758
:1039D00003D0616C41F002016164810705D5D9070C
:1039E00003D0616C41F004016164010707D502F066
:1039F0002001314303D0616C41F008016164616CC6
:103A000000293AD0800604D5900602D5204601F060
:103A100061FF20684069616CC0F38010090700D421
:103A200060B3204601F021FF20684069400621D59F
:103A30002068143050E8001F21F0400140E80012D7
:103A4000002AF5D1E06BA8B16D494163E06BFEF748
:103A500073F8002811D0E06B416B01B0BDE8F04075
:103A6000084783060FD593060DD52046BDE8F840DC
:103A700001F030BF2046FFF78DFFF8BD2046FFF76D
:103A800089FF6564F8BD266B2023012E7CD1C60614
:103A90007AD5D60678D508684868009048694FF00E
:103AA0000206400640D5E16B086840680004000C3F
:103AB000E8D0A28D8242E5D9E085886920282DD002
:103AC00020680C3050E8001F21F4807140E800129B
:103AD000002AF5D12068143050E8001F21F00101C0
:103AE00040E80012002AF5D12068143050E8001F89
:103AF00021F0400140E80012002AF5D184F842305C
:103B0000256320680C3050E8001F21F0100140E8C8
:103B10000012002AF5D1E06BFDF7EAFF6663A08D85
:103B2000E18D401A81B22AE0A08DE18D401A81B268
:103B3000E08D0028A6D00029A4D022680C3252E8DB
:103B4000000F20F4907042E80007002FF5D12068A4
:103B5000143050E8002F22F0010240E80027002F27
:103B6000F5D184F84230256320680C3050E8002FEE
:103B700022F0100240E80023002BF5D166632046B6
:103B8000FFF7CFFEF8BDFFE705062BD5150629D5B3
:103B900094F841002128F5D1A068B0F5805F01D1EB
:103BA0002069B0B1206A411C216221680078486018
:103BB000E08C401E0004000CE084E3D12068C16862
:103BC00021F08001C1602068C16841F04001C160FE
:103BD000D8E7206A0088C0F308004860206A801C8B
:103BE0002062E5E74006CDD55006CBD5CA68204611
:103BF00022F04002CA6084F8413000F0E3F9C1E7E6
:103C00006D57000870B5040004D094F841000025F9
:103C100010B106E0012070BD84F84050204600F04D
:103C200023F8242084F841002068C16821F4005161
:103C3000C160204601F0B0FE2068016921F4904186
:103C400001612068416921F02A0141612068C16851
:103C500041F40051C1606564202084F8410084F87B
:103C600042006563002070BD2DE9F04786B0002456
:103C70000094019402940394054603685C48DFF8BD
:103C80006CC102210322DFF86C81061580274FF0FA
:103C900020094FF4005A634538D1836943F48043C7
:103CA0008361836903F480430493836943F00403CD
:103CB00083618069039200F0040004900802CDE95A
:103CC000000169464046FEF741F9CDE900646946C6
:103CD00040460294FEF73AF9484E474806F114036D
:103CE000C6E90004C6E90247346183E8100630469D
:103CF000FEF718F808B1FDF739FCEE630022052144
:103D000025207562FEF726FF252029E0DFF8F0C0A8
:103D100063452AD1C36943F40033C361C36903F423
:103D200000330493836943F0040383618069039241
:103D300000F0040004900420CDE9000169464046EB
:103D4000FEF704F90820CDE90004694640460294D4
:103D5000FEF7FCF8002205212620FEF7FBFE2620B8
:103D6000FEF7EAFE06B0BDE8F087DFF898C06345CD
:103D7000F8D1C36943F48023C361C36903F480238A
:103D80000493836943F0080383618069CDE900618E
:103D900000F00800CDE903201B4E69463046FEF7CF
:103DA000D5F8F014CDE90004694630460294FEF7D8
:103DB000CDF8124E104844362838C6E90004C6E94A
:103DC000024706F11403346183E810063046FDF71C
:103DD000A9FF08B1FDF7CAFBEE63002205212720E9
:103DE0007562FEF7B7FE2720BAE7000000380140F1
:103DF000001002400008014058000240C00B0020A3
:103E00000044004000480040000C014090F842305F
:103E1000202B01D00220704721B11AB10023036387
:103E200001F016BE0120704770B5006810490025EA
:103E300088420AD10F4C6B1E20784142CAB20E490B
:103E400001440E4800F06EF810E00D4988420ED192
:103E50000C4C20784142CAB20B4901440B48FDF793
:103E60006DFB002802DA0AA001F0D0FF257070BDBA
:103E70000038014034000020E8080020780B0020C2
:103E80000048004035000020E8090020A40100207F
:103E90004649464F2046756C6C0A000070B50068B4
:103EA0001549884210D1154C4FF0FF332078C0F1EE
:103EB0008001CDB212492A460144124800F032F87E
:103EC00020782844207070BD0F498842FBD10F4DE7
:103ED0002878C0F18001CCB20D49224601440D483A
:103EE000FDF72CFB002802DA0BA001F08FFF2878E9
:103EF0002044287070BD00000038014034000020CC
:103F0000E8080020780B0020004800403500002021
:103F1000E8090020A40100204649464F2046756C60
:103F20006C0A00002DE9F843044690F841009846D9
:103F300016460D46202802D00220BDE8F88385B140
:103F40007EB100206064212084F84100FEF7F4F87F
:103F5000A6848146E684A0682027B0F5805F02D061
:103F600003E00120E9E7206910B12E4600250EE0AC
:103F700000260CE08021204601F0B2FDA8B9C6B1B0
:103F800016F8010B21684860E08C401EE084E08C4C
:103F90004B464FF00002CDF800800028EAD14FF0E8
:103FA0004001204601F09CFD40B184F8417003209F
:103FB000C3E735F8020BC0F30800E3E784F841706B
:103FC0000020BAE77047FEE701684A69D24352050C
:103FD0000FD46FF480624A61002140F8301F202224
:103FE00042738173026942F004020261017301208D
:103FF00070470020704700002DE9F84F0446C06A62
:104000001E4693460D4621680A6842F480620A60A3
:10401000082807D0012805D010F5803F02D0206B7A
:10402000112804D12068016841F4807101604FF0CB
:1040300001195B46002249462046009600F09EF991
:104040004FF4007840B120680068C00501D5C4F87D
:1040500040800320BDE8F88F2069DFF884A0B0F528
:10406000804F0FD00620216800EAD51747F0F000F6
:10407000086133465A460AF10601204600F0C6F9A7
:1040800058BB03E0E8B240F001001CE02168E8B250
:10409000086133465A465146204600F0B7F9E0B968
:1040A0002068416981690091016841F48071016073
:1040B0005B46002249462046009600F05FF9002842
:1040C000C1D147F0F1002168086133465A46514694
:1040D000204600F09BF90028BCD00120BAE7000080
:1040E00002000100F8B50446C06A1E460D46174698
:1040F000082807D0012805D010F5803F02D0206B9A
:10410000122804D12068016841F4807101601346CF
:1041100000224FF001112046009600F02FF940B127
:1041200020680068C00502D54FF4007020640320A9
:10413000F8BD2069B0F5804F0ED00620216800EA56
:10414000D51040F0F000086133463A460B4920464E
:1041500000F05CF978B902E005F0FE0000E0E8B29A
:1041600021680861054933463A46891F204600F018
:104170004DF90028DCD00120F8BD00000800010046
:104180002DE9F84F0446006889460B9D0168984662
:10419000174641F4806101602068016841F4807134
:1041A000016000954FF0011B0022594620460A9BF2
:1041B00000F0E4F84FF4007A40B120680068C005D0
:1041C00001D5C4F840A00320BDE8F88F216809F0AC
:1041D000FE0008612B46284920460A9A00F016F98D
:1041E000F0BB20684169806900902A4620460A9900
:1041F00000F0A2F940B1206C04283AD1206801688F
:1042000041F40071016034E0FEB2B8F1010F09D051
:104210002168380A08612A4620460A9900F08CF97C
:104220000028E8D1206806612A4620460A9900F055
:1042300083F90028DFD12068016841F480710160B2
:1042400000950022594620460A9B00F097F8002866
:10425000B3D1216809F0FF0040F00100086100E0DF
:1042600007E02B46044920460A9A00F0CFF80028C0
:10427000AAD00120A8E70000020001002DE9F843C0
:10428000044600680D46DDE9089701689846164621
:1042900041F4807101604B4600224FF0011120462D
:1042A000009700F06BF848B120680068C00502D59F
:1042B0004FF4007020640320BDE8F883216805F006
:1042C000FE0008613B464A461549204600F09EF82C
:1042D00088B920684169806900903A46494620467D
:1042E00000F02AF948B1206C042804D12068016844
:1042F00041F4007101600120DEE7F5B2B8F1010F71
:1043000009D02168300A08613A464946204600F043
:1043100013F90028E7D1206805610020CCE70000F0
:104320000200010070B516460D4604461EE0204608
:10433000FFF74AFE08B1012070BD681C16D0FDF7DA
:10434000FBFE801BA84200D885B920684069C043A5
:1043500040070BD5002044F8300F20216173A07373
:10436000216941F0200121612073E4E72068406960
:10437000C0434007DBD4002070BD00002DE9F047AA
:10438000984617460D460446C1F30746DDF82090CF
:104390002AE000BFB8F1FF3F26D0FDF7CDFEA0EB2D
:1043A0000901414502D8B8F1000F1DD12068012E46
:1043B00016D0806925EA00000004000C12D000200D
:1043C000B84211D1002044F8300F20216173A0734E
:1043D000216941F02001216120730120BDE8F087AF
:1043E0004069E7E70120EBE72068012E0AD08069E9
:1043F00025EA00000004000C06D00020B842C9D015
:104400000020EBE74069F3E70120F7E72DE9F047EB
:10441000984616460D4604464FF000094FF0200A14
:10442000C1F3074723E020684069C043400515D425
:104430002068016841F40071016021686FF48060B8
:104440004861C4F8309084F83DA084F83E90216C17
:1044500041F00401216484F83C9021E0701C06D0F6
:10446000FDF76AFEA0EB0800B04203D816B1012F99
:104470001FD021E02068012F15D0806925EA0000B7
:104480000004000C18D000BF44F8309F84F80DA041
:1044900084F80E90216941F02001216184F80C908C
:1044A0000120BDE8F087406925EA00000004000C07
:1044B000EAD12068406901E02068806925EA0000AF
:1044C0000004000CAFD1ECE72DE9F0410025904647
:1044D0000E460446202728E04069C043C0060CD49D
:1044E00054F8301B6FF01000486144F8105967779A
:1044F000A577206A2062257714E0FDF71DFEA0EB6A
:104500000800B04200D886B920684069C043400620
:104510000BD544F8305F6773A573206940F0200025
:10452000206125730120BDE8F08120684169C943FD
:104530004906D1D40020F6E770B516460D4604466C
:104540001EE02046FFF740FD08B1012070BD681C49
:1045500016D0FDF7F1FD801BA84200D885B9206870
:104560004069C04300060BD5002044F8300F2021DD
:104570006173A073216941F0200121612073E4E798
:1045800020684069C0430006DBD4002070BD0000F5
:104590007CB500258DF8045047208DF80500FF24D8
:1045A0008DF80640032301AA82210B480094FDF7F1
:1045B000B5FF0520FDF71CFC05208DF80400142034
:1045C0008DF805008DF80650032301AA82210248C8
:1045D0000094FDF7A3FF7CBDF007002070B500F04C
:1045E00059F8064600F03AF8044600F06FF8054620
:1045F0003046FCF77CFA1349FCF76AF80646204679
:10460000FCF775FA1049FCF763F81049FCF792F8CB
:1046100004462846FCF76BFA0D49FCF759F80546A5
:104620000C492046FCF754F8FCF773FA0A4CE0807A
:104630003046FCF76EFA20812846FCF76AFA608162
:1046400070BD0000CDCCCC3D0000A03F00007A44FE
:10465000000020400000C842B00D00203EB50BA075
:10466000FF2400680290012302AA822100940848D6
:10467000FDF754FF022301AA822105480094FDF7AB
:1046800025FEBDF8040040BA3EBD00000200000057
:10469000F00700203EB50BA0FF2400680290012324
:1046A00002AA822100940848FDF738FF022301AADC
:1046B000822105480094FDF709FEBDF8040040BAC8
:1046C0003EBD000004000000F00700203EB50BA036
:1046D000FF2400680290012302AA82210094084866
:1046E000FDF71CFF022301AA822105480094FDF773
:1046F000EDFDBDF8040040BA3EBD0000030000001F
:10470000F00700200A4B012808D002280ED1C00172
:10471000012906D0002909D1012203E04FF40070DD
:10472000F6E7002201461846FDF700BD704700007D
:10473000000C014070B590B040216846FBF7C1FD08
:10474000022369A20421002000F086FDFCF710FF7F
:1047500001466AA001F05AFB6BA16D48FBF7F0FD22
:104760006C4C002626706CA1684601F05FFB684621
:10477000FBF7C4FD82B24FF47A752B4669466C484C
:10478000FFF7D0FB284600F0DFFF02287ED026701E
:10479000FCF7EEFE024667A1684601F047FB68465B
:1047A000FBF7ACFD82B22B4669466148FFF7BAFBC6
:1047B000284600F0C9FF0228E8D0267061A16846AB
:1047C000FBF7BEFD6846FBF799FD82B22B466946B2
:1047D0005748FFF7A7FB41F2883000F0B5FF0228E9
:1047E00078D02670FCF7C4FE02465FA1684601F04F
:1047F0001DFB6846FBF782FD82B22B4669464C489A
:10480000FFF790FB284600F09FFF022862D0267039
:10481000FCF7AEFE02465EA1684601F007FB684663
:10482000FBF76CFD82B22B4669464148FFF77AFBE5
:10483000284600F089FF02284CD02670FCF798FE2D
:1048400002465FA1684601F0F1FA694667A001F0EF
:10485000DDFA6846FBF752FD82B22B4669463448C2
:10486000FFF760FB284600F06FFF022832D0267069
:1048700060A1684601F0DAFA6846FBF73FFD82B2B4
:104880002B4669462A48FFF74DFB00E022E0284608
:1048900000F05AFF02281DD026705AA1684601F088
:1048A000C5FA5BA11A48FBF74BFD6846FBF726FDEE
:1048B00082B22B4669461E48FFF734FB584800F089
:1048C00043FF01284FF0020307D007A20421002074
:1048D00000F0C2FC002010B070BD52A204210020E4
:1048E00000F0BAFC0120F6E74D515454536572763E
:1048F00065722E2E2E202D2D00000000637075692C
:10490000643A25730A0000004F4B0D0A00000000B6
:104910004C0400202000002041542B4454555441A5
:10492000534B3D2231222C223230220D0A0000004E
:10493000780B002041542B4D5154543D22257322B5
:104940000D0A000041542B4D51545449503D2262F0
:10495000726F6B65722E656D71782E696F222C22D5
:1049600031383833220D0A0041542B4D51545453E1
:1049700055423D302C2253544D333256392F446F1B
:10498000776E4C6F61642F2573222C300D0A000066
:1049900041542B4D515355423D2231222C2231227C
:1049A0002C2234222C2253544D333256392F446F4B
:1049B000776E4C6F61642F2573220D0A0000000092
:1049C00041542B4D515055423D2231222C2231224F
:1049D0002C2234222C2253544D333256392F555029
:1049E0004C6F61642F2573220D0A00006275663DCD
:1049F00025730A0041542B4D514D554C54454E3DA5
:104A0000300D0A0041542B524553540D0A0000004A
:104A10004D5154545F434F4E4E4543543A000000AD
:104A200020BF02004D5154545365727665722E2E8C
:104A30002E204F4B0000000000F008F841F28834AF
:104A400000F08EF8204602F047FDF9E710B5FFF7B9
:104A500071FE012804D10349087003A001F0D6F9C2
:104A6000012010BD1F0000204D51545420E69C8DA4
:104A7000E58AA1E599A8E8BF9EE68EA5E68890E5BF
:104A80008A9F20200A0000002DE9F04101F00CFF70
:104A9000070039D025A101F0F9FE064625A13846C8
:104AA00001F0F4FE054625A1384601F0EFFE04466C
:104AB00024A1384601F0EAFE0146244836B1726965
:104AC000002A028825D042F00102028035B16A69CD
:104AD000002A028820D042F00202028034B16269CA
:104AE000002A02881BD042F00402028031B14969D9
:104AF0000029018816D041F008010180384601F0F4
:104B00009DFE0120BDE8F08111A001F07FF9002099
:104B1000F8E722F00102D8E722F00202DDE722F0F6
:104B20000402E2E721F00801E7E700004C454431C8
:104B3000000000004C454432000000004245455052
:104B40000000000052454C4159000000B00D00200B
:104B50007061727365206661696C2E0A0000000046
:104B600010B5164886B00DF1040C0189C4898389FB
:104B700042898CE81E00C18800918388428810A178
:104B80001E4801F053F91D4A1DA102F1800001F0F9
:104B90004DF91A491AA0803101F038F917488030D0
:104BA000FBF7ACFB154982B24FF47A73803115489C
:104BB000FFF7B8F906B0012010BD0000B00D0020CD
:104BC0007B225450223A25642C225248223A2564F2
:104BD0002C22564F223A25642C224355223A256432
:104BE0002C225057223A25642C225652223A256410
:104BF0002C22435055223A25647D0000CC0200202F
:104C000025730000780B00203EB50021124800916A
:104C10000191104A029102608160017301750124C3
:104C20004FF460220461C2614160FCF7A9FD08B144
:104C3000FCF79CFC07200094CDE90140694606483A
:104C4000FCF71CFD08B1FCF791FC0348FCF7AAFC3B
:104C50003EBD000000240140C00700200D4808B5FB
:104C6000416941F0010141614069002200F0010009
:104C7000009005210D20FDF76DFF0D20FDF75CFF75
:104C8000002205210F20FDF765FFBDE808400F2039
:104C9000FDF752BF0010024010B58EB01C220B4928
:104CA0006846FBF7F5FA0021684602F021FC084C43
:104CB00006491C2220601C3107A8FBF7E9FA0021F5
:104CC00007A802F015FC60600EB010BDD892000875
:104CD0002C0000202DE9F04186B000253C480095CD
:104CE000019502950395816941F010018161816907
:104CF00001F010010491816941F020018161816915
:104D000001F020010491816941F004018161816910
:104D100001F004010491816941F008018161806919
:104D20002C4F00F008004FF400540490002221465C
:104D30003846FDF7FBF9DFF8A08000220621404647
:104D4000FDF7F4F901224FF440714046FDF7EEF90A
:104D5000009401AA0124022682E8700069463846C0
:104D6000FDF7F4F840F202308DE8710069464046E4
:104D7000FDF7ECF804208DE831000320039069462C
:104D80004046FDF7E3F8154D4FF22000CDE9000550
:104D9000694602944046FDF7D9F82002CDE90005A6
:104DA000694602940E48FDF7D1F80022052117202C
:104DB000FDF7D0FE1720FDF7BFFE002205212820B9
:104DC000FDF7C8FE2820FDF7B7FE06B0BDE8F0816C
:104DD0000010024000100140000C014000002110B2
:104DE000000801400D4810B50B4901600C494160B5
:104DF00000214FF480428160C0E90312416181616A
:104E0000C1610162FDF79EF9002803D0BDE81040A2
:104E1000FCF7ACBB10BD000000540040F0070020C0
:104E2000A086010030B58DB000202A490C90284A98
:104E30000B900A60421EC1E901200846FEF726FADF
:104E400008B1FCF793FB01212248FEF70FFA45F267
:104E50005105A84239D010208DF8300020208DF85F
:104E6000310030208DF8320001220CA91948FEF7DC
:104E7000D3FA08B1FCF77AFB04248DF82C40092002
:104E80008DF82D008DF82E4025208DF82F00012261
:104E90000BA91048FEF75EFA08B1FCF767FB7D200E
:104EA00005900820CDE903400B20029001900A20D4
:104EB00000906846FBF798F90146064800F0F8FABA
:104EC0002A4601210348FEF7D9F90DB030BD000094
:104ED000002800404408002010B586B00024174880
:104EE000009401940294039404941349059401607E
:104EF00040F60F61C0E901146421C0E90314846124
:104F0000FEF734FB08B1FCF731FB4FF48050009002
:104F100069460A48FEF7C9FB08B1FCF727FB049471
:104F200004A906480594FEF7EDFA002801D0FCF725
:104F30001DFB06B010BD0000000400405808002012
:104F400010B586B00024174800940194029403948D
:104F5000049413490594016041F61F41C0E901140E
:104F60006421C0E903148461FEF700FB08B1FCF77B
:104F7000FDFA4FF48050009069460A48FEF795FB11
:104F800008B1FCF7F3FA049404A906480594FEF767
:104F9000B9FA002801D0FCF7E9FA06B010BD00000C
:104FA00000080040A00800200C4810B50A49016024
:104FB0004FF4E1314160002181600C22C160C0E901
:104FC00004128161C161FEF71DFE002803D0BDE817
:104FD0001040FCF7CBBA10BD00380140E80A0020B1
:104FE0000C4810B50A4901604FF4E13141600021DD
:104FF00081600C22C160C0E904128161C161FEF7C9
:1050000001FE002803D0BDE81040FCF7AFBA10BD88
:1050100000440040300B00200C4810B50A490160E4
:105020004FF4E1314160002181600C22C160C0E990
:1050300004128161C161FEF7E5FD002803D0BDE8DF
:105040001040FCF793BA10BD00480040780B0020D8
:10505000FEE700F009F801F089FF00F029F80A20C6
:1050600002F03AFAF7E7000038B50B49002000F0EB
:105070006BFA094C09A0641E617800F0C7FE00209D
:1050800000904FF4E1330246617801F009FFBDE87A
:10509000384001F025BD00001D000020536C6176F2
:1050A00065416464726573733D25640A0000000005
:1050B00070B5204C2078002630B12670FCF708F936
:1050C000FFF78CFAFCF73AF8A0781B4D70B1A67088
:1050D000A97C6170002000F085FE0A20FCF788FEA4
:1050E00001F0EEFC01F0DCFCFFF7BEFF2878C00702
:1050F00001D0012100E000210120FFF703FB287807
:10510000800701D5012100E000210220FFF7FAFA13
:105110002878400701D5012000E00020FCF782F943
:105120002878000701D5012000E00020BDE870408C
:1051300000F018B91C000020B00D0020FEE7002090
:10514000AFF3008070B506465FF0000404F1B000D4
:10515000C0B200F023FE002000F020FE102000F07E
:105160001DFE0025304600F02BFE6D1CEDB2802D9B
:10517000F8D3641CE4B2082CE8D370BD10B501204C
:10518000FCF736FEAE2000F009FE202000F006FEFF
:10519000102000F003FEB02000F000FEC82000F058
:1051A000FDFD002000F0FAFD102000F0F7FD40208A
:1051B00000F0F4FD812000F0F1FDFF2000F0EEFD95
:1051C000A12000F0EBFDA62000F0E8FDA82000F0F3
:1051D000E5FD3F2000F0E2FDA42000F0DFFDD3203C
:1051E00000F0DCFD002000F0D9FDD52000F0D6FD58
:1051F000F02000F0D3FDD92000F0D0FD222000F0F7
:10520000CDFDDA2000F0CAFD122000F0C7FDDB2042
:1052100000F0C4FD202000F0C1FD8D2000F0BEFD97
:10522000142000F0BBFDBDE81040AF2000F0B6BD7B
:1052300010B50446B031C8B200F0B0FD102040EA0D
:10524000141000F0ABFD04F00F00BDE8104040F07A
:10525000010000F0A3BD00002DE9F04700259146B4
:105260008A460446012B22D0DFF8BC80022B24D1D1
:1052700055E02038C7B27E2C04D90AF10100002481
:1052800000F0FF0A51462046FFF7D2FF07EB470028
:10529000002608EB4007B85D00F092FD761CF6B2E0
:1052A000062EF8D3A41D6D1CE4B2EDB201E0DFF8C8
:1052B0007C8019F805000028DBD1BDE8F087203894
:1052C000C7B2782C04D90AF10100002400F0FF0ACB
:1052D00051462046FFF7ACFF5FF0000606EB0711D2
:1052E00018F8010000F06CFD761CF6B2082EF5D31C
:1052F0000AF10100C1B22046FFF79AFF5FF00006F5
:1053000006EB071101EB0800007A00F059FD761C4E
:10531000F6B2082EF4D308346D1CE4B2EDB219F8DD
:1053200005000028CBD1C8E7E88C0008C08A000837
:10533000D0E94010814201D1012070470020704720
:10534000D0F80411D0F80001491CCA1701EB126211
:1053500022F0FF02891A814201D10120704700200A
:1053600070470000064B012806D0002806D1002215
:1053700002211846FCF7DABE0122F9E77047000067
:10538000000C0140010901EB810100F00F0000EB6E
:105390004100C0B2704770B50446FCF7CDFE05462B
:1053A0004FF47A7606E0FCF7C7FE401BB04201D905
:1053B000032070BD206840688006F4D520684168ED
:1053C00041F010014160002070BD000070B504463E
:1053D0000068416821F010014160FCF7ADFE054610
:1053E0004FF47A7607E000BFFCF7A6FE401BB04200
:1053F00001D9032070BD206840688006F4D50020E4
:1054000070BD0168086A496A89B241EA0040704784
:10541000006881698AB2C1698BB2816989B28A42A6
:1054200003D0C06961F31F40704743EA02407047F0
:10543000F0B56424C1EBC1030927A500072603EBDF
:1054400001130329B3FBF7F100F5FA60114401449D
:105450000AD2401EB0FBF4F201EB9001B0FBF5F074
:10546000891A0844001D08E0B0FBF4F201EB90013A
:10547000B0FBF5F0891A0844801CB0FBF6F106FB7E
:105480001100C0B2F0BD70B50D4606460024FFF70E
:1054900082FF48B93168280C08623168A8B24862B6
:1054A0003046FFF793FF00B10124204670BD000095
:1054B0002DE9F0410F4604460025FCF73DFE064667
:1054C0004FF47A7805E000BFFCF736FE801B4045BC
:1054D0001DD8206840688006F6D52068416841F0F4
:1054E000100141602168380C88612168B8B2C86138
:1054F0002068416821F010014160FCF71DFE06465E
:10550000474606E0FCF718FE801BB84201D901258A
:1055100003E0206840688006F4D52846BDE8F081A5
:1055200070B50D4606460024FFF735FF48B93168CF
:10553000280C88613168A8B2C8613046FFF746FF81
:1055400000B10124204670BD3EB50C4601254FF444
:105550007A710094CDE9015102462B46A1210548FC
:10556000FDF772F8207808B1FF2800D125700120DE
:105570003EBD0000F007002010B5502080F31188D8
:10558000BFF34F8FBFF36F8F03F0D2F918B1044907
:105590004FF080500860002080F3118810BD00009B
:1055A00004ED00E030B593B028216846FAF789FE93
:1055B00014210AA8FAF785FE002401210F94119402
:1055C000052012940090CDE9024110944FF48030F0
:1055D000019002250491CDE907504FF4E0100990A5
:1055E0006846FDF7B3FC08B172B6FEE70F20CDE9BF
:1055F0000A054FF48060CDE90C4002210AA80E9400
:10560000FDF7A8FB08B172B6FEE703200F904FF438
:1056100080701090C00111900FA8FDF725FB0028A5
:1056200001D072B6FEE713B030BD70470148FEF7F7
:10563000ABB80000480C0020054800680169C907A4
:1056400005D06FF001010161024800680047704712
:1056500058080020640000200148FEF795B80000BB
:10566000A0080020F0B50268194B1A4C1A4D4FF0F3
:105670008047984205D0B84203D0A04201D0A8424A
:1056800003D122F070064A683243984205D0B842EE
:1056900003D0A04201D0A84203D122F44074CA68CA
:1056A00022434C6922F08002224302608A68C2626F
:1056B0000A688262984201D109690163012141614E
:1056C0000169C90703D0016921F001010161F0BD41
:1056D000002C0140000400400008004010B5846820
:1056E00042EA032224F47F440A432243826010BD2D
:1056F000826822F070020A4342F00701816070471D
:1057000010B5036A046A24F001040462846924F079
:10571000F00444EA021423F00A020A43846102629C
:1057200010BD10B5036A046A24F010040462846991
:1057300023F0A00324F4704444EA023243EA011146
:105740008261016210BD000070B50546064C05E09F
:1057500028466D1E06D30120FCF74AFB207800285E
:10576000F6D0207870BD00002000002010B5406AFF
:105770000021C185C184FEF70DF910BD70B5446AE2
:105780002068406994F84110C0F3C0100025212919
:1057900004D118B1E584204600F08EF820684069F5
:1057A00094F84210C0F38010222904D118B1E58585
:1057B000204600F05AF8606C40F01000606420460B
:1057C000FEF7E8F870BD10B50146406A096809683F
:1057D0004FF0000289062ED4C28501680C3151E8D1
:1057E000003F23F4807341E80034002CF5D10168B8
:1057F000143151E8003F23F0010341E80034002C4C
:10580000F5D10168143151E8003F23F0400341E82D
:105810000034002CF5D1202180F84210016B0129C1
:1058200009D101680C3151E8003F23F0100341E831
:105830000034002CF5D14263016B012902D0FEF740
:10584000F3FA10BD818DFEF76CF810BD10B5406AFB
:1058500001214163016B012902D0FEF71FFB10BD3E
:10586000818D4908FEF75DF810BD01680C3151E8E3
:10587000002F22F4907241E80023002BF5D101683B
:10588000143151E8002F22F0010241E80023002BDF
:10589000F5D1016B012909D101680C3151E8002FC4
:1058A00022F0100241E80023002BF5D1202180F8DE
:1058B000421000210163704701680C3151E8002F4C
:1058C00022F0C00241E80023002BF5D1202180F80E
:1058D0004110704708B590F84210222901D00220EB
:1058E00008BD82684FF480539A4201D1016921B109
:1058F000816A9A421BD04AB10AE00268816A526802
:10590000C2F308020A80816A891C08E0026972B148
:105910000268526802F07F020A70816A491C816243
:10592000C18D491E0904090CC18503D01BE0026822
:105930005268F1E70168CA6822F02002CA60016873
:10594000CA6822F48072CA6001684A6922F00102C2
:105950004A61202180F8421000214163026B012A34
:1059600003D0FEF761FA002008BD016301680C3125
:1059700051E8002F22F0100241E80023002BF5D15E
:1059800001680A68D20602D50A6849680091818DCB
:10599000FDF7C7FFE7E7000070B50446006801693E
:1059A000E26821F44051114301612169A068084374
:1059B000616908432168CA6841F20C639A43024353
:1059C000CA6020684169A26921F4407111434161B4
:1059D0001E492068884202D1FDF782FA01E0FDF7F6
:1059E0006FFA00EBC00101EB0012606864218000D7
:1059F000B2FBF0F3B3FBF1F36FF018067343B2FBA5
:105A0000F0F5B2FBF0F605EB8305322303EB051549
:105A1000B5FBF1F5B6FBF1F605F0F00505EB061563
:105A2000B2FBF0F6B2FBF0F0B0FBF1F06FF0180251
:105A3000504306EB800003EB0010B0FBF1F021684F
:105A400000F00F002844886070BD0000003801405D
:105A500038B58162044682850020134660642222A4
:105A600084F84220E56B1B4AAA62E56B1A4AEA6297
:105A7000E56B1A4A2A63E26B50630A462168E06BC1
:105A8000091DFCF77DF920680168406800902069D5
:105A900048B120680C3050E8001F41F4807140E8A4
:105AA0000012002AF5D12068143050E8001F41F0A0
:105AB000010140E80012002AF5D12068143050E8B6
:105AC000001F41F0400140E80012002AF5D10020FB
:105AD00038BD0000C75700084D5800087D57000822
:105AE0002DE9F843984617460D460446089E24E0E3
:105AF000701C22D0FCF720FBA0EB0800B0421AD8A3
:105B0000CEB12068C168490717D5802D15D0402D2A
:105B100013D00168C94309070FD401680025406804
:105B200000902046FFF7A1FE0820606484F84050F2
:105B30000120BDE8F8830320FBE72068006835EA10
:105B4000000004D00020B842D2D00020F1E70120AC
:105B5000F9E7000010B50448FDF71EFFBDE810404E
:105B6000014800F031B80000E80A002010B50D4CE3
:105B700020680168890605D56FF0200101600A4898
:105B8000006880472068016809060AD5016849064F
:105B900007D56FF08001016004480068BDE810403F
:105BA000004710BD300B00205C000020600000208A
:105BB00010B50448FDF7F0FEBDE81040014800F0C4
:105BC00003B80000780B002038B504463C4B006851
:105BD0009D156FF002016FF00402984231D1036805
:105BE0009B0702D403685B0712D50160206802603E
:105BF000606C00F004006064606C00F0020060649F
:105C00002046FDF78FFE2A462E492046FEF7FEF875
:105C100020680168C943C90651D4016840680090F2
:105C2000294800684068294C41424FF0FF332078F2
:105C3000091ACDB223492A4601442548FEF772F9D4
:105C40003AE0244B98423AD103689B0702D4036898
:105C50005B0712D5016020680260606C00F00400F0
:105C60006064606C00F0020060642046FDF75AFE3C
:105C70002A4619492046FEF7C9F820680168C94339
:105C8000C9061CD401684068009014480068406848
:105C9000134C40422178401AC5B21248FDF7C6FCA9
:105CA0000D4821782A4601440F48FBF747FC00289D
:105CB00002DA0EA000F0AAF820782844207038BD3F
:105CC00000380140E8080020C00B0020340000200C
:105CD000780B002000480040E8090020040C002058
:105CE00035000020A0080020A40100204649464FAE
:105CF0002046756C6C0A0000FEE700002DE9F041BB
:105D0000070017D000241C4E4FF47A780BE03119AD
:105D10000D463846FBF7BAFB294643460122174891
:105D2000FEF700F9641C3846FFF702FB0028EED0AE
:105D3000002030551248007860B10A2211A10E48A7
:105D4000FAF7F1FA30B112A10B48FAF7C5FA08B127
:105D5000FEF79AFE084908482039FAF7BDFA10B153
:105D60000120BDE8F0810BA10348FAF7B5FA00283D
:105D7000F7D00220F5E700006C040020E80A0020BC
:105D80001F00002041542B4D5154545055420000E7
:105D90007B0000004552524F520D0A001CB50021F5
:105DA0008DF804108DF805004FF47A7000900223EE
:105DB00001AA78210148FCF7B1FB1CBDF0070020C7
:105DC0001CB540218DF804108DF805004FF47A7051
:105DD0000090022301AA78210148FCF79FFB1CBD1B
:105DE000F007002003B583B04FF47A73012204A9B1
:105DF0008DE80E0013460246A0210348FCF752FD31
:105E000005B0012000BD0000F00700200FB4054BD5
:105E100010B503A9044A029800F05CF910BC5DF8C3
:105E200014FB00000D730008980100200FB4084B0C
:105E300010B504A902AA039800F04CF9044602A97F
:105E4000002000F0DEFC204610BC5DF814FB0000D2
:105E5000036800080907090E002804DB00F1E020B0
:105E600080F80014704700F00F0000F1E02080F887
:105E7000141D704730B528B1144C031F0020216851
:105E80000A4605E0084630BD9A4203D810465268DB
:105E9000002AF9D1002800D041680BD00468A3EB98
:105EA0000005A54204D11B681C440346046002E0BF
:105EB000436000E023603AB11C68D51AA54203D1C3
:105EC00015682C441C6052685A6030BD9C0100204B
:105ED0002DE9F04782460F4C10480D4E0E4F001B27
:105EE0004FF0000820F007054FF00109002211468D
:105EF000504601F055FA002802D1306810B1002058
:105F0000BDE8F0873C60C4E90058C6F80090EDE7B2
:105F1000A0010020CC1A00209C010020C81C0020F9
:105F200002E008C8121F08C1002AFAD17047704762
:105F3000002001E001C1121F002AFBD170470000C0
:105F40002DE9FF5F82B00021DDE90430020DDDF8AC
:105F500040B0034318D044F61050A2F2FF3242433F
:105F60001514119801281FD0A5EB0B00401C5FEA07
:105F7000000A4FF000064E4FDFF83891B046504609
:105F800015D5CAF1000413E0119801244AA3012891
:105F900001D16FEA0B010298119AC0E90031C0E902
:105FA000024206B0BDE8F09FCBF10000DFE70446F7
:105FB0000021404A491842EB0450CDE9001012E09C
:105FC000E00707D032463B4640464946FAF797FC81
:105FD0008046894632463B4610461946FAF78FFC02
:105FE00006460F466410002CEAD1DDE90401DDE924
:105FF0000023BAF1000F06DAFAF781FC42464B465D
:10600000FAF77DFC05E0FAF7ECFC42464B46FAF75E
:10601000E8FC04460E460022284BFAF7C5FD03D8DB
:106020004FF0FF30014607E00022254B2046314665
:10603000FAF7BEFBFAF7A8FF102409E0002C0ADBF0
:106040000A220023FAF7FAFD039B30321A55641E28
:1060500050EA0102F2D1641C039AC4F11103144402
:10606000119A012A03D0012208430DD10AE0084306
:1060700004D000204FF0110B119072E7A3EB0B0539
:106080006D1E0DE05B4504DD4FF0000205F10105DA
:1060900004E003DA4FF00002A5F10105002AECD07C
:1060A00002981199C0E90231C0E9004579E7000082
:1060B000000014400000F03F300000000000F043FA
:1060C0000000E03F30380A2801D20120704700204C
:1060D000704700002DE9FF4F95B09B468946064664
:1060E00000250FE2252877D100242746F84A012110
:1060F000059400E0044316F8013F203B01FA03F049
:106100001042F7D130782A2811D06FF02F03307861
:10611000A0F13002092A16D8059A44F0020402EBD5
:10612000820203EB42021044761C0590EFE759F817
:10613000042B0592002A03DA504244F400540590DF
:1061400044F00204761C30782E2816D116F8010F80
:1061500044F004042A280DD06FF02F023078A0F10B
:106160003003092B09D807EB870302EB4303C71859
:10617000761CF3E759F8047B761C30786C280FD036
:1061800006DC4C2817D068280DD06A2814D104E00A
:10619000742810D07A280FD10DE044F400140AE0DE
:1061A00044F4801401E044F440147278824202D135
:1061B00004F58014761C761C307866280BD013DC2E
:1061C000582877D009DC002875D04528F6D0462815
:1061D000F4D047281AD19DE118E0632835D064280F
:1061E00079D0652812D195E1702873D008DC672832
:1061F000F1D069286FD06E280DD06F2806D1B5E098
:1062000073282CD0752875D0782874D05A461799E1
:1062100090476D1C75E1C4F30250022809D0032891
:106220000DD0D9F8001004280DD00D6009F1040933
:1062300067E1D9F80010EA17C1E90052F6E7D9F88A
:1062400000100D80F2E70D70F0E719F8041B8DF8CF
:10625000001000208DF80100EA46012003E059F803
:1062600004AB4FF0FF3061074FF0000102D40DE0A6
:1062700008F101018846B9420FDA8045F8DB1AF8C7
:1062800008100029F4D108E008F101018846814294
:10629000FADB1AF808100029F6D105985B46A0EB46
:1062A000080721463846179A00F094FA284400EB74
:1062B000080507E04DE029E10DE01AF8010B5A4608
:1062C00017999047B8F10108F7D25B462146384646
:1062D000179A13E142E00A220092C4F302524FF0EF
:1062E000000A022A08D059F804CB032A4FEAEC71BD
:1062F0000AD00DE029E02AE009F1070121F00702A8
:10630000F2E802C1914609E00FFA8CFC4FEAEC7109
:10631000042A03D14FFA8CFC4FEAEC71002907DA0A
:106320000A460021DCF1000C61EB02012D2202E0A3
:10633000220504D52B228DF80420012203E0E20778
:1063400001D02022F7E7904659E00A2102E010220E
:106350000DE010214FF0000A00910BE010224FF0E9
:10636000000A44F004040827009203E008224FF0DA
:10637000000A0092C4F30252022A05D059F804CB55
:106380000021032A08D009E009F1070121F00702E2
:10639000F2E802C1914605E01FFA8CFC042A01D103
:1063A0000CF0FF0C4FF00008220728D5702806D00B
:1063B000009B83F0100353EA0A0305D00EE040224D
:1063C0008DF80420012208E05CEA010206D03022A8
:1063D0008DF804208DF8050002229046009B83F082
:1063E000080353EA0A030AD15CEA010201D16207F9
:1063F00005D530228DF804204FF001087F1E582863
:1064000004D034A003900EA802900DE036A0F9E766
:1064100053466046009AFAF711FC84460398825C62
:106420000298401E029002705CEA0100F0D10298CE
:1064300006A9081A00F1200A600702D524F4803466
:1064400000E00127574502DDA7EB0A0000E000202D
:1064500000EB0A01009005984144401A0590E003C2
:1064600006D45B462146179A059800F0B3F9054417
:10647000002706E001A85A46C05D179990476D1C99
:106480007F1C4745F6DBE0030CD55B462146179A97
:10649000059800F09FF9054404E030205A4617990A
:1064A00090476D1C0099481E00900029F5DC08E01B
:1064B000029802995A460078491C02911799904710
:1064C0006D1CBAF10001AAF1010AF1DC65E10000DE
:1064D00009280100303132333435363738396162BA
:1064E000636465660000000030313233343536377E
:1064F00038394142434445460000000000F058F955
:106500000544761C307800287FF4ECAD19B028469D
:10651000BDE8F08F620700D4062709F1070222F0D8
:10652000070CFCE80223E14603F000485FEA080C90
:1065300002D00FF2702C0DE05FEA045C02D50FF27E
:10654000682C07E05FEAC47C02D00FF2602C01E007
:10655000AFF2700C4FF0FF3823F00043CDF850C07D
:1065600065280CD006DC452809D046281DD04728D0
:106570003DD13DE0662818D067287ED138E0002163
:10658000112F01DB112000E0781CCDE9000106A9E4
:106590000EA8FFF7D5FCDDE90F010E9A039100214B
:1065A000009207F1010A04914DE04FF0004000977E
:1065B000CDE9011006A90EA8FFF7C2FCDDE90F0224
:1065C00003920E9B11990022DDF80CA00093049217
:1065D00011B9791C00EB010AB7EB0A0004D4C0F131
:1065E000FF3007F1010A0490AAEB0700019044E094
:1065F000012F00DA01270021112F01DD112000E019
:106600003846CDE9000106A90EA8FFF799FCDDE99F
:106610000F010E9A0391002104910092BA462107BE
:106620000CD40399514500DA8A46BAF1010F05DD11
:10663000009AAAF10101515C302908D0B84202DA6F
:1066400010F1040F06DA0121CDE9011015E0AAF1DD
:106650000101E9E7002805DC049901440491AAEB53
:10666000000102E0411C514500DD8A460499401AB0
:10667000401C01904FF000400290200704D4019884
:10668000504501DBCDF8048000208DF84F000298C2
:106690000DF14F07B0F1004F25D02B200E9002983E
:1066A0004FF0020800280CDA404202902D200E9094
:1066B00007E00A210298FAF7ABFA3031029007F8A6
:1066C000011DB8F10001A8F10108F2DC02980028D0
:1066D000EFD1791E0E980870307800F0200040F05D
:1066E000450007F8020D12A8C01B00F10708149816
:1066F000007800B1012000EB0A01019801EBE07184
:1067000005984144401A401E0590E00306D45B46BC
:106710002146179A059800F05DF805441498007812
:1067200018B15A46179990476D1CE00324D55B4673
:106730002146179A059800F04DF805441CE004988E
:10674000002807DBDDE90301884203DD0098405C97
:10675000179901E0179930205A469047049805F19F
:106760000105401C04900198401E019004D12E2088
:106770005A46179990476D1CBAF10001AAF1010A17
:10678000DDDC05E017F8010B5A46179990476D1CA0
:10679000B8F10001A8F10108F4DC5B462146179A24
:1067A0000598ABE62D0000002B0000002000000043
:1067B0002DE9F041044600251E461746880404D4FE
:1067C00005E039462020B0476D1C641EF9D52846E7
:1067D000BDE8F0812DE9F041044600251E469046B3
:1067E000C80301D5302700E02027880404D505E040
:1067F00041463846B0476D1C641EF9D52846BDE8B1
:10680000F0810A68531C0B601070704710B530B1EE
:10681000036823B1D0E90121914201D204E00020B4
:1068200010BD491C816020B1914202D25C5C202CD9
:10683000F7D99142F4D1491E816010BD2DE9F04194
:1068400004460027104E1BE0A0892568C0050BD424
:10685000A06820B1FFF7F2FFA089C00504D4206929
:1068600010B1716888472761A089800504D4206A27
:1068700010B17168884727627168204688472C46A6
:10688000002CE1D1BDE8F08110000020002200F0D2
:1068900049BD10B5016828208847040002D028218E
:1068A000F9F70FFD204610BD0022114600F06EB82A
:1068B0002DE9F04788B00F4604469A4616461C213B
:1068C0006846F9F7FEFC2F480025002C056045605E
:1068D00055D08146E7B3CDE900470295D9E90212C8
:1068E000D9F810000491CDE9052009F10800FFF75F
:1068F000D0FF5FEA00082BD000986F4608B10298DD
:1069000008B100270BE00198042808D903221EA132
:106910000098F9F71EFD10B90298C01C0290384685
:10692000FFF774FF0146404601F038F868B1BAF14C
:10693000000F13D06846FFF769FFDDE901018142CE
:1069400003D202990098405C40B14046FFF776FFC1
:10695000DDE9011088420AD205460BE01EB102991A
:10696000009808443060404608B0BDE8F087081E33
:1069700000D0451E0EB160193060C9E90045002005
:10698000F2E7000008000020EFBBBF0070B515461D
:106990000E46040009D0F9F7B1FC411C2B463246E3
:1069A0002046BDE87040FFF783BF002070BD0000A7
:1069B00070B50A4D084600240A211646E9700722E0
:1069C000314601F01FFE012805D144F6206001F098
:1069D00047FE012800D00324204670BDE8000020B7
:1069E0002DE9F0410F4C07461646A0888846002541
:1069F000FF2801D9AFF30080A088032804D3A18821
:106A0000A06801F009FA18B105252846BDE8F08113
:106A1000A06810F8011B3970A188891E3180C8F860
:106A20000000F2E7E800002070B5104C0346002596
:106A3000607810B10525284670BD491E0126E16029
:106A40000846E6800B70E1881144E180E18801F09E
:106A5000E3F90146E088A2680244401CE08011701E
:106A600026700121002001F075FBE4E7E80000201A
:106A700010B50021012001F06DFB03490020487092
:106A8000BDE8104001F0AEBDE800002010B50021C7
:106A9000084601F05FFBBDE8104001F085BB000037
:106AA000064810B501780024012902D006242046AA
:106AB00010BDC0690028FAD08047F8E73C000020EC
:106AC00010B5064C207818B1012805D0062010BD5D
:106AD0006069804701202070002010BD3C0000202C
:106AE00070B5064D00242878012802D006242046DF
:106AF00070BD2869804700202870F8E73C0000201E
:106B000070B50C460988002505292FD1417840F23F
:106B1000CF760A0281781143C278491C13020279A8
:106B200089B21A43531EB34220D20023238001238B
:106B300000F8013B2688761C2680560703D003EB1D
:106B4000D203DEB201E0C2F3C70600F8016B23886E
:106B50005B1C2380002300F0EFFA18B101F042F92A
:106B6000054604E020883044208000E003252846C4
:106B700070BD70B50C460988002505292FD14178D4
:106B800040F2CF760A0281781143C278491C130281
:106B9000027989B21A43531EB34220D200232380C4
:106BA000022300F8013B23885B1C2380530704D099
:106BB000012303EBD203DEB201E0C2F3C70600F803
:106BC000016B23885B1C238000F004FB18B101F0EB
:106BD00009F9054604E020883044208000E00325C0
:106BE000284670BD70B50C4609880026052925D1B8
:106BF000417805790A0281781143491C6A1E89B2DD
:106C00007C2A1BD800222280032200F8012B228834
:106C10000023521C22806A0000F8012B2288521C9B
:106C200022802A4600F016FB18B101F0DBF8064678
:106C300005E0208800EB4500208000E00326304678
:106C400070BD70B50C4609880026052927D141780A
:106C500005790A0281781143C278491C45EA022568
:106C60006A1E89B27C2A1AD200222280042200F8ED
:106C7000012B2288521C22806A0000F8012B2288F6
:106C8000521C22802A4600F019FB18B101F0AAF824
:106C9000064605E0208800EB4500208000E0032642
:106CA000304670BD2DE9F0410446088800270D46A6
:106CB0000A2842D3607826790102A078227A084314
:106CC000401C1FFA80F8E07846EA00266079731EBF
:106CD0000102A0790843401C81B2E0797C2B42EA92
:106CE0000022607A28D83AB3792A25D8B0EB420F2F
:106CF00022D1012304F10A0000F0ACFA98B9002176
:106D00002980172121702988601C491C2980710065
:106D100000F8011B29880023491C2980324641467E
:106D200000F098FA18B101F05DF8074605E02888F0
:106D300000EB4600288000E003273846BDE8F081DC
:106D400070B5064C0D4606492288401CF9F7A0FA9A
:106D50002088401C2880002070BD0000F800002022
:106D6000900C002038B50988002405290BD1417802
:106D70000A0281781143491C027989B21AB9C27892
:106D8000FF2A03D012B10324204638BD00228DF81B
:106D90000120C078FF280CD08DF8002001231A466E
:106DA000684600F0C9F90028EED001F01BF804464F
:106DB000EAE701208DF80000F0E710B5098800240B
:106DC000052902D00324204610BD417801230A0280
:106DD0008178C01C1143491C89B21A4600F03AFA66
:106DE0000028F0D000F0FEFF0446ECE72DE9F0416A
:106DF0000D4609880024052926D9417843790A02DD
:106E000081781143491C8EB2C178027942EA01228D
:106E1000510704D0012101EBD201C9B201E0C2F354
:106E2000C701571EB7F5F66F0ED299420CD1012358
:106E30003146801D00F080F918B100F0D3FF044600
:106E400003E00520288000E003242046BDE8F0810F
:106E500070B50D460988002406291DD341780A0221
:106E600081781143C278491C1302027989B21A430E
:106E70004379561E772E0FD85606360E9E420BD1FA
:106E80000123801D00F0E6F918B100F0ABFF0446C5
:106E900003E00520288000E00324204670BD0000A8
:106EA0002DE9F0411D46069B17460646FF2909D0ED
:106EB00041B1F72906D81E4C0846217100211EB1A8
:106EC000012E15D002252EE01A4A22611A4A62616B
:106ED0001A4AE2601A4AC4E906211A4921621A498B
:106EE00061621A49A1622A46394600F09BF812E015
:106EF000174A2261174A6261174AE260174AC4E9D9
:106F0000062117492162174961621749A1622A4681
:106F10003946FFF74DFD050005D101F05BFB28B1B7
:106F20006671012020702846BDE8F0810325FAE74C
:106F30003C0000200971000825710008B1700008AC
:106F400061700008D58600087D8700083D8700082D
:106F5000716A00088D6A0008296A0008E169000862
:106F6000F98300080D850008DD84000838B52C4C35
:106F7000207808B1062038BD684601F01DFB0128C5
:106F80004BD19DF80000E8B3012802D0022844D17B
:106F900010E0234AA369921D911CC81F984788BB23
:106FA00060782179884201D0FF2836D1022001F093
:106FB00019FB32E0A0680121194B0278A270E17040
:106FC00000212C3313F8315065B1954207D103EB02
:106FD000C1014A681249891D9047E07002E0491CCE
:106FE0001029EFDB6078FF2817D0E07880B100210E
:106FF000E180A17841F08002A1680A70E288521C09
:1070000092B200E009E0E2808854E088401CE08011
:10701000D4E90213E28820799847002038BD0000A7
:107020003C00002070B51546084600240822294679
:1070300001F0E8FA01280DD1B5F5964F01D92320CA
:1070400003E006496800B1FBF0F080B201F008FBF4
:10705000012800D00324204670BD0000A07F170047
:107060002DE9F041104C07461646A08888460025B9
:10707000FF2801D9AFF30080A088042804D3A18899
:107080000A4800F099FF18B105252846BDE8F081AF
:10709000064800783870A088C01E30800348401C25
:1070A000C8F80000F1E70000FC000020B00C002050
:1070B00070B5134C034600256078012802D00525E1
:1070C000284670BD491E0126A160084666800B70E7
:1070D000618811446180618800F06EFF6188094A0F
:1070E0005318491C61801870010A60880244401CD2
:1070F0006080117026700121002001F02BF8DFE77D
:10710000FC000020B00C0020054910B5002048709C
:107110000146012001F01EF8BDE8104001F056B80C
:10712000FC00002010B50021084601F013F8BDE86E
:10713000104001F039B80000F0B5491E89B28C1832
:107140000A2C01D90120F0BD541EE51704EB55753A
:10715000012404EBE5061E4D012B18D1F4B213E017
:1071600010F8016B00230AE026FA03F707F0010785
:107170006F54491C521E5B1C89B292B2DBB20AB139
:10718000082BF1D3641EE4B2002CE9D11EE016F006
:10719000FF061BD000273B4611E000BF15F801E0B9
:1071A000BEF1000F05D004FA03FC4CEA070C0CF00A
:1071B000FF07521E491C5B1C92B289B2DBB20AB1B6
:1071C000082BEBD300F8017B761EE0E70020F0BD32
:1071D00008010020F0B5491E8CB2A1180A2901D976
:1071E0000120F0BD511ECB1701EB5371012505EBBA
:1071F000E101CEB216491BE000273B4611E000BF7B
:1072000011F804E0BEF1000F05D005FA03FC4CEACA
:10721000070C0CF0FF07521E641C5B1C92B2A4B258
:10722000DBB20AB1082BEBD3761E00F8017BF6B275
:10723000002EE1D100200A5C3AB100220A54401C21
:1072400080B20A28F7D30020F0BD0122F6E7000043
:107250001201002030B54C1EA4B2A5180A2D01D988
:10726000012030BD134D012B09D01EE030F8023B48
:107270005BBA25F81430641C521EA4B292B2002AE4
:10728000F4D10A2913D10C49012008700FE000BF86
:1072900035F81410090A00F8011B15F81410641CC5
:1072A000521E00F8011BA4B292B2002AF0D10020B5
:1072B00030BD0000B00D00201E000020491E10B59A
:1072C0008BB29C1810490A2C0FD9012010BD00BFA9
:1072D00031F81340240A00F8014B11F813405B1CED
:1072E000521E00F8014B9BB292B2002AF0D100204E
:1072F00031F81020521C21F81020401C80B20A28BE
:10730000F6D3002010BD0000C40D002013B54FF0CF
:10731000FF33012269460248FCF704FE00981CBDB9
:10732000E80A00202DE9F0418846A8B3B8F1000F23
:1073300033D084680AB90AE024686CB3216A59B36F
:107340004046F8F7E2FF0028F6D120E024681CB39D
:10735000266A5FEA0805F9D0002EF7D0B54218D0AA
:1073600002E098B16D1C761C2878F8F737FF0746C5
:107370003078F8F733FF87422878F2D0F8F72EFFFD
:1073800005463078F8F72AFF8542DFD124B1206A1C
:1073900010B12046BDE8F081FFE70020FAE70000C9
:1073A0002DE9F0410B3020F00706104D19E0206860
:1073B000B04215D3B0420AD9871B201DD4F80480EF
:1073C000F8F766FFA019C0E90078286004E060685B
:1073D0002860201DF8F75CFF201D2660BDE8F081C5
:1073E000251D2C68002CE2D10020F7E79C0100202D
:1073F000FBF726FBFEF7D6F8FDF76CFCFDF72EFC3D
:10740000FDF7D2FDFDF7EEFCFDF70CFDFDF7FCFBF3
:10741000FDF762FDFDF7E4FDFDF7FEFDFDF790FDD4
:107420004FF4C870FAF7E4FC18A0FEF7EFFC1CA0BC
:10743000FEF7ECFCFDF7A2FEFDF781FE02231BA286
:1074400000211020FDF708FFF9F722FFFDF7A0F853
:107450001A480068C16841F01001C1604FF480749F
:10746000224617491548FCF7D1FC16480068C16848
:1074700041F01001C160224613491248FCF7C6FCD6
:10748000FDF70AFC00F02FF8FEE70000556172746A
:107490003120696E6974206973206F6B0A000000E7
:1074A0004D51545420546573740A00004D51545486
:1074B00020436F6E74726F6C00000000E80A0020B9
:1074C000E8080020780B0020E80900200146002091
:1074D000842900D0C81C704710B500B9012000F005
:1074E000F9FE002010BD10B500F01AFF002010BDFD
:1074F0007FB50D4604464169B0F9080081B1A16924
:1075000071B1FFF7E3FFD4E905128DE80700D4E974
:1075100000102B46226901F0E0F9039004B070BD21
:10752000FFF7D4FF03A9CDE90001208A2B4682B2E0
:10753000D4E9001001F0A4F9012801D00020EDE702
:107540000398EBE72DE9F04107460025C8680C4693
:107550002E46B0F57A7F5BD2401CE0602168A068BF
:10756000095C5B2954D1401CA0602046FFF74EF90E
:107570004CB1D4E90110884203D22268125C5D2A22
:1075800033D0884203D3A068401EA06040E0401E74
:1075900004F11008A0604046FFF77BF998B30DB3E3
:1075A000306046600646A068401CA0602046FFF799
:1075B0002DF92146304600F0F1F930B32046FFF7AF
:1075C00025F914B3D4E90110884203D22168095C7B
:1075D0002C29E0D06268904217D22168085C5D28AF
:1075E00013D102E005462E46DDE7E068401EE0606C
:1075F00005B16E602020C7E90250A068401CA06061
:107600000120BDE8F081FFE715B12846FFF716F924
:107610000020F6E7034610B500200246995CA1F170
:107620003004092C01D830380AE0A1F14104052CBE
:1076300001D8373804E0A1F16104052C08D8573887
:107640000844032A00D20001521C042AE6D310BDCC
:10765000002010BD2DE9F84F4FF0000980460C00C6
:107660004FF02E0A48464D464F46CDF800903ED08A
:107670002668CEB3D4E9012122E07318C35C342B11
:107680001BD00ADCA3F12B03092B1CD2DFE803F08B
:10769000151B152D1B1515151500382B0DD006DCE7
:1076A000352B0AD0362B08D0372B0CD105E0392BDF
:1076B00003D0452B01D0652B05D16D1C401C14B1A6
:1076C0000B189342D9D32169681C884706000ED055
:1076D000A16820682A4601443046F8F7D9FD06F82B
:1076E00005907FB100200BE001E00127E5E70020D5
:1076F000BDE8F88F315C2E2901D106F800A0401CAE
:10770000A842F7D36946304600F048FC0546009889
:107710000F46864203D1616930468847E7E7C8E9EA
:107720000657144A144B28463946F9F73DFA02D851
:107730006FF0004108E00022104B28463946F9F767
:107740001BFA04D84FF00041C8F8141005E0284691
:107750003946F9F7F2F9C8F814000821C8F80C10F6
:107760000099A068891B0844A06061693046884779
:107770000120BDE70000C0FFFFFFDF410000E0C1C6
:107780002DE9F04107460026C8680C463546B0F59D
:107790007A7F7BD2401CE060002C77D0D4E90110C6
:1077A000884273D22168095C7B296FD1401CA0609C
:1077B0002046FFF72BF8D4E90110884203D2226853
:1077C000125C7D2A4FD08842A0F10100A0605DD2FA
:1077D00004F110084046FFF75CF8E8B30EB32860E8
:1077E00045600546CCB3D4E90110401C88424AD21A
:1077F000A0602046FFF70AF82146284600F048F826
:1078000058B32046FFF702F8286928620020286153
:10781000D4E90110884236D22168095C3A2932D174
:1078200002E006463546DDE7401CA0602046FEF734
:10783000EDFF2146284600F0B1F870B12046FEF772
:10784000E5FFD4E90110884203D22168095C2C29A4
:10785000C0D06268904201E014E014E013D22168C5
:10786000085C7D280FD1E068401EE06006B17560BD
:107870004020C7E90260A068401CA0600120BDE86C
:10788000F08103E016B13046FEF7D8FF0020F6E79E
:107890002DE9F84380468B6808684FF00009C4184A
:1078A000CDF8009008680E46651CC15C641C222956
:1078B0006ED10022716808E0BCF15C0F04D17F1C1E
:1078C0008F4265D2521C641C641C271A8F4204D25A
:1078D00094F800C0BCF1220FEED1271A8F4257D284
:1078E0002178222954D11844201A801A3169401C69
:1078F000884707004CD0009737E029785C2905D0ED
:1079000000986D1C00F8011B00902EE00220611B06
:10791000012939DB6A78662A14D008DC222A12D0C1
:107920002F2A10D05C2A0ED0622A2DD108E06E2AB0
:107930000ED0722A0ED0742A0ED0752A24D10DE0F2
:10794000082200E00C22009901F8012B00910BE0C5
:107950000A22F8E70D22F6E70922F4E76A462146F3
:10796000284600F03FFB78B10544A542C5D30099F5
:1079700081F800901021C8E903173068201A401CD4
:10798000B0600120BDE8F88317B1716938468847B7
:1079900015B13068281AB0600020F3E770B50C000C
:1079A00005465ED0206800285BD0A16863680A1D88
:1079B0009A4205D80844042231A1F8F7CAFC78B3EA
:1079C000A0686268411D0126914206D821680522FF
:1079D00008442DA1F8F7BDFC28B3A0686268011D1A
:1079E000914206D821680422084429A1F8F7B1FC85
:1079F000E8B1D4E90101814203D22268525C222A13
:107A00001DD0814221D22268525C2D2A02D0303A08
:107A1000092A1AD821462846BDE87040FFF71ABE49
:107A20000420E86006E0EE60A068401D04E002204B
:107A30006E61E860A068001DA060012070BD214655
:107A40002846BDE87040FFF723BF814203D2226879
:107A5000525C5B2A07D0814203D22068405C7B28BD
:107A600007D0002070BD21462846BDE87040FFF7D2
:107A700069BD21462846BDE87040FFF781BE000081
:107A80006E756C6C0000000066616C736500000030
:107A900074727565000000002DE9F041184C0F4626
:107AA0000546E6682068001D00F005FB38B920682F
:107AB00090F82C1001208840216981432161681CC5
:107AC00007D137B12168BDE8F0410E48091D00F02B
:107AD00035BB20683544B5424560216805D2A06BAE
:107AE000BDE8F041091D00F011BB606B091D00F0FD
:107AF0000DFBA06A854200D2A562BDE8F0810000BE
:107B000030010020B40E00202DE9F041054600F0C0
:107B100069FB2E4CA068401CA06020682C4F10B15F
:107B2000606940B32DE02560A068012829D10026B6
:107B300006EB860007EB800000F0DAFA761C072ED1
:107B4000F6D323488C3000F0D3FA2148A03000F05F
:107B5000CFFA1F48B43000F0CBFA1D48C83000F00F
:107B6000C7FA1B48DC3000F0C3FA19488C30606358
:107B70001430A06305E02068E96AC06A884200D832
:107B80002560606A401C6062E96A012022698840C1
:107B90001043206101EB810007EB8000291D00F0FC
:107BA000CDFA00F03FFB606900280CD02068E96A3C
:107BB000C06A884207D207494FF080500860BFF37F
:107BC0004F8FBFF36F8FBDE8F081000030010020C0
:107BD000D80D002004ED00E010B5044690F85100E7
:107BE00058B101280CD002280FD0502080F3118802
:107BF000BFF34F8FBFF36F8FFEE7206B00F026FBC4
:107C00002046BDE8104000F021BB10BD10484FF4E5
:107C10004061420706D0C01D0D4920F00700411AFF
:107C2000C1F540610B4A00230144C2E90003083951
:107C3000183A21F0070111604B600B600B1AC0E984
:107C4000001393604FF00040536050617047000094
:107C5000C80E002084010020144E154CA6F1C80760
:107C60004FF08058DFF84C9012E000BF00F0BAFAF5
:107C7000F068C568281D00F01EFAA068401EA060CC
:107C80006068401E606000F0CDFA2846FFF7A4FF50
:107C900060680028EAD138680128F9D9C9F800805D
:107CA000BFF34F8FBFF36F8FF2E70000A00E0020ED
:107CB0003001002004ED00E02DE9F0479A46DDE9AF
:107CC000098481466FF00303206B03EB82021044AA
:107CD000089E20F00707780707D0502080F311880E
:107CE000BFF34F8FBFF36F8FFEE7002561B1002018
:107CF00023180A5C83F834200A5C12B1401C102857
:107D0000F6D384F8435001E084F83450072E00D3B2
:107D10000626E662C4E91165201D00F0F4F904F1BD
:107D2000180000F0F0F92461C6F107006462A06158
:107D3000E56484F8505052464946384600F0E6F86B
:107D40002060B8F1000F01D0C8F80040BDE8F0870E
:107D500030B5114900E011460A688242FBD34B68F6
:107D60005C18844203D14068184448600846436860
:107D70001C18944209D1084C183C2468A24209D02E
:107D800052681A4442600A6812680260814200D058
:107D9000086030BD0460F9E7840100200648416BAB
:107DA000096829B1416BC968C9684968816270472F
:107DB0004FF0FF31FAE7000030010020084840682A
:107DC000401C4FF0500080F3118804D0BFF34F8F58
:107DD000BFF36F8FFEE7BFF34F8FBFF36F8FFEE7E9
:107DE0008C010020002804D0012803D0072803D0EC
:107DF00004207047022070470620704710B50928FC
:107E000001D8303004E0A0F10A01052902D837304A
:107E1000C0B210BDAFF30080002203E010F8013BB8
:107E20001A44D2B2491E89B2F8D25042C0B2704749
:107E30002DE9F0410546002700F0A8FA324E3068DF
:107E400008B9FFF7E3FE706905424ED1C5B30835A6
:107E500068070ED005F00700C0F108000544680768
:107E600007D0502080F31188BFF34F8FBFF36F8F7F
:107E7000FEE72DB37068854237D823481830014695
:107E80000C6801E020460C466168A94202D22168D4
:107E90000029F7D131688C4227D00768216801603A
:107EA00060680837411B10290FD96019420708D0B4
:107EB000502080F31188BFF34F8FBFF36F8FFEE721
:107EC00013E041606560FFF743FF61687068401A26
:107ED0007060B268904200D2B060706901430020C7
:107EE000C4E90001F068401CF06000F087FD7807ED
:107EF00007D0502080F31188BFF34F8FBFF36F8FEF
:107F0000FEE73846BDE8F0816C01002010B5031F84
:107F10004FF080741C601B1F21F001011960191FB4
:107F2000024B0B60143940380A6010BDBD7D00085B
:107F30002DE9F04704008A4616D054F8047CD4F8A2
:107F400000903E1F564500D956462046FDF792FF49
:107F500005468846324621465046FFF721FA40B191
:107F6000C0F80090BDE8F087BDE8F0470846FDF78F
:107F7000AFBF44E9017955B129686A18211F8A42C7
:107F800002D9611B091F2960C5F80480EAE7024A8B
:107F9000C2F80080E6E700009C01002000B583B035
:107FA0000A460021CDE9001101466846F8F719FF9D
:107FB000DDE9000103B000BD70B5094DFF231A468D
:107FC00005F5807606E000BF10F8014B54402A5DAD
:107FD0005A40335D491E89B2F6D242EA032070BD91
:107FE000109300082DE9F04705460027481B164668
:107FF000894606285DDBA81CFFF70CFB0446A0F5AC
:108000005C414FF48060814253D3A4F558418246CD
:1080100051451AD2A81DA9EB00014FF00C08062902
:1080200047DB01785C2944D14178752941D1801C16
:10803000FFF7F0FAA0F55C4151453AD2C4F30901CB
:1080400061F39F2000F5803002E04FF006082046E3
:10805000802801D2012110E0B0F5006F02D2022188
:10806000C0270AE0B0F5803F02D20321E02704E0F8
:10807000B0F5881F1DD20421F0274A1E08E000BF7A
:1080800000F0BF03346843F080038009A354521EFC
:1080900012F0FF02F4D1012901D9384301E000F0C8
:1080A0007F00326810703068084430604046BDE898
:1080B000F0870020FBE7D0E9013201699A60D0E93E
:1080C00001235A604A68824201D182684A600022D4
:1080D00002610868401E086008687047034B03602F
:1080E00003F1540008608020106070476C05002088
:1080F00000F108014FF0FF32C0E90112C1600161D7
:1081000000210160704700210161704730B50B68A4
:108110005A1C02D000F1080202E0026904E0224683
:10812000546825689D42FAD953684B6099608A600B
:10813000516008610168491C016030BD42684A60B5
:1081400093688B6093685960916008610168491C6D
:108150000160704770B5124E124C0D4650B10022AE
:1081600004213046F9F7E2FF2168C86840F020009A
:10817000C86004E02068C16821F02001C1604DB1F1
:10818000012204213046F9F7D1FF2068C16841F08F
:10819000800103E02068C16821F08001C16070BDEA
:1081A000000C0140300B002007480068016A41F2D2
:1081B0001112114207D1016A9210114203D10168D4
:1081C00021F0010101607047580800200448002197
:1081D000026851620068016841F001010160704766
:1081E00058080020502080F31188BFF34F8FBFF351
:1081F0006F8F0A494868401C486001280CD1084824
:10820000006810F0FF0F07D0502080F31188BFF3F3
:108210004F8FBFF36F8FFEE7704700008C01002087
:1082200004ED00E00849486828B1401E486001D1CB
:1082300080F311887047502080F31188BFF34F8F6F
:10824000BFF36F8FFEE700008C01002070B500289F
:108250002AD0164DA0F1080460686969084207D168
:10826000502080F31188BFF34F8FBFF36F8FFEE76D
:1082700022683AB1502080F31188BFF34F8FBFF3CB
:108280006F8FFEE78843606000F080F8606869687F
:10829000084468602046FFF75BFD2869401C2861A0
:1082A000BDE8704000F0AABB70BD00006C0100206A
:1082B0004FF0E02000210161816105494FF47A729D
:1082C0000968B1FBF2F1491E416107210161704764
:1082D0002C01002010B5020014D00F48006B38B1FB
:1082E000502080F31188BFF34F8FBFF36F8FFEE7ED
:1082F00000F04CF800211046FFF7CEFB00F07EFBAB
:10830000002807D105494FF080500860BFF34F8F18
:10831000BFF36F8F10BD00003001002004ED00E0BE
:1083200010B586B00024039405AA04A903A80494F8
:10833000FFF7D4FEDDE903010094CDE9011000232D
:108340000EA11048059A00F0C8FA0F490028C8622B
:1083500011D0502080F31188BFF34F8FBFF36F8F80
:108360004FF0FF30886201204861CC6006B0BDE864
:10837000104000F031BA06B010BD000049444C4531
:1083800000000000597C0008300100200248016B09
:10839000491C016370470000300100201448016B44
:1083A00011B10121C16170470021C1610169B1FAB8
:1083B00081F1C1F11F0101EB81020E4951F8223018
:1083C0006BB101EB820101F108034A6852684A600F
:1083D0009A4201D152684A60D168016070475020CA
:1083E00080F31188BFF34F8FBFF36F8FFEE700005C
:1083F00030010020D80D0020F8B5374C0027207838
:1084000008B1AFF30080684600F0F4F8607800250A
:10841000012670B3012802D002285AD139E0FFF7B3
:10842000D5FE9DF800003A2807D00D2808D0A0F10D
:108430003001092907D8C8B20DE0A570A58048E031
:108440000220607045E0A0F14101052902D83738CB
:10845000C0B200E0FF20A17811B1012939D10DE0AF
:10846000A188FF2906D8A288A16800018854A670B7
:108470002FE025E06570FFF797FE2AE0A288A1684B
:1084800011440A7802430A70A088401CA080A5709D
:108490001FE09DF80000E178884207D1FFF784FED5
:1084A0006570012000F09EF8074612E03A2801D0DE
:1084B00065700EE0A570A5806670FFF787FE08E086
:1084C0009DF800003A2804D1FFF780FEA580A57032
:1084D00066703846F8BD0000E80000200A4810B574
:1084E0004178012909D0022907D04178012906D015
:1084F0004078022803D0AFF3008000214170FFF7DD
:1085000053FE002010BD0000E800002070B5294C8B
:108510000026607808B1AFF3008020780025052898
:1085200046D2DFE800F041030A3136003A2000F07D
:1085300091F802202070A5703AE0E088F0B1A178AF
:108540001C48C06811B1012932D108E00078000947
:10855000FFF754FC00F07EF80120A07028E00078BE
:1085600000F00F00FFF74AFC00F074F8E068401CD0
:10857000E060A570E088401EE08019E00D2000F06A
:1085800069F80320207013E0E07800F063F804201D
:10859000F8E72570032000F025F8064600210120A9
:1085A000FFF7D8FD257003E000210120FFF7D2FD81
:1085B000304670BDE80000200549024600204B7897
:1085C000002B04D0087810700020487001207047FC
:1085D0001C01002002490020487001207047000063
:1085E0001C010020024901224A70087010467047A1
:1085F0001C01002002490968017001207047000039
:1086000004440040124810B5104AC0E9002100217E
:108610000C22C160C0E905214FF48052C161012BD9
:1086200009D0022B0AD0016181600948FBF7EAFA00
:1086300048B1002010BD4FF4C06101E04FF48061EB
:1086400082600161F1E7012010BD0000004400409C
:10865000300B0020014908600120704704440040AD
:1086600030B587B000251A4C009501950295039509
:10867000049516490595216040F60F61401E616022
:10868000C4E9025025612046A561FAF76FFF70B971
:108690004FF48050009069462046FBF706F830B949
:1086A000049504A920460595FAF72CFF10B1002087
:1086B00007B030BD21686FF0010008612068C16813
:1086C00041F00101C1600120F2E700000004004018
:1086D0005808002038B5174C0025207808B1AFF3B2
:1086E00000806846FFF786FF607830B1124A0128A3
:1086F00007D0022810D0032801D1FFF767FD2846D4
:1087000038BD0020A0809DF80000A1880A44491CC3
:10871000A180107002200BE0A088FF2807D89DF8E8
:108720000010A0880244401CA0801170E5E70320DF
:108730006070E2E7FC000020B00C002070B50E4D28
:108740000024687870B102280BD003280DD0687817
:1087500058B16878022808D06878032805D0AFF3AC
:1087600000800120FFF73EFF0446FFF71DFD0120BA
:108770006870204670BD0000FC00002070B5154CEC
:1087800000256078012801D0AFF30080207810B177
:1087900001281CD104E000210120FFF7DBFC16E0DA
:1087A000608850B1A0680078FFF754FFA068401CB3
:1087B000A0606088401E608009E00320FFF712FF80
:1087C000054600210120FFF7C5FC00202070284647
:1087D00070BD0000FC0000201CB5264908780190FF
:1087E000FF20087008788DF800009DF800009DF8C3
:1087F000002000F0F000904207D0502080F3118854
:10880000BFF34F8FBFF36F8FFEE79DF800001A4C48
:1088100000F0500020700720A06005E09DF80020C7
:1088200052008DF80020401E9DF800201206F5D45D
:10883000A060032807D0502080F31188BFF34F8F2A
:10884000BFF36F8FFEE74FF44070A060019808708F
:108850000A48016841F470010160016841F070410B
:108860000160FFF725FD00206060F7F75BFC00204A
:108870001CBD000000E400E08C01002020ED00E0C1
:108880002DE9FF5F8346DDE90E87994616468A4645
:108890009000FFF7CDFA05001CD05420FFF7C8FA6E
:1088A000040014D00020256384F85100CDE9024073
:1088B000CDE900874B46324651465846FFF7FCF952
:1088C0002046FFF721F9012004B0BDE8F09F2846BB
:1088D000FFF7BCFC4FF0FF30F6E7F0B585B0DDE9FF
:1088E0000B640A9DA6B1DCB15427009726630226CB
:1088F00084F85160002604AFCDE90246CDE9005767
:10890000FFF7DAF92046FFF7FFF8049805B0F0BD4D
:10891000502080F31188BFF34F8FBFF36F8FFEE7B6
:10892000502080F31188BFF34F8FBFF36F8FFEE7A6
:108930002DE9F0412F4C0026206B28B1A069401C86
:10894000A0613046BDE8F081E5686D1CE56013D19B
:10895000606B006838B1502080F31188BFF34F8FEF
:10896000BFF36F8FFEE7606BA16B6163A063206A4A
:10897000401C2062FFF712FAA06ADFF87C80854273
:1089800009D3606B0068A0B1606BC068C768786885
:10899000854211D2A0622068C06A00EB800158F8BD
:1089A0002100012800D90126E0690028C9D001264C
:1089B000C7E74FF0FF30EDE7381DFFF77CFBB86AE3
:1089C00018B107F11800FFF776FBF96A0120226958
:1089D00088401043206101EB810108EB8100391DC3
:1089E000FFF7ACFBF86A2168C96A8842C9D301263F
:1089F000C7E7000030010020D80D00202DE9F04726
:108A00002C4D00242746286B38B1FFF7EBFB286B71
:108A1000401E2863286B40B146E0502080F3118847
:108A2000BFF34F8FBFF36F8FFEE7A968224E01207F
:108A3000D1B3A6F1B40980463068E8B1F068C468E3
:108A400004F11800FFF737FB201DFFF734FBE06A45
:108A50002A6908FA00F11143296100EB800109EB52
:108A60008100211DFFF76AFBE06A2968C96A884214
:108A7000E2D3C5F81C80DFE70CB1FFF78FF9AC69D2
:108A800044B14646FFF754FF00B1EE61641EF9D1D0
:108A90000020A861E86938B1084901273807086053
:108AA000BFF34F8FBFF36F8FFFF7BCFB3846BDE8B6
:108AB000F0870000300100208C0E002004ED00E063
:108AC0000000000000000000002F00000000070070
:108AD000070000147F147F1400242A7F2A120062EA
:108AE0006408132300364955225000000503000096
:108AF00000001C224100000041221C000014083E1E
:108B000008140008083E0808000000A060000008E3
:108B10000808080800006060000000201008040237
:108B2000003E5149453E0000427F400000426151F5
:108B30004946002141454B31001814127F1000278F
:108B400045454539003C4A49493000017109050352
:108B500000364949493600064949291E0000363683
:108B600000000000563600000008142241000014E6
:108B700014141414000041221408000201510906C3
:108B800000324959513E007C1211127C007F494944
:108B90004936003E41414122007F4141221C007F75
:108BA00049494941007F09090901003E4149497A83
:108BB000007F0808087F0000417F410000204041FD
:108BC0003F01007F08142241007F40404040007F69
:108BD000020C027F007F0408107F003E4141413EAD
:108BE000007F09090906003E4151215E007F0919F5
:108BF00029460046494949310001017F0101003FF2
:108C00004040403F001F2040201F003F4038403F71
:108C100000631408146300070870080700615149D5
:108C2000454300007F41410000552A552A55000068
:108C300041417F00000402010204004040404040E6
:108C4000000001020400002054545478007F48447E
:108C5000443800384444442000384444487F0038B5
:108C60005454541800087E0901020018A4A4A47CDE
:108C7000007F080404780000447D400000408084A8
:108C80007D00007F102844000000417F4000007CF0
:108C900004180478007C08040478003844444438FC
:108CA00000FC242424180018242418FC007C080448
:108CB000040800485454542000043F444020003C21
:108CC0004040207C001C2040201C003C4030403CA8
:108CD000004428102844001CA0A0A07C0044645438
:108CE0004C4414141414141400000000000000007C
:108CF0000000000000000000000000F8000000007C
:108D0000000000333000000000100C06100C0600BC
:108D1000000000000000000040C07840C078400023
:108D2000043F04043F040400007088FC0830000085
:108D3000001820FF211E0000F008F000E0180000DD
:108D400000211C031E211E0000F008887000000096
:108D50001E2123241927211010160E0000000000E8
:108D60000000000000000000000000E01804020005
:108D7000000000071820400000020418E000000076
:108D80000040201807000000404080F08040400074
:108D90000202010F01020200000000F000000000CA
:108DA0000101011F0101010000000000000000009E
:108DB00080B0700000000000000000000000000013
:108DC000000101010101010100000000000000009C
:108DD0000030300000000000000000008060180437
:108DE000006018060100000000E010080810E00014
:108DF000000F102020100F00001010F800000000DD
:108E00000020203F20200000007008080888700023
:108E100000302824222130000030088888483000A3
:108E20000018202020110E000000C02010F80000C3
:108E300000070424243F240000F80888880808005C
:108E40000019212020110E0000E010888818000071
:108E5000000F112020110E0000380808C838080043
:108E60000000003F000000000070880808887000C3
:108E7000001C222121221C0000E010080810E00044
:108E80000000312222110F00000000C0C0000000CD
:108E900000000030300000000000008000000000F2
:108EA00000008060000000000000804020100800EA
:108EB00000010204081020004040404040404000B3
:108EC000040404040404040000081020408000008E
:108ED0000020100804020100007048080808F00093
:108EE0000000003036010000C030C828E810E00063
:108EF0000718272423140B000000C038E0000000EE
:108F0000203C23020227382008F888888870000057
:108F1000203F202020110E00C0300808080838002B
:108F2000071820202010080008F808080810E000A2
:108F3000203F202020100F0008F88888E808100043
:108F4000203F20202320180008F88888E808100017
:108F5000203F200003000000C0300808083800004F
:108F600007182020221E020008F808000008F80850
:108F7000203F210101213F20000808F808080000D7
:108F80000020203F2020000000000808F80808000A
:108F9000C08080807F00000008F888C02818080082
:108FA000203F20012638200008F8080000000000BB
:108FB000203F20202020300008F8F800F8F80800B2
:108FC000203F003F003F200008F830C00008F808AC
:108FD000203F200007183F00E01008080810E000BC
:108FE0000F10202020100F0008F808080808F000D3
:108FF000203F210101010000E01008080810E000F6
:109000000F18242438504F0008F88888888870008A
:10901000203F2000030C302000708808080838002A
:109020000038202121221C00180808F80808180020
:109030000000203F2000000008F808000008F808A1
:10904000001F202020201F000878880000C8380852
:10905000000007380E010000F80800F80008F800CA
:10906000033C0700073C0300081868808068180864
:1090700020302C03032C30200838C800C8380800E2
:109080000000203F2000000010080808C838080031
:109090002038262120201800000000FE02020200D5
:1090A0000000007F40404000000C30C00000000085
:1090B000000000010638C00000020202FE000000AD
:1090C000004040407F000000000004020202040053
:1090D0000000000000000000000000000000000090
:1090E0008080808080808080000202040000000078
:1090F0000000000000000000000080808080000070
:109100000019242222223F2008F80080800000005D
:10911000003F112020110E00000000808080000020
:10912000000E112020201100000000808088F8002F
:10913000000E112020103F20000080808080000061
:10914000001F222222221300008080F088888818C5
:109150000020203F202000000000808080808000D0
:10916000006B94949493600008F800808080000065
:10917000203F210000203F20008098980000000040
:109180000020203F20200000000000809898000070
:1091900000C08080807F000008F800008080800090
:1091A000203F24022D302000000808F800000000B5
:1091B0000020203F20200000808080808080800070
:1091C000203F20003F20003F808000808080000002
:1091D000203F210000203F20000080808080000090
:1091E000001F202020201F008080008080000000C1
:1091F00080FFA12020110E000000008080808000F0
:10920000000E112020A0FF808080800080808000E0
:1092100020203F212000010000008080808080000D
:109220000033242424241900008080E08080000082
:109230000000001F202000008080000000808000CF
:10924000001F202020103F20808080000080808030
:1092500000010E30080601008080008000808080C0
:109260000F300C030C300F000080800080808000E5
:109270000020312E0E312000808080000080808010
:1092800080818E70180601000080808080808000C0
:109290000021302C2221300000000000807C0202DE
:1092A00000000000003F404000000000FF00000000
:1092B00000000000FF0000000002027C80000000AF
:1092C0000040403F000000000006010102020404CB
:1092D0000000000000000000AC950008535000089A
:1092E00000000000000000008000000000000000FE
:1092F00000000000A4950008394A000800000000A2
:1093000000000000800000000000000000000000DD
:1093100000C1814001C0804101C0804100C1814045
:1093200001C0804100C1814000C1814001C0804135
:1093300001C0804100C1814000C1814001C0804125
:1093400000C1814001C0804101C0804100C1814015
:1093500001C0804100C1814000C1814001C0804105
:1093600000C1814001C0804101C0804100C18140F5
:1093700000C1814001C0804101C0804100C18140E5
:1093800001C0804100C1814000C1814001C08041D5
:1093900001C0804100C1814000C1814001C08041C5
:1093A00000C1814001C0804101C0804100C18140B5
:1093B00000C1814001C0804101C0804100C18140A5
:1093C00001C0804100C1814000C1814001C0804195
:1093D00000C1814001C0804101C0804100C1814085
:1093E00001C0804100C1814000C1814001C0804175
:1093F00001C0804100C1814000C1814001C0804165
:1094000000C1814001C0804101C0804100C1814054
:1094100000C0C101C30302C2C60607C705C5C40414
:10942000CC0C0DCD0FCFCE0E0ACACB0BC90908C884
:10943000D81819D91BDBDA1A1EDEDF1FDD1D1CDC74
:1094400014D4D515D71716D6D21213D311D1D010E4
:10945000F03031F133F3F23236F6F737F53534F4D4
:109460003CFCFD3DFF3F3EFEFA3A3BFB39F9F83844
:1094700028E8E929EB2B2AEAEE2E2FEF2DEDEC2C34
:10948000E42425E527E7E62622E2E323E12120E0A4
:10949000A06061A163A3A26266A6A767A56564A494
:1094A0006CACAD6DAF6F6EAEAA6A6BAB69A9A86804
:1094B00078B8B979BB7B7ABABE7E7FBF7DBDBC7CF4
:1094C000B47475B577B7B67672B2B373B17170B064
:1094D0005090915193535292965657975595945454
:1094E0009C5C5D9D5F9F9E5E5A9A9B5B99595898C4
:1094F000884849894B8B8A4A4E8E8F4F8D4D4C8CB4
:109500004484854587474686824243834181804023
:10951000010202030405060708090A0B0C0D0E0FD1
:109520001010010202030405060708090A0B0C0DBE
:109530000E0F1010000000000000000001020304E4
:109540000607080900000000010203041F1C1F1E7B
:109550001F1E1F1F1E1F1E1F1F1D1F1E1F1E1F1F22
:109560001E1F1E1FDDDDDDDDDCBBBBDDDDDDDDDD6A
:10957000DDDDDDDD9888888888888888777777774B
:109580007788888885555556666666666666666617
:1095900066688888833333322222222222222222C2
:1095A0002228888D4D515454000000004D6F646294
:1095B00075730000D495000800000020A40100008D
:1095C000101000083C960008A4010020241F000091
:1095D000305F0008011013D15E1B08750413317F42
:1095E0001208021E01022B02321113416D330804CE
:1095F00013436C33080313E56B33081013516E33B8
:1096000008061ABB2032171AA520297B1A0120321E
:10961000051A6518320F1AED0829741A73180138E3
:1096200013B00C0214201A01016908690A390631C5
:0C96300029A4510361127A1AAA0101104A
:04000005080000ED02
:00000001FF
