:020000040800F2
:10000000B01E002001010008715600087B4700085F
:100010008D5500089D130008B1670008000000001E
:10002000000000000000000000000000635D000808
:10003000FF14000800000000D1590008215E0008EC
:100040001B0100081B0100081B0100081B01000820
:100050001B0100081B0100081B0100081B01000810
:100060001B0100081B0100081B0100081B01000800
:100070001B010008BD1400081B010008C91400087A
:100080001B0100081B0100081B0100081B010008E0
:10009000756600081B0100081B0100088315000895
:1000A0001B010008AD5E00081B0100081B010008D1
:1000B000B95E0008CD5E0008ED5E00081B01000877
:1000C0001B0100081B0100081B0100081B010008A0
:1000D0001B01000801660008196600085D6600083B
:1000E0005D1500081B0100081B010008DFF80CD09B
:1000F00000F00EFF0048004721860008B01E0020D7
:100100000648804706480047FEE7FEE7FEE7FEE7B1
:10011000FEE7FEE7FEE7FEE7FEE7FEE7AB5E000870
:10012000ED000008202A04DB203A21FA02F0002129
:10013000704721FA02F3D040C2F1200291400843F7
:1001400019467047A0F14101192900D820307047A5
:1001500038B5D0E90221491E01EB410102EBC10192
:100160004268C1EB011102EB81010268C1EB011190
:1001700002EB8102D0E9043101EB410103EB810183
:100180003023A1F5527191FBF3F4174D6C4302EB50
:10019000C41291FBF3F403FB141100921A2902DB41
:1001A000124B1A4400920C2291FBF2F3104C634361
:1001B000009C04EBC313009391FBF2F302FB1311B9
:1001C0000C4A08E0491E40F2A324535C6343009CA0
:1001D00004EBC31300930029F4DC0146684600F0E9
:1001E0002BFD009838BD00003F0C0F00805101002E
:1001F00067C20300FABB000840EA01039B0703D073
:1002000009E008C9121F08C0042AFAD203E011F855
:10021000013B00F8013B521EF9D27047D2B201E017
:1002200000F8012B491EFBD270470022F6E710B5FB
:1002300013460A4604461946FFF7F0FF204610BD54
:1002400030B505462A460B4612F8010B13F8014B50
:1002500008B1A042F8D01CB1002802D06D1CF1E713
:10026000284630BD421C10F8011B0029FBD1801A22
:10027000704710B5002200E0521C835C8C5CA342E6
:1002800001D1002BF8D1D8B2E1B2401A10BD30B57F
:1002900004460020034600E05B1C934203D2E05C6E
:1002A000CD5C401BF8D030BD30B50546002003467C
:1002B00000E05B1C934205D2EC5CC85C201A01D1C3
:1002C000002CF6D130BD00002DE9FF4F087883B037
:1002D0009946FF2805D0491C2D2804D00024002071
:1002E00008E000200BE00124F9E700EB800003EBBD
:1002F0004000491C0B78FF2BF7D104B1404200238A
:100300000293147819461D462D2C01D02B2C04D1B4
:10031000521C2D2C13D000240294AA461478FF2CD2
:100320000FD00A25A3FB057801FB05814FF0000CD7
:1003300003FB0C11521CE3194AEB0101EEE7012407
:10034000EAE7814453EA010002D019F5C87F06DAD2
:1003500003980021C0E9001107B0BDE8F08F002527
:10036000AE4E2F46DFF8B882184600F0ADFDCDE95D
:100370000001B9F1000002DAC9F1000400E004460E
:100380000023A74A1AEB030B42EB045A12E0E007E2
:1003900007D02A4633463846414600F05CFA074605
:1003A00088462A4633461046194600F054FA054658
:1003B0000E466410002CEAD1DDE90001B9F1000F0E
:1003C0005A46534606DA00F0B8FA3A46434600F079
:1003D000B4FA05E000F03FFA3A46434600F03BFA33
:1003E000029A0AB181F00041039AC2E90001B3E721
:1003F0002DE9FF4F1F468DB0D7E901464FF0FF387A
:100400002E2045464FF000090B90B9696D1C0E98DF
:100410008847396A824688470028F6D1BAF1FF3FFB
:100420000AD024F4D064002E11DDBAF12B0F08D0CD
:10043000BAF12D0F0BD102E0404611B08DE744F424
:100440008064B9696D1C0E9888478246761E69469D
:10045000600501D52D2000E02B208DF8000001F172
:10046000010B0DF1200809E0B9696D1C0E98884751
:1004700082460F9844F40074761E0560002E02DD5B
:10048000BAF1300FF0D00B998A453ED144F0800488
:1004900006E00F99681CA9F1010944F40074086092
:1004A000B9696D1C761E0E98884782463028F0D0B8
:1004B0002BE00B998A4505D1200603D444F0800433
:1004C000761E18E0504606F0C3FB08B30DF1130189
:1004D000761E44F400748B4508D2AAF130000BF864
:1004E000010B200607D5A9F1010003E0200602D484
:1004F00009F101008146A00502D50F99681C08602A
:10050000B9696D1C0E9888478246002ED1DC53E0F5
:10051000002E51DDBAF1650F02D0BAF1450F4BD173
:10052000A00549D5B9696D1C24F44074761E0E9857
:1005300088478246002E0CDD2B2804D0BAF12D0FFF
:1005400007D144F48074B9696D1C0E9888478246BF
:10055000761EE00501D52D2100E02B2108F8011BB6
:10056000CDF82C8021E00DF12901761E44F40074B1
:1005700088450CD2AAF1300010F0FF0088F8000086
:1005800002D10B99884509D908F1010806E0E00578
:1005900001D5244801E042F20F708146B9696D1C13
:1005A0000E98884782460F980560002E04DD50465D
:1005B00006F04EFB0028D6D1F9690E988847FF2037
:1005C0008BF8000088F800000020069007904B464A
:1005D0006A4608A906A8FFF777FEA00502D46FF0C7
:1005E00001002AE714F0240F0AD0E00714D1DDE956
:1005F00006123868031D3B600068C0E900120BE07A
:10060000DDE9060100F094FA0146E00704D13868FC
:10061000021D3A600068016028460EE700001440A1
:100620000000F03FF1D8FFFF80EA010210B502F0B0
:100630000043400022D04A001FD0010E01EB12619E
:10064000C0F35600C2F3560240F4000042F4000228
:10065000A0FB022000047F39140400D0401C50EAA3
:10066000124001D44000491EC2B20C0604EBD01067
:10067000401C4008802A02D003E0002010BD20F07A
:100680000100002900DA0020184310BD30B480EAD0
:10069000010202F0004530F0004221F0004013D08A
:1006A00090B1C30DD40DC2F31601C0F31600E41AC5
:1006B00041F4000140F400027D34914201D3641CF6
:1006C00000E04900002C02DA30BC002070474FF4F3
:1006D00000000023914201D3891A034340084FEAE6
:1006E0004101F7D151B1914202D14FF0004105E0F3
:1006F00002D24FF0010101E06FF0010103EBC450A1
:10070000284430BC00F04CBB2DE9FE4F804681EA06
:100710000300C00F0C46009021F0004123F000457B
:10072000B8EB0200A94105D24046214690461C463E
:100730000B46024623F00040104347D0270DC7F375
:100740000A00C3F30A510290401A019040286BDA64
:10075000C3F3130040F4801B0098924620B100239D
:10076000D2EB030A63EB0B0B01985946C0F1400230
:10077000504600F040FA06460D4650465946019A4A
:1007800000F048FA10EB08006141002487EA11529A
:1007900084EAE7731A4340D0009A62B3019A012AAF
:1007A0004FEA075215DC001B61EB02014FF00042DB
:1007B00002EA0752CDE90042001C41F580113246A1
:1007C0002B4600F033FB03B0BDE8F08F40462146D6
:1007D000F9E7001B61EB0201001C41F580130018D2
:1007E0005B412018A2F5001747EB030140EAD570E2
:1007F000B6196D4111E06D084FEA360645EAC0753D
:100800004FEA0752001B61EB0201001C41F5801109
:1008100049084FEA30000019514132462B4603B0D7
:10082000BDE8F04F00F0F3BA009801224000002329
:10083000D0EB020263EBE073009821464FEAE074CC
:10084000B8EB000061EB0401E9E783F000435BE7EC
:1008500081F0004158E72DE9FE4F81EA030404F0DE
:10086000004421F0004100944FF0000B23F00043BE
:1008700050EA01045ED052EA03045BD0C3F30A5489
:10088000C1F30A552C44A4F2F3340194A0FB0254A2
:10089000C1F3130141F48011C3F3130343F4801334
:1008A00001FB024400FB034E840A970A44EA815488
:1008B00047EA8357A4FB076802958D0A05FB078565
:1008C0004FEA932C04FB0C542705029D4FEA06586F
:1008D00047EA1637B5EB08056EEB070C870E920E4C
:1008E00047EA811742EA8312A7FB0201B6EB0B012C
:1008F00064EB00042B0D43EA0C335E1844EB1C50F0
:10090000DA465146E7FB0201C5F313044FEA0B3305
:1009100043EA14534FEA0432019C43EA0603A4F16C
:100920000C040294009CCDE900B400F07FFA03B0FF
:10093000BDE8F08F00200146F9E72DE9F04D81EA8E
:10094000030404F0004B21F0004514464FF0000A68
:1009500023F0004150EA050220D054EA01021DD0E4
:10096000C5F30A570246C5F31303C1F31300C1F3DD
:100970000A5640F4801543F48013A7EB0608101BB9
:10098000D64608F2FD3873EB050002D308F10108E2
:1009900001E092185B41B8F1000F03DA0020014634
:1009A000BDE8F08D00204FF48011064684460EE02D
:1009B000171B73EB050705D3121B63EB05030643F7
:1009C0004CEA010C49084FEA300092185B4150EAAA
:1009D0000107EDD152EA030012D082EA040083EA53
:1009E0000501084305D0101BAB4106D201220023AC
:1009F00006E000224FF0004302E06FF001025310C6
:100A00001AEB06004CEB085110EB0A0041EB0B010E
:100A1000BDE8F04D00F0FBB970B521F00043034391
:100A20000CD0C1F30A550024D5EB040564EB040394
:100A3000D617AD1AB34102DB0020014670BD201865
:100A400041EB025170BD96230022114600F0B1B96E
:100A50000EB540F2334102910021CDE900110A4662
:100A60000B4600F0E3F903B000BD20F00040C10DDB
:100A7000C0F3160040F400007F2901DA002070471F
:100A8000962903DCC1F19601C84070479639884029
:100A9000704770B5C1F30A5201F000450024C1F35C
:100AA000130140F2FF3341F480119A4201DA002031
:100AB00070BD40F233439A42A2F2334203DC524209
:100AC000FFF730FB00E090402C43F1D0404270BD76
:100AD00030B5041E71F1000404DB4FF000444042C5
:100AE00064EB0101141E73F1000405DB1C464FF09A
:100AF0000043524263EB04038B4208BF824230BD85
:100B000030B5041E71F1000404DB4FF00044404294
:100B100064EB0101141E73F1000405DB1C464FF069
:100B20000043524263EB0403994208BF904230BD38
:100B300001F0004330B421F0004150EA010206D038
:100B40000A0DA2F56072C1F31301002A02DC30BC69
:100B500000207047440F44EAC104C100E01830BCD3
:100B600000EBC25000F01CB930B50B460146002026
:100B70002022012409E021FA02F59D4205D303FA5F
:100B800002F5491B04FA02F52844151EA2F10102E0
:100B9000F1DC30BD2DE9F05F0546002092469B4612
:100BA00088460646814640241BE028464146474683
:100BB0002246FFF7B7FA53465A46C01A914110D35E
:100BC00011461846224600F016F82D1A67EB010868
:100BD0004F4622460120002100F00DF817EB0009D6
:100BE0004E41201EA4F10104DFDC484631462A466E
:100BF0004346BDE8F09F202A04DB203A00FA02F1C8
:100C0000002070479140C2F1200320FA03F31943FA
:100C100090407047202A06DBCB17203A41FA02F0B9
:100C200043EAE07306E041FA02F3D040C2F1200249
:100C3000914008431946704710B500683C22B0FB4C
:100C4000F2F302FB1303B0FBF2F00B60B0FBF2F324
:100C500002FB1303B0FBF2F018224B60B0FBF2F37F
:100C600002FB1303B0FBF2F0021D8B600723B2FB03
:100C7000F3F403FB1422800040F2B55300F66C300D
:100C80008A61B0FBF3F2B0FBF3F403FB14004432CF
:100C900080084A61C8613B2802D3920700D0401CFB
:100CA0000022074C13460A61E25C824203D8801A94
:100CB0005B1C0B61F8E7401CC860084610BD0000D3
:100CC00006BC0008426842B1016811F8013B23B13B
:100CD000521EC0E90012184670470121C160881EEB
:100CE000704742685AB1C368016843B983688B4250
:100CF00005D0491E521CC0E90012002070474FF079
:100D0000FF3070470FB4002300B589B00CA90091E3
:100D10000B996FF00042CB601E4B06931E4B07935E
:100D20000423CDE901321D4A089202466B46002099
:100D3000FFF75EFB09B05DF814FB70B586B00646A0
:100D40004FF0FF300091CDE90101002015460C461F
:100D500004903246694604A8FFF7D4FF024604987F
:100D6000211825B108B1084600E020462860049803
:100D700000280DD0002A02DD0098884208D0081B08
:100D80000094CDE901043246694604A8FFF7BAFF92
:100D900006B070BDC50C0008E30C0008350F000854
:100DA0000029A8BF7047401C490008BF20F001007F
:100DB000704710B4B0FA80FC00FA0CF050EA01045D
:100DC00004BF10BC704749B1CCF1200421FA04F4EF
:100DD00011FA0CF118BF012121430843A3EB0C01C8
:100DE000CB1D4FEA00614FEA102042BF002010BC2B
:100DF000704700EBC35010440029A4BF10BC7047DB
:100E0000401C490008BF20F0010010BC704710B51D
:100E1000141E73F1000408DA401C41F1000192181D
:100E20005B411A4301D120F0010010BD2DE9F04DC6
:100E300092469B4611B1B1FA81F202E0B0FA80F21B
:100E400020329046FFF7D7FE04460F4640EA0A00DC
:100E500041EA0B0153465A46084313D0114653EA60
:100E6000010019D0C8F140025046FFF75BF9054672
:100E70000E46504659464246FFF7BDFE084305D090
:100E8000012004E020463946BDE8F08D00200543EE
:100E900046EAE0762C4337430A986305E40AA0EB60
:100EA00008000022FD0A44EA47540A3002D5002017
:100EB0000146E9E7010510196941DDE90845001916
:100EC0006941BDE8F04DA2E70EB540F2334202920F
:100ED0000022CDE900221346FFF7A8FF03B000BDB2
:100EE000C1F30A52C1F3130140F2FF3341F4801100
:100EF0009A4202DA00200146704740F233439A4298
:100F0000A2F2334202DC5242FFF70CB9FFF773BE84
:100F1000064C074D06E0E06840F0010394E8070046
:100F200098471034AC42F6D3FFF7E4F854BC0008FD
:100F300074BC0008C0B24FF4F05100F001B80000DA
:100F40007F2801D9002208E0064A02EB5002C007C0
:100F5000127800D1120902F00F02012090400840DF
:100F60007047000012BC000870B58C1810F8015BC7
:100F700015F0070301D110F8013B2A1106D110F832
:100F8000012B03E010F8016B01F8016B5B1EF9D136
:100F90002B0705D40023521E0DD401F8013BFAE7BC
:100FA00010F8013BCB1A921C03E013F8015B01F827
:100FB000015B521EF9D5A142D8D3002070BD0000BC
:100FC00070B5044600688168C943C90717D18168B4
:100FD00021F00101816001F09DFC05460AE000BF9F
:100FE00001F098FC401B022804D920688068C043A7
:100FF000C00706D020688068C043C007F0D000203A
:1010000070BDA06A40F01000A062E06A40F00100EC
:10101000E062012070BD0000F8B50026044600968D
:1010200000688168C943C9072DD0816841F001017A
:101030008160164816490068B0FBF1F000E0401EE0
:1010400000900028FBD101F065FC054616E000BFCA
:1010500001F060FC401B022810D920688068C04362
:10106000C0070BD0A06A40F01000A062E06A40F018
:101070000100E06284F824600120F8BD20688068E7
:10108000C043C007E4D10020F8BD0000E80B0020F9
:1010900040420F002DE9FE4F01260727009600254C
:1010A00069463C48CDE9016700F050FB08B100F00B
:1010B000ADFA0024374800F023FD6421354800F0E4
:1010C00081FC18B9334800F0BFFB0544641CE4B24E
:1010D0000A2CEFD30A24B5FBF4F0FFF7B9FCDFF8D4
:1010E000B8A04FF066394A465346FFF7B4FBDFF825
:1010F000ACB000225B46FFF720FCFFF719FD284942
:10110000FFF792FAFFF7B1FCDFF8988000256946F7
:10111000A8F80C0010208DE8C1001E4800F016FB56
:1011200008B100F073FA00264FF47A77194800F0FE
:10113000E7FC3946174800F045FC18B9154800F09F
:1011400083FB0544761CF6B20A2EEFD3B5FBF4F010
:10115000FFF77EFC4A465346FFF77DFB00225B46C5
:10116000FFF7EBFB104A114BFFF772FB104A114BD4
:10117000FFF7E3FB0022104BFFF7C6FAFFF7D8FC9E
:101180000749FFF751FAFFF770FCA8F80E00BDE819
:10119000FE8F0000E80F002066660A4000FEAF40A8
:1011A0000000C84220160020E17A14AE47E1F63F65
:1011B00022FDF675E09C713F000039401CB5BE2051
:1011C0008DF8040008208DF8050000208DF8060039
:1011D0004FF6FF700090032301AA7021014801F02F
:1011E0008BFD1CBD181000201CB5282001F0EEF965
:1011F000BE208DF8040008208DF8050000208DF831
:1012000006004FF6FF700090032301AA70210548E5
:1012100001F072FD00F0A2F8000701D4FFF7CEFF45
:101220001CBD00001810002070B500F019F80A4C21
:10123000084E31466068FFF7F7F9FFF716FC074DD7
:10124000314668802068FFF7EFF9FFF70EFCA880B1
:1012500070BD00000000C8420000002020160020E1
:1012600070B586B000208DF800008DF800008DF874
:1012700000008DF800008DF800008DF80000AC2112
:101280008DF80C1033218DF80D1004468DF80E00EA
:101290004FF6FF75032303AA70212B48009501F038
:1012A0002BFD502001F092F907E0012001F08EF9AA
:1012B0002046641CA4B2642803D200F04FF8000654
:1012C000F3D4062301AA70211F48009501F0ECFB1E
:1012D0009DF805009DF806109DF8074041EA0021A1
:1012E00044EA01200009FFF7B3FB0022174BFFF788
:1012F000B2FA6FF009063246FFF78EFB3246FFF76F
:101300008BFBFFF715FC124D28609DF808109DF827
:10131000090041EA042140EA0120C0F31300FFF76D
:1013200097FB00220B4BFFF796FA3246FFF774FB50
:101330003246FFF771FB0022074BFFF786FAFFF7F3
:10134000F7FB686006B070BD18100020000059401F
:101350000000002000006940000049401CB54FF625
:10136000FF700090012301AA7021034801F09CFB4B
:101370009DF804001CBD000018100020064B4FF41F
:101380000051012805D0002805D10022184601F09F
:10139000BBBA0122FAE7704700100140FEE70000E7
:1013A00000B58BB000200121CDE906010590009029
:1013B00001900290039004900E20CDE90810694638
:1013C0000A4800F06DFC08B100F020F9074800F071
:1013D0004BFF08B100F01AF90221044800F0F0FBBD
:1013E00008B100F013F90BB0002000BDC00F0020C1
:1013F00030B4D0F89C20D0F8A0404FF0FF3352F822
:10140000212024F81130C2F307420121831883F808
:10141000B010D0F8AC3030BC114618472DE9F04F71
:101420009946DDE90A5A4FF0FF3BDDF824C041E060
:10143000AB1A5BB20C78002B03DD00BF04FA03F497
:1014400003E0C3F1000324FA03F4E6B202DDC5F1C0
:10145000080301E0C2F10803DCB2844200D904466B
:1014600005EB0408FF2707FA08F3C5F10805EF406C
:101470003B439CF800509E431D4035432244D2B26A
:101480008CF80050072A07D90022B9F1000F01D0CB
:101490005B4600E00123194408F0FF05072D07D93A
:1014A0000025BAF1000F01D05B4600E001239C4407
:1014B000001BC0B20028BBD1BDE8F08F014800F08E
:1014C00075BF0000BC140020014800F06FBF000091
:1014D0007814002030B590F840500124AC40C56B22
:1014E0006C60046863604368102B036803D09960E4
:1014F0000068C26030BD9A600068C16030BD70474E
:10150000411C0CD00749B1F90020904201D1521E74
:101510000A80054A00EB4000002102F830104FF02D
:10152000FF307047140100204816002010B50C460B
:10153000034604F070FA10B14FF0FF3010BDD3F83D
:101540000021521CD01702EB106020F0FF00101A8F
:10155000C3F80001185C2070002010BD10B54FF4D6
:10156000805001F0D5F84FF4005001F0D1F84FF45D
:10157000804001F0CDF8BDE810404FF4004001F08C
:10158000C7B810B5202001F0C3F8BDE810404FF4F3
:10159000807001F0BDB8000010B50C46034604F0A1
:1015A00042FA28B109A005F08FF94FF0FF3010BDC5
:1015B000D3F80421521CD01702EB106020F0FF007A
:1015C000101AC3F804011C54002010BD7175657514
:1015D000652069732066756C6C0A00002DE9F04186
:1015E00016460D46074600240CE029783846FFF7DA
:1015F000D3FF002803DA4FF0FF30BDE8F081641C10
:10160000A4B26D1CB442F0D30020F6E772B6FEE738
:1016100070B50546D0F83801008818B300242E199B
:1016200096F8B0000F2818D028680078A04214D08F
:1016300096F8400140B9D5F8342112B12146284628
:101640009047012086F8B00096F840012146401EE0
:1016500086F84001284607F085F8641CE4B2802C27
:10166000DDD370BDB5F93001FFF74AFFA5F83001B1
:1016700070BD0000F8B500250446009590F82400E0
:1016800001280BD0012084F824002046FFF798FCA5
:101690002046FFF7C1FC060002D050E00220F8BD52
:1016A000A06A20F4885040F00200A062022001F0FD
:1016B0004BFE25490968B1FBF0F0400000E0401EF8
:1016C00000900028FBD12068816841F0080181600A
:1016D00001F020F9074608E001F01CF9C01B0A28B8
:1016E00003D920688068000715D420688068000747
:1016F000F2D42068816841F00401816001F00AF9A8
:10170000074612E001F006F9C01B0A280DD920682F
:101710008068400709D5A06A20F0020040F0100060
:10172000A06284F824500120F8BD2068806840073A
:10173000E8D4A06A20F0020040F00100A06284F822
:1017400024503046F8BD0000E80B0020F8B5002416
:10175000009490F824202546012A12D0012280F816
:1017600024204A681F23072A0DD20668776B521E71
:1017700002EB820293409F430B6893401F437763C1
:1017800019E00220F8BD06680D2A0AD2376BD21F75
:1017900002EB820293409F430B6893401F433763E1
:1017A00009E0F76A0D3A02EB820293409F430B680F
:1017B00093401F43F7620A68072306680A2A0AD380
:1017C000F7680A3A02EB420293409F438B689340CA
:1017D0001F43F76008E0376902EB420293409F43E2
:1017E0008B6893401F4337610A68102A01D0112A81
:1017F00020D1124B02689A4217D193681B0219D468
:10180000936843F4000393600968102912D10C49CE
:101810000C4A0968B1FBF2F101EB8101490000E0DB
:10182000491E00910029FBD104E0816A41F02001AA
:101830008162012480F824502046F8BD0024014034
:10184000E80B002040420F000068C06C70470000A9
:101850002DE9F0414FF0000704003D467ED0A06A1C
:10186000002628B9E66284F82460204600F07EF85D
:101870002046FFF7A5FBA16AC90600D420B1A06AE3
:1018800040F01000A06269E0A16A21F4885141F0A3
:101890000201A1626268E169237B0A4347EA4301CE
:1018A0000A43A1684FF48077B94209D0012907D0D3
:1018B0005FF0000194F814C0BCF1010F02D00AE0FF
:1018C0003946F7E7F3B1A36A43F02003A362E36A62
:1018D00043F00103E3622368D3F804C02CF4694C9D
:1018E0004CEA010CC3F804C021688B68DFF870C0B3
:1018F00003EA0C0313438B60A168B9420BD00129A2
:1019000009D00CE0DFF85CC0A3690CEB43330B4358
:1019100043F40061DFE7218A0D05A5F580152168F4
:10192000CB6A23F470032B43CB62216889680E4B8A
:101930001940914208D1E662A16A21F0020141F00A
:101940000101A162BDE8F081A06A20F0020040F030
:101950001000A062E06A40F00100E0620120F1E7BF
:10196000FDF7E1FF00E0FFFFFE0E1FFF00B585B0B1
:101970000021009101910291039100680E49884273
:1019800018D10E48816941F400718161816901F4C7
:1019900000710491816941F00401816180696946A7
:1019A00000F00400049002200090032001900448FD
:1019B00000F0BAFE05B000BD002401400010024056
:1019C000000801402DE9F84300270D460446009722
:1019D00000F0A0FF804620688168C90508D5A06A8C
:1019E00040F02000A06284F824700120BDE8F88354
:1019F0004168C90503D4C06A10F4700F2AD00220D0
:101A000001F0A2FC3B490968B1FBF0F620680369CC
:101A100039490B424FEA61014FEAA1121FD1C36855
:101A20004FEA611C13EA0C0F19D103690B4225D14F
:101A3000C068104222D1142023E0681C0AD02DB1C6
:101A400000F068FFA0EB0800A84203D920680068F6
:101A5000800725D5206800688007EED52DE0036952
:101A60000B4202D1C168114206D0026923490A42E1
:101A700006D1C068084203D1542002E0292000E0CA
:101A8000FC204643009816E0681C11D02DB100F0F0
:101A900041FFA0EB0800A8420AD90098B04207D243
:101AA000A06A40F00400A06284F8247003209DE73F
:101AB0000098401C0090B042E6D321686FF01200FD
:101AC0000860A06A40F40070A06220688068C0F3DB
:101AD000424007280CD1207B50B9A06A20F48070C6
:101AE000A062A06AC00403D4A06A40F00100A06212
:101AF00000207BE7E80B002024499224499224002F
:101B000070B5044690F8240001280DD0012084F817
:101B100024002046FFF780FA02004FF0000005D0B5
:101B200084F82400104670BD022070BDA16A40F206
:101B30000123994341F48071A1621F4D23681F491D
:101B4000AB4218D10E6816F4702F14D0A66A46F472
:101B50008016A6620E68760505D5A66A26F400569C
:101B600046F48056A662A66AF6040AD5E66A26F00E
:101B70000606E66206E0A66A26F48016A6625E689D
:101B8000E9E7E06284F824006FF002001860206842
:101B90008368C3F34243072B05D1A84208D10968E3
:101BA00011F4702F04D0816841F480118160B9E78D
:101BB000816841F4A001F9E70028014004240140B4
:101BC00090F82020012A07D0022A05D0416A41F46A
:101BD0008021416201207047006842690A434261E6
:101BE00000207047F0B590F820500468A468012DDB
:101BF00005D0022D03D0416A41F480214DE014F05C
:101C0000406F01D1E50045D5C4F301640125A5402D
:101C10001D608D684FF4C0739DB1CE6835434E682A
:101C200045EAC605066803EB0417F5514FF4C27583
:101C3000076805EB04150E697E51097D012905D061
:101C400009E00E88CD6845EA4655EBE701684E5934
:101C500046F480764E511179D2F805504FF4C6768D
:101C600041EA0521056806EB0416A9511178D2F85E
:101C700001204FF4C47541EA0221026805EB041506
:101C80005151006803EB0411425842F001024250E6
:101C90000020F0BD416A41F4001141620120F0BD15
:101CA00010B590F820300268012B07D0022B05D028
:101CB000416A41F480214162012010BDD2F8000246
:101CC00040F00100C2F80002087D00F01F0301206F
:101CD0009840D2F81C328343C2F81C32CB69B3B9A6
:101CE000D2F80C328343C2F80C328C894B6864F30F
:101CF0001F434C6902EBC404C4F840320C890B68E2
:101D000064F31F434C6902EBC404C4F84432CB694A
:101D1000012B16D1D2F80C320343C2F80C320C88D6
:101D20004B6864F31F434C6902EBC404C4F84032AF
:101D30000C89CB6864F31F434C6902EBC404C4F8FC
:101D400044328B69002BD2F804320FD053EA0003DF
:101D5000C2F804320B69002BD2F8143208D00343C6
:101D6000C2F81432096A012904D008E08343EFE77E
:101D70008343F5E7D2F81C120143C2F81C12D2F8D3
:101D8000000220F00100C2F80002002010BD7047E0
:101D900070B590F82040012C05D0022C03D0416A88
:101DA00041F4802128E0046809B32469A40720D005
:101DB0004FF4D874056804EB01142D5915F004058F
:101DC000956005682D591AD0ED08556005682C59A5
:101DD00004F00204D4604FF4DA74056804EB0114D3
:101DE0002E5906F00F06082E0CD308250DE0E468E6
:101DF000DCE7416A41F400114162012070BD6D0DC4
:101E00001560E3E72D5905F00F05156105682D599B
:101E1000C5F30725956105682C59240C54614FF4CE
:101E2000DC72046802EB0112A4581C700468A45808
:101E3000240A5C700468A458240C9C700468A2589E
:101E4000120EDA704FF4DE72046802EB0112A4582D
:101E50001C710468A458240A5C710468A458240CFA
:101E60009C710468A258120EDA71006829B10169E8
:101E700041F020010161002070BDC16841F02001E6
:101E8000C160F8E72DE9F05F054600680024466967
:101E9000D0F804908768D0F80CB0D0F810A0D0F833
:101EA0001880F10748D0F90714D001218160B807E4
:101EB00003D5284600F005FA0CE0780702D54FF468
:101EC000006407E0380702D54FF4805402E028464A
:101ED00000F0F6F9F80516D529684FF4807088608F
:101EE000B80503D5284600F0EEF90CE0780502D5D8
:101EF00044F4005407E0380502D544F4804402E07D
:101F0000284600F0DFF9F80316D529684FF4803031
:101F10008860B80303D5284600F0D7F90CE07803B1
:101F200002D544F4004407E0380302D544F4803479
:101F300002E0284600F0C8F9300707D55FEACB6019
:101F400004D52968102044F40074C86070074FF06D
:101F5000080707D55FEA0B7004D52868C7602846D4
:101F600000F05AF9B00706D52868C068800702D08B
:101F7000284600F053F9700607D55FEACA6004D519
:101F80002968102044F480640861B00607D55FEA30
:101F90000A7004D528680761284600F061F9F00648
:101FA00006D528680069800702D0284600F059F954
:101FB000B00308D55FEAC96005D5296810204860DC
:101FC000284600F04FF9F00307D55FEA097004D501
:101FD00028684760284600F079F9300446D55FEA62
:101FE000497040D5F00504D55FEAC87001D044F0CF
:101FF0000104B00504D55FEA887001D544F00204FD
:10200000700504D55FEA487001D544F0040430053A
:1020100029D518F0700F26D008F07000402815D090
:1020200006DC102809D020280AD0302816D10AE072
:1020300050280ED0602811D10EE044F008040DE0C5
:1020400044F010040AE044F0200407E044F04004A7
:1020500004E044F0800401E044F48074286881695D
:1020600021F070018161296804204860002C05D0AE
:10207000686A204368622846FFF789FEBDE8F09F42
:1020800070B5040003D094F8200010B104E00120E2
:1020900070BD204600F082F82068016841F001011F
:1020A000016000F037FC0546052604E000F032FC34
:1020B000401B0A2811D820684068C007F6D0206865
:1020C000016821F00201016000F024FC05460BE0EC
:1020D00000F020FC401B0A2806D9606A40F400305A
:1020E000606284F82060D2E7206840688007EFD4FF
:1020F000207E0128206801683DD021F08001016028
:10210000607E01282068016838D021F0400101601C
:10211000A07E01282068016833D021F020010160F1
:10212000E07E0128206801682ED041F01001016096
:10213000207F01282068016829D021F00801016072
:10214000607F01282068016824D021F0040101602B
:10215000D4E902010843D4E9041211430843616839
:10216000491E08432168C86100206062012084F88C
:102170002000002070BD41F08001C0E741F0400127
:10218000C5E741F02001CAE721F01001CFE741F097
:102190000801D4E741F00401D9E7000010B586B08A
:1021A0000021009101910291039100681749884232
:1021B0002AD11748C16941F00071C161C16901F0BC
:1021C00000710491816941F0040181618069114CC1
:1021D00000F0040004904FF400600090694620462F
:1021E00000F0A2FAA01400900220019003200390B6
:1021F0006946204600F098FA00221146142001F0AA
:102200006BF8142001F05AF806B010BD00640040CD
:102210000010024000080140704700000EB50D4A52
:1022200000210D4801ABFFF7B3FD0A480188ADF866
:102230000010C16802290BD05FF000018DF8021078
:10224000007C8DF803006946044805F0F8FA0EBDDD
:102250000121F3E720170020C00F00209C09002077
:10226000704770477047000070B5044690F8200032
:10227000012804D0606A40F40020606218E0022067
:1022800084F820002068016821F00101016000F05D
:1022900041FB05460EE000BF00F03CFB401B0A2856
:1022A00008D9606A40F400306062052084F820009C
:1022B000012070BD20684068C007EDD1606270BD2C
:1022C000704770477047704770477047704710B548
:1022D00090F821100022022905D00421816380F8A2
:1022E0002020012010BD01680B6823F00E030B6055
:1022F00001680B6823F001030B6090F84030C46B59
:10230000012101FA03F3636080F8211080F8202096
:10231000104610BD10B590F821100024022903D0FA
:102320000421816301243DE001680A6822F00E0265
:102330000A6001680A6822F001020A601A4A01680C
:10234000914201D1012121E0174A1432914201D179
:1023500010211BE0144A2832914201D1891515E061
:10236000114A3C32914201D189140FE00E4A503299
:10237000914202D14FF4803108E00B4A643291421D
:1023800002D14FF4801101E04FF08071064A083A03
:102390005160012180F82110002180F82010416B4C
:1023A00001B18847204610BD080002402DE9F05FCA
:1023B000C16B0C6801680B68D0F840C0042202FAB7
:1023C0000CF2494DDFF824A1494E4A4FDFF828B1FD
:1023D000DFF828E122422CD05A072AD50A68920653
:1023E00003D40A6822F004020A600168A94201D1FC
:1023F000042219E0514501D1402215E0B14202D139
:102400004FF4806210E0B94202D14FF480420BE0F9
:10241000594502D14FF4802206E0714502D14FF4B4
:10242000800201E04FF080622F4908394A60C16A9A
:102430003BE04FF0020808FA0CF818EA040F4FF0DE
:1024400000094FF0010235D05FEA837832D50B687E
:102450009B0605D40B6823F00A030B6080F821204B
:102460000168A94201D1022219E0514501D120227F
:1024700015E0B14202D14FF4007210E0B94202D12E
:102480004FF400520BE0594502D14FF4003206E000
:10249000714502D14FF4001201E04FF00072124971
:1024A00008394A6080F82090816A00291AD0BDE876
:1024B000F05F0847082505FA0CF5254212D01B07E6
:1024C00010D50B6823F00E030B6090F84010C36B1F
:1024D00002FA01F15960826380F8212080F820908F
:1024E000016BE2E7BDE8F09F080002401C000240DB
:1024F0003000024044000240580002406C0002409C
:1025000030B528B308C8134914221944B1FBF2F1BD
:102510008900C16310498163022141771A6843F63B
:10252000F0718A43D0E900142143D0E902452C43DD
:1025300021430469214344692143846921431143B0
:10254000196000214163012242770177084630BDBE
:10255000012030BDF8FFFDBF0000024070B5044609
:1025600090F82000002501280CD0012084F82000DC
:1025700094F821600020012E06D084F82000022566
:10258000284670BD022070BD022684F82160A06339
:102590002068066826F0010606602046FEF79AFFCE
:1025A000E06A00282068016802D041F00E0106E0D0
:1025B00021F0040101602068016841F00A01016016
:1025C0002068016841F001010160D9E770B5044657
:1025D00000F0A0F90546601C02D0044800780444CD
:1025E00000F098F9401BA042FAD370BDDC0B00202C
:1025F000264910B50B68264A14681B1BC82B44D308
:102600000968244C1160B0F5005F17D0B0F5804F19
:102610001CD0202822D0B0F5004F27D0B0F5805F25
:102620002CD0B0F5807F30D10020FEF7A7FE062029
:10263000207019A0BDE8104004F046B901210846F9
:1026400002F03AFC0120207018A0F3E700210120DD
:1026500002F032FC0220207019A0EBE701210220D9
:1026600002F02AFC032020701AA0E3E700210220D8
:1026700002F022FC042020701BA0DBE70120FEF703
:102680007DFE052020701DA0D4E710BDE40B0020C6
:1026900028000020230000204B657920455343206B
:1026A0002020507265737365640A00004B657920C1
:1026B0005570202020507265737365640A00000015
:1026C0004B657920446F776E205072657373656433
:1026D0000A0000004B6579204C65667420507265D5
:1026E000737365640A0000004B657920526967685E
:1026F0007420507265737365640A00004B6579201D
:102700004F4B20202020507265737365640A0000CF
:10271000044910B50A68024202D00860FFF768FF5A
:1027200010BD0000140401402DE9F84FDFF8B89106
:102730000024A9F1040B23460F2709F1040AABF189
:10274000040EC9E00125A5402A40AA427DD1674E6A
:10275000D1F804C0ACEB0608B44532D014DCBCF1AF
:10276000030F3AD009DCBCF1000F2AD0BCF1010FF5
:102770001CD0BCF1020F31D11DE0BCF1110F17D0FC
:10278000BCF1120F2AD119E0B8F5881F19D006DC68
:10279000B8F5803F15D0B8F5801F1FD111E0B8F50E
:1027A000001F0ED0B8F5041F18D10AE0CB6815E061
:1027B000CB681B1D12E0CB6808330FE0CB680C33ED
:1027C0000CE08B682BB1012B4FF0080303D045615F
:1027D00004E0042302E0056100E00023FF2A01D8A1
:1027E000064601E000F104064FEA840501D9A5F18F
:1027F0002005D6F8008007FA05FC28EA0C0803FA41
:1028000005F548EA0508C6F800804D68ED0062D578
:10281000374DAE6946F00106AE61AD6924F003069E
:1028200005F001050095334D06EB050CDCF808506A
:10283000A607360F07FA06F825EA0805DFF8B8807C
:10284000404503D14FF0000817E044E0DFF8AC80CA
:10285000404502D14FF001080FE0DFF8A480404569
:1028600002D14FF0020808E0DFF89880404502D11D
:102870004FF0030801E04FF0040808FA06F848EAB0
:102880000508CCF808804D68D9F80060ED024D4687
:1028900001D5164300E096432E604D68DAF80060DB
:1028A000AD02554601D5164300E096432E604D68B3
:1028B000DBF80060AD035D4601D5164300E09643AA
:1028C0002E604D68DEF80060ED03754601D51643B5
:1028D00000E096432E60641C0D682A46E5407FF4B4
:1028E00031AFBDE8F88F000008040140000011106E
:1028F000001002400000014000080140000C0140AF
:1029000000100140001401400AB101617047090440
:10291000FBE700000148806870470000DC0B0020E6
:1029200070B5040025D094F83D00002520B984F846
:102930003C50204600F03CFC242084F83D002068F8
:10294000016821F0010101602068016841F4004143
:1029500001602068016821F40041016000F052FE2E
:102960004D4A6168914201D84C4900E04C49884287
:1029700001D2012070BD4B492368B0FBF1F15E68C4
:1029800026F03F060E435E606368934206D94FF41B
:10299000967359434FF47A73B1FBF3F12368491CE2
:1029A0001E6A26F03F06314319626168914210D8D1
:1029B0004900401EB0FBF1F2521CC2F30B02042A84
:1029C00001D2042022E0B0FBF1F0401CC0F30B0068
:1029D0001CE0A268F2B301EBC10303EB0116431E36
:1029E000B3FBF6F35B1C43F480431B0549D092B361
:1029F00001EBC10202EB0111401EB0FBF1F0401CE3
:102A0000C0F30B0040F4804040F400402168CA69E4
:102A10004CF6FF739A431043C861D4E90710014391
:102A20002068026822F0C00211430160D4E903016A
:102A300001432068826848F2FF339A431143816062
:102A4000D4E9050108432168CA6822F0FF02104357
:102A5000C86001E00EE016E02068016841F0010165
:102A600001602564202084F83D00256384F83E50F1
:102A7000002070BD01EB4106431EB3FBF6F35B1C67
:102A8000B3E70120C2E701EB4101401EB0FBF1F0CA
:102A9000401CC0F30B00B7E7A086010080841E0035
:102AA00000093D0040420F002DE9F84F0025DDF8F8
:102AB0002890984617468A4604460095FFF72AFF55
:102AC000064694F83D0020287AD119230122864930
:102AD0002046009602F02CF80028F5D194F83C002E
:102AE00001286DD0012084F83C0020680168C907E6
:102AF00003D1016841F0010101602068016821F4FF
:102B000000610160222084F83D00102084F83E001E
:102B100025646762A4F82A80608D20857348E0628E
:102B200033464A465146204601F040FE00287CD1FB
:102B3000208DDFF8BC81202768B1012814D002283D
:102B4000206801681ED041F48061016020684169FD
:102B500080690090BBE0206841698169009101684B
:102B600041F400710160B2E02068016821F48061E5
:102B7000016072B62068416981690091016841F481
:102B800000710AE041F40061016072B62068416999
:102B900081690091016821F48061016062B696E06C
:102BA000032865D801280CD002284B464FF00002BC
:102BB0004146204600960BD001F0BAFFA8BB0CE0BE
:102BC00090E032464946204602F058F868BB71E072
:102BD00001F0AEFF48BB72B633E02068016821F413
:102BE0008061016072B620680069616A0870606A7D
:102BF000401C6062208D401E2085608D401E6085D7
:102C00003C4846F2A8110068B0FBF1F0C0EBC000F0
:102C100000EB80000090401E009007D020684069C3
:102C2000C04340070DD50098F5E727E044F8305F32
:102C30006773A573206940F02000206162B6257398
:102C40001CE02068016841F400710160206800699F
:102C5000616A0870606A401C6062218D491E21858E
:102C6000618D491E618562B621680969017025E0A0
:102C700032464946204602F001F810B10120BDE875
:102C8000F88F20680069616A0870606A401C6062A1
:102C9000208D401E81B22185608D401E6085206898
:102CA0004269D243520712D4032903D1016821F4A7
:102CB0008061016020680069616A0870606A401C78
:102CC0006062208D401E2085608D401E6085208DB5
:102CD00000287FF465AF84F83D7084F83E5084F896
:102CE0003C50CCE70220CAE7020010000000FFFFC2
:102CF00004000100E80B00202DE9F84F1F46904624
:102D00008A460446DDF82890FFF704FE054694F84D
:102D10003D0020287FD119230122404920460095FB
:102D200001F006FF002876D194F83C00012872D00B
:102D3000012084F83C0020680168C90703D10168BC
:102D400041F0010101602068016821F40061016027
:102D5000212084F83D00102084F83E0000262664DF
:102D6000C4F824806785608D20852D48E0622B465D
:102D70004A465146204601F08FFD90B920684169CE
:102D80008069009036E02A464946204601F0AEFFB1
:102D900050B1206C042804D12068016841F400710E
:102DA00001600120BDE8F88F606A21680078086141
:102DB000606A401C6062618D491E6185218D491EDB
:102DC00089B2218522685369DB435B070BD451B17B
:102DD00000781061606A401C6062608D401E6085F2
:102DE000208D401E20852A464946204601F074FE6B
:102DF0000028CED1208D0028C5D154F83D0B0168A4
:102E000041F400710160202004F81E09E67766771E
:102E10000020C7E7FFE70220C4E70000020010001F
:102E20000000FFFF2DE9FF4F83B00025DDE9107999
:102E30009A4693460446DDF848800095FFF76AFD00
:102E4000064694F83D0020287CD1192301228849A8
:102E50002046009601F06CFE0028F5D194F83C0065
:102E600001286FD0012084F83C0020680168C90760
:102E700003D1016841F0010101602068016821F47B
:102E800000610160222084F83D00402084F83E006B
:102E900025646762A4F82A90608D20857548E062F9
:102EA000CDE9008653465A462046049901F042FD7A
:102EB00000287CD1208DDFF8C091202768B101283F
:102EC00014D00228206801681ED041F4806101609E
:102ED0002068416980690090BCE02068416981698F
:102EE0000091016841F400710160B3E0206801685D
:102EF00021F48061016072B62068416981690091A6
:102F0000016841F400710AE041F40061016072B6A9
:102F10002068416981690091016821F48061016044
:102F200062B697E0032865D801280CD002284346F2
:102F30004FF000024946204600960BD001F0F8FD04
:102F4000A8BB0CE091E032464146204601F096FED7
:102F500068BB72E001F0ECFD48BB72B633E020685C
:102F6000016821F48061016072B620680069616ABD
:102F70000870606A401C6062208D401E2085608D54
:102F8000401E60853D4846F2A8110068B0FBF1F094
:102F9000C0EBC00000EB80000090401E009007D006
:102FA00020684069C04340070DD50098F5E727E049
:102FB00044F8305F6773A573206940F020002061FA
:102FC00062B625731CE02068016841F4007101605D
:102FD00020680069616A0870606A401C6062218D27
:102FE000491E2185618D491E618562B62168096986
:102FF000017026E032464146204601F03FFE18B1FE
:10300000012007B0BDE8F08F20680069616A087090
:10301000606A401C6062208D401E81B22185608DF7
:10302000401E608520684269D243520712D40329AA
:1030300003D1016821F48061016020680069616A40
:103040000870606A401C6062208D401E2085608D83
:10305000401E6085208D00287FF464AF84F83D70A9
:1030600084F83E5084F83C50CBE70220C9E70000CA
:10307000020010000000FFFF04000100E80B002028
:103080002DE9FF4F83B09A46DDE911979346044638
:10309000DDF84080FFF73EFC054694F83D0020280F
:1030A0007FD11923012240492046009501F040FDBF
:1030B000002876D194F83C00012872D0012084F8D1
:1030C0003C0020680168C90703D1016841F0010193
:1030D00001602068016821F400610160212084F80A
:1030E0003D00402084F83E0000262664C4F8248079
:1030F000A4F82A90608D20852C48E062CDE9007507
:1031000053465A462046049901F092FC70B930E0CB
:103110002A463946204601F0E9FD58B1206C0428C2
:1031200004D12068016841F400710160012007B0FA
:10313000BDE8F08F606A216800780861606A401C11
:103140006062218D491E89B22185628D521E628581
:1031500022685369DB435B070BD469B100781061C7
:10316000606A401C6062208D401E2085608D401E7C
:103170006085208D0028CBD12A463946204601F0B3
:10318000ABFC0028CAD154F83D0B016841F4007132
:103190000160202004F81E09E67766770020C6E764
:1031A000FFE70220C3E70000020010000000FFFF5D
:1031B00010B586B000210091019102910391006841
:1031C0000F4988421AD10F4CA06940F00800A06155
:1031D000A069694600F008000490C0200090122009
:1031E0000190032003900848FFF79EFAE06940F43D
:1031F0000010E061E06900F40010049006B010BD1A
:103200000054004000100240000C01400248816858
:103210000278114481607047DC0B0020074810B52C
:10322000016841F010010160032000F075F80F20E3
:1032300000F006F800F024F8002010BD0020024045
:1032400070B50D4D04464FF47A712878B1FBF0F05B
:103250000A490968B1FBF0F000F0F3FC48B9102C02
:1032600007D200222146501E00F036F800206C6084
:1032700070BD012070BD0000DC0B0020E80B0020B9
:103280000C4808B5816941F001018161816901F053
:1032900001010091C16941F08051C161C06900F034
:1032A000805000900448416821F0E06141F00071D5
:1032B000416008BD0010024000000140002809DB09
:1032C00000F01F02012191404009800000F1E02040
:1032D000C0F8001170470000F0B40E4B1B680C469C
:1032E000C3F30223C3F10705042D00D90425191DDA
:1032F000072901D2002300E0DB1E012606FA05F1B2
:10330000491E214099409E40761E16403143F0BC34
:1033100003F0FEBA0CED00E0064900F00702086871
:103320004FF6FF03184040EA0220034A10430860AA
:10333000704700000CED00E00000FA050149012093
:103340000862704700000E4210B501460020234C71
:10335000012922D0022939D010291DD161682268A3
:10336000D20119D51E48C1F38342C903805C0AD536
:1033700061681B4AC1F34041921E515C194AB2FB7D
:10338000F1F1484301E0184948436168490203D418
:1033900040000321B0FBF1F010BD226AC2F301210D
:1033A000012903D1920701D5C80310BD022905D117
:1033B000626A920702D549F6404010BD0329FCD14C
:1033C00021688903F9D54FF2244010BD00F02AF995
:1033D0006168C1F38131491C4900DBE700100240FC
:1033E000D2BB000800127A0000093D002DE9F84325
:1033F00005460078354CC00754D0E0690026C0006F
:1034000008D4E06940F08050E061E069012600F0F6
:10341000805000902E480168C90512D4016880468A
:1034200041F480710160FFF775FA074605E000BFBF
:10343000FFF770FAC01B642823D8D8F80000C00535
:10344000F6D5206A10F4407021D0A98801F44071AB
:1034500081421CD0206A1F49012220F440700A607A
:1034600000220A602062C00711D0FFF753FA074616
:1034700041F2883808E000BFFFF74CFAC11B414514
:1034800002D90320BDE8F883206A8007F4D5206ABA
:10349000696820F44070084320621EB1E06920F0A2
:1034A0008050E0612878800705D56068A96820F41D
:1034B0004040084360602878C00605D56068E96828
:1034C00020F48000084360600020DBE70010024029
:1034D00000700040400442422DE9F0470F460500CD
:1034E00061D0434E306800F00700B84209D230681E
:1034F00020F0070038433060306800F00700B84221
:1035000051D128683B4C810712D5400703D560682C
:1035100040F4E06060602878000703D5606840F4FC
:10352000605060606068A96820F0F0000843606047
:103530002878C00728D06868012810D021680228A0
:1035400010D0890700292EDA616821F003010143B8
:103550006160FFF7DFF9804641F288390DE02168AC
:103560008903EFE78901EDE7FFF7D4F9A0EB080144
:10357000494502D90320BDE8F0876068696800F01A
:103580000C00B0EB810FEFD1306800F00700B842BB
:103590000BD9306820F0070038433060306800F005
:1035A0000700B84201D00120E5E72878400705D59B
:1035B0006068E96820F4E0600843606028780007EC
:1035C00006D56068296920F4605040EAC100606057
:1035D00000F038F86168084AC1F30311515CC84033
:1035E0000649086006480068FFF72AFE0020C2E787
:1035F0000020024000100240E2BB0008E80B00205F
:10360000E00B00200448054900684968044AC1F3FA
:103610000221515CC8407047E80B002000100240B6
:10362000F2BB00080448054900684968044AC1F330
:10363000C221515CC8407047E80B002000100240D6
:10364000F2BB00080E4A51680E4801F00C03042B2F
:1036500011D0082B0FD10C48C1F38343C903C05CC0
:103660000AD55168084AC1F34041921E515C054A8F
:103670005043B0FBF1F070470449484370470000E5
:103680000010024000127A00C0BB000800093D0093
:103690002DE9F84F040070D02078C04DC00749D004
:1036A0006868C0F38100012807D06868C0F3810012
:1036B000022809D16868C00306D52868800339D577
:1036C00060680028E7D035E06068B0F5803F0BD037
:1036D00010B1B0F5A02F11D0286820F480302860F8
:1036E000286820F4802002E0286840F480302860B8
:1036F000606890B1FFF70EF906460AE0286840F4CA
:1037000080202860F0E700BFFFF704F9801B6428E1
:1037100073D828688003F7D50CE0FFF7FBF806465E
:1037200005E000BFFFF7F6F8801B6428F0D8286892
:103730008003F7D420789A4E80074FF001094FF0AC
:10374000000839D5686810F00C0F07D06868C0F31E
:103750008100022809D16868C00306D42868800760
:1037600014D52069012808D110E02069B0B1C6F84D
:103770000090FFF7CFF8074605E00AE1FFF7CAF827
:10378000C01B0228C4D828688007F7D5286861695B
:1037900020F0F80040EAC10028600DE0C6F8008083
:1037A000FFF7B8F8074604E0FFF7B4F8C01B02289B
:1037B00023D828688007F7D4207800072CD57948CB
:1037C000A169D9B1C0F80090FFF7A4F8074604E05A
:1037D000FFF7A0F8C01B02280FD8686A8007F7D54A
:1037E00071484FF4FA510068B0FBF1F0009000BF4F
:1037F0000098411E0091FAD20EE080E0C0F80080EF
:10380000FFF788F8074604E0FFF784F8C01B02289A
:1038100075D8686A8007F7D42078400760D5E869D2
:103820000027C00008D4E86940F08050E861E869EA
:10383000012700F0805000905C480168C90513D44E
:103840000168834641F480710160FFF763F88246A6
:1038500006E000BFFFF75EF8A0EB0A0064284ED830
:10386000DBF80000C005F5D5E06801280AD008B1F2
:10387000052813D0286A20F001002862286A20F069
:10388000040002E0286A40F001002862E06841F28A
:10389000883B98B1FFF73EF882460BE0286A40F07B
:1038A00004002862EEE700BFFFF734F8A0EB0A013E
:1038B00059455AD8286A8007F6D50CE0FFF72AF850
:1038C000824605E0FFF726F8A0EB0A0159454CD8DF
:1038D000286A8007F6D41FB1E86920F08050E861BB
:1038E000E06988B36968C1F38101022944D00228E4
:1038F000C6F8608004D0FFF70DF8044638E034E0E5
:10390000FFF708F8074604E0FFF704F8C01B022899
:103910002BD828688001F7D4206AB0F5803F05D104
:103920006868A16820F4003008436860D4E90801A1
:103930000843696821F4741108436860C6F8609010
:10394000FEF7E8FF044606E025E000BFFEF7E2FFD1
:10395000001B022809D828688001F7D51BE000BFAA
:10396000FEF7D8FF001B022802D90320BDE8F88F1C
:1039700028688001F4D40EE00128F7D06868226A34
:1039800000F48031914204D1616A00F470108842E1
:1039900001D00120EAE70020E8E700000010024023
:1039A0000000424280044242E80B002000700040C8
:1039B000024850F8210080B270470000006C0040BF
:1039C000024800EB810091B201607047006C00403A
:1039D00070B5040003D0607C002610B105E0012022
:1039E00070BD2674204600F03DF802206074204629
:1039F00000F00AF9042550BB204602F03EF830BB27
:103A00002068416821F007014160A06820B1144896
:103A1000016821F0010101601148001F0168A268DE
:103A200021F46071114301606068411C04D10120E0
:103A3000FFF78AFC58B1401E2268C0F30341916031
:103A4000216880B2C860204602F032F808B165747F
:103A5000C5E7E67301206073A0736074002070BD39
:103A6000306C004008B50068084988420DD1FFF766
:103A700065FC0748C16941F00061C161C069054941
:103A800000F0006000900120086008BD00280040A0
:103A9000001002403C0442422DE9F0410D46040072
:103AA0003BD0C5B3207C01283AD04FF0010884F800
:103AB000108002206074E87872B301F0D5FFE073E3
:103AC000687801F0D1FF6073A87801F0CDFFA07392
:103AD000C2B2617BE07B02F01DF8207328702046A3
:103AE00002F008F84FF46161B0FBF1F100251829EC
:103AF0002DD91822B1FBF2F1A1EB011101EB41012B
:103B0000C1EB011100EBC1163146204602F07AF8F4
:103B10000427C8B90BE000E004E00120BDE8F08113
:103B20000220FBE7E07368786073A878CFE720464F
:103B300001F0D9FF411C0AD0B04208D20649014425
:103B4000204602F012F810B167742574E5E784F896
:103B5000118025740020E1E7805101002DE9F0413A
:103B60000D46040024D01DB3207C012823D04FF043
:103B7000010884F81080022060742878EAB101F00E
:103B800073FF4FF4616100FB01F6687801F06CFF90
:103B9000C0EB001006EB8006A87801F065FF351831
:103BA0002946204602F02EF80026042710BB0FE01D
:103BB0000120BDE8F0810220FBE74FF4616148433A
:103BC0006978C1EB011100EB8100A9784518E7E79E
:103BD0002068416821F005014160204601F083FF23
:103BE000411C0AD0A84208D206490144204601F0EF
:103BF000BCFF10B167742674DAE784F8118026746C
:103C00000020D6E78051010070B504000AD020687A
:103C1000416821F008014160FEF77CFE05464FF443
:103C20007A7608E0012070BDFEF774FE401BB042BA
:103C300001D9032070BD206840680007F4D500203A
:103C400070BD10B5401EB0F1807F01D3012010BDC2
:103C50004FF0E02460610F21601702F059FE002050
:103C6000A06107202061002010BD70477047000050
:103C700070B590F83C20012A26D0012480F83C4001
:103C8000022280F83D2003685A689D6822F0700681
:103C90000A6832435A600D4B02689A4208D0B2F16A
:103CA000804F05D00A4B9A4202D00A4B9A4204D167
:103CB000496825F080031943916080F83D40002158
:103CC00080F83C10084670BD022070BD002C0140F9
:103CD000000400400008004010B5040003D094F830
:103CE0003D0010B107E0012010BD002084F83C0029
:103CF000204600F01FF8022084F83D00211D2068B6
:103D000002F0FAF8012084F8460084F83E0084F8B6
:103D10003F0084F8400084F8410084F8420084F8B1
:103D2000430084F8440084F8450084F83D000020F6
:103D300010BD000008B5274A0168274891420ED1FE
:103D4000816941F4006181618069002200F40060B2
:103D5000009011461920FFF7BFFA192034E0B1F1A5
:103D6000804F11D01D4A91421DD1C16941F002011D
:103D7000C161C069002200F00200009002211D20F4
:103D8000FFF7AAFA1D201FE0C16941F00101C161DE
:103D9000C069002200F00100009011461C20FFF7CE
:103DA0009BFA1C2010E00E4A914211D1C16941F0EA
:103DB0000401C161C069002200F0040000901146B6
:103DC0001E20FFF789FA1E20BDE80840FFF776BAEB
:103DD00008BD0000002C014000100240000400401B
:103DE0000008004090F83D10012901D001207047E3
:103DF000022180F83D100168CA6842F00102CA60E1
:103E000000680B49884208D0B0F1804F05D00949BD
:103E1000884202D00849884204D1816801F0070134
:103E2000062903D0016841F00101016000207047BC
:103E3000002C0140000400400008004001680A6AAC
:103E400041F211131A4207D10A6A9B101A4203D198
:103E50000A6822F001020A60012180F83D1000206A
:103E6000704770B5044690F83C000025012817D033
:103E7000012684F83C60022084F83D0020688268B6
:103E800022F0770222F47F4282600868502838D0FE
:103E90000DDC20284FD005DC90B3102811D14AE06A
:103EA000022070BD302846D040280AD13BE060286F
:103EB0002FD070280DD0B0F5805F03D0B0F5005F33
:103EC00012D0012584F83D60002084F83C0028468B
:103ED00070BDCB68D1E90121206802F049F8206863
:103EE000816841F0770109E0CB68D1E901212068C0
:103EF00002F03EF82068816841F480418160E1E78A
:103F000019E0CA684968206802F044F85021206826
:103F100006E0CA684968206802F04DF86021206810
:103F200002F030F8CEE7CA684968206802F032F83B
:103F300040212068F4E7226801461046F0E7704708
:103F40002DE9F04104460068C66805694FF0000796
:103F5000A90713D5B10711D5F91E016101202077FA
:103F6000206880698007204602D0FFF7E8FF04E060
:103F700000F07EF8204600F07CF82777680716D519
:103F8000700714D521686FF00400086102202077C3
:103F90002068806910F4407F204602D0FFF7CFFFF1
:103FA00004E000F065F8204600F063F82777280762
:103FB00015D5300713D521686FF00800086104207B
:103FC00020772068C0698007204602D0FFF7B7FF3E
:103FD00004E000F04DF8204600F04BF82777E806A3
:103FE00016D5F00614D521686FF01000086108207E
:103FF00020772068C06910F4407F204602D0FFF788
:104000009EFF04E000F034F8204600F032F82777F5
:10401000E80708D0F00706D021686FF001000861BA
:10402000204600F027F8280608D5300606D5216876
:104030006FF0800008612046FFF717FE680608D57C
:10404000700606D521686FF040000861204600F038
:1040500041F8A8060AD5B00608D521686FF02000FF
:1040600008612046BDE8F041FFF700BEBDE8F081E1
:104070007047704710B500680E4988420DD10E4850
:10408000012202700D484168491C41600A2903D38E
:10409000002141600A48027010BD0A498842FBD1E4
:1040A0000948FFF7CBFE094802F084FB0849087075
:1040B00010BD0000002C01401C0000202800002042
:1040C0001F0000200008004058110020F80B0020BD
:1040D000210000207047704710B504460068406911
:1040E00094F84110C0F3C010212911D180B120688B
:1040F000143050E8001F21F0800140E80012002A2F
:10410000F5D1A06B08B1FEF7E2F8204602F02AF9DB
:104110002068406994F84210C0F38010222911D120
:1041200080B12068143050E8001F21F0400140E8C1
:104130000012002AF5D1E06B08B1FEF7C8F820465E
:1041400002F0E9F8002010BD70470000F8B50168E2
:1041500004460868CA684B6910F00F0F4FF000055D
:1041600059D003F0010602F49077374365D0C107B8
:1041700005D0D10503D5616C41F0010161644107AF
:1041800005D5D90703D0616C41F002016164810754
:1041900005D5D90703D0616C41F0040161640107C2
:1041A00007D502F02001314303D0616C41F00801D2
:1041B0006164616C00293AD0800604D5900602D56E
:1041C000204602F0DDF820684069616CC0F3801081
:1041D000090700D460B3204602F09DF820684069CA
:1041E000400621D52068143050E8001F21F040011E
:1041F00040E80012002AF5D1E06BA8B16D49416397
:10420000E06BFEF787F8002811D0E06B416B01B03E
:10421000BDE8F040084783060FD593060DD520462C
:10422000BDE8F84002F0ACB82046FFF78DFFF8BDBE
:104230002046FFF789FF6564F8BD266B2023012E19
:104240007CD1C6067AD5D60678D50868486800902D
:1042500048694FF00206400640D5E16B08684068A7
:104260000004000CE8D0A28D8242E5D9E08588697F
:1042700020282DD020680C3050E8001F21F48071D8
:1042800040E80012002AF5D12068143050E8001FE1
:1042900021F0010140E80012002AF5D12068143015
:1042A00050E8001F21F0400140E80012002AF5D13B
:1042B00084F84230256320680C3050E8001F21F05C
:1042C000100140E80012002AF5D1E06BFDF7FFFF76
:1042D0006663A08DE18D401A81B22AE0A08DE18D48
:1042E000401A81B2E08D0028A6D00029A4D022680F
:1042F0000C3252E8000F20F4907042E80007002FC3
:10430000F5D12068143050E8002F22F0010240E877
:104310000027002FF5D184F84230256320680C3047
:1043200050E8002F22F0100240E80023002BF5D1C6
:1043300066632046FFF7CFFEF8BDFFE705062BD5E5
:10434000150629D594F841002128F5D1A068B0F5CB
:10435000805F01D12069B0B1206A411C21622168CF
:1043600000784860E08C401E0004000CE084E3D13B
:104370002068C16821F08001C1602068C16841F0F7
:104380004001C160D8E7206A0088C0F30800486097
:10439000206A801C2062E5E74006CDD55006CBD5CB
:1043A000CA68204622F04002CA6084F8413000F01A
:1043B000E3F9C1E71962000870B5040004D094F86D
:1043C0004100002510B106E0012070BD84F8405086
:1043D000204600F023F8242084F841002068C168BA
:1043E00021F40051C160204602F02CF820680169D8
:1043F00021F4904101612068416921F02A01416165
:104400002068C16841F40051C1606564202084F8CF
:10441000410084F842006563002070BD2DE9F0473B
:1044200086B0002400940194029403940546036826
:104430005C48DFF86CC102210322DFF86C810615AD
:1044400080274FF020094FF4005A634538D1836923
:1044500043F480438361836903F480430493836955
:1044600043F0040383618069039200F00400049028
:104470000802CDE9000169464046FEF755F9CDE94D
:104480000064694640460294FEF74EF9484E47489C
:1044900006F11403C6E90004C6E90247346183E863
:1044A00010063046FEF72CF808B1FDF7AFF8EE63C2
:1044B0000022114625207562FEF70EFF252029E017
:1044C000DFF8F0C063452AD1C36943F40033C36108
:1044D000C36903F400330493836943F004038361E5
:1044E0008069039200F0040004900420CDE90001EB
:1044F00069464046FEF718F90820CDE900046946F0
:1045000040460294FEF710F9002211462620FEF7DD
:10451000E3FE2620FEF7D2FE06B0BDE8F087DFF806
:1045200098C06345F8D1C36943F48023C361C3696C
:1045300003F480230493836943F008038361806953
:10454000CDE9006100F00800CDE903201B4E69466B
:104550003046FEF7E9F8F014CDE90004694630462C
:104560000294FEF7E1F8124E104844362838C6E9A6
:104570000004C6E9024706F11403346183E810061B
:104580003046FDF7BDFF08B1FDF740F8EE630022AD
:10459000114627207562FEF79FFE2720BAE700002C
:1045A000003801400010024000080140580002405D
:1045B000781400200044004000480040000C0140F6
:1045C00090F84230202B01D00220704721B11AB15F
:1045D0000023036301F092BF0120704770B50068AB
:1045E0001049002588420AD10F4C6B1E20784142A9
:1045F000CAB20E4901440E4800F06EF810E00D49B1
:1046000088420ED10C4C20784142CAB20B49014479
:104610000B48FCF7E3FF002802DA0AA002F054F985
:10462000257070BD0038014024000020A01100203A
:10463000301400200048004025000020A012002077
:10464000F80B00204649464F2046756C6C0A000066
:1046500070B500681549884210D1154C4FF0FF33F2
:104660002078C0F18001CDB212492A460144124897
:1046700000F032F820782844207070BD0F4988423D
:10468000FBD10F4D2878C0F18001CCB20D492246F4
:1046900001440D48FCF7A2FF002802DA0BA002F04B
:1046A00013F928782044287070BD000000380140BC
:1046B00024000020A01100203014002000480040F9
:1046C00025000020A0120020F80B00204649464F8C
:1046D0002046756C6C0A00002DE9F843044690F8FA
:1046E0004100984616460D46202802D00220BDE81B
:1046F000F88385B17EB100206064212084F84100F8
:10470000FEF708F9A6848146E684A0682027B0F564
:10471000805F02D003E00120E9E7206910B12E4656
:1047200000250EE000260CE08021204601F02EFF3F
:10473000A8B9C6B116F8010B21684860E08C401E8C
:10474000E084E08C4B464FF00002CDF8008000285A
:10475000EAD14FF04001204601F018FF40B184F843
:1047600041700320C3E735F8020BC0F30800E3E70C
:1047700084F841700020BAE77047FEE701684A6993
:10478000D24352050FD46FF480624A61002140F891
:10479000301F202242738173026942F004020261D9
:1047A0000173012070470020704700002DE9F84F89
:1047B0000446C06A1E4693460D4621680A6842F4C4
:1047C00080620A60082807D0012805D010F5803FD4
:1047D00002D0206B112804D12068016841F4807157
:1047E00001604FF001195B460022494620460096C1
:1047F00000F09EF94FF4007840B120680068C005D1
:1048000001D5C4F840800320BDE8F88F2069DFF8A7
:1048100084A0B0F5804F0FD00620216800EAD5179C
:1048200047F0F000086133465A460AF10601204677
:1048300000F0C6F958BB03E0E8B240F001001CE00C
:104840002168E8B2086133465A465146204600F0D6
:10485000B7F9E0B92068416981690091016841F4C4
:10486000807101605B46002249462046009600F0B8
:104870005FF90028C1D147F0F10021680861334693
:104880005A465146204600F09BF90028BCD0012032
:10489000BAE7000002000100F8B50446C06A1E46EF
:1048A0000D461746082807D0012805D010F5803F8F
:1048B00002D0206B122804D12068016841F4807175
:1048C0000160134600224FF001112046009600F0CF
:1048D0002FF940B120680068C00502D54FF4007080
:1048E00020640320F8BD2069B0F5804F0ED006206B
:1048F000216800EAD51040F0F000086133463A46DE
:104900000B49204600F05CF978B902E005F0FE00A2
:1049100000E0E8B221680861054933463A46891F3C
:10492000204600F04DF90028DCD00120F8BD000041
:10493000080001002DE9F84F0446006889460B9DE8
:1049400001689846174641F480610160206801685B
:1049500041F48071016000954FF0011B002259461F
:1049600020460A9B00F0E4F84FF4007A40B120683A
:104970000068C00501D5C4F840A00320BDE8F88F49
:10498000216809F0FE0008612B46284920460A9A52
:1049900000F016F9F0BB20684169806900902A4652
:1049A00020460A9900F0A2F940B1206C04283AD1BF
:1049B0002068016841F40071016034E0FEB2B8F192
:1049C000010F09D02168380A08612A4620460A9951
:1049D00000F08CF90028E8D1206806612A462046BC
:1049E0000A9900F083F90028DFD12068016841F4BA
:1049F0008071016000950022594620460A9B00F014
:104A000097F80028B3D1216809F0FF0040F00100B9
:104A1000086100E007E02B46044920460A9A00F0AE
:104A2000CFF80028AAD00120A8E70000020001006A
:104A30002DE9F843044600680D46DDE90897016852
:104A40009846164641F4807101604B4600224FF0B3
:104A500001112046009700F06BF848B1206800680B
:104A6000C00502D54FF4007020640320BDE8F88330
:104A7000216805F0FE0008613B464A46154920467C
:104A800000F09EF888B920684169806900903A4634
:104A90004946204600F02AF948B1206C042804D188
:104AA0002068016841F4007101600120DEE7F5B281
:104AB000B8F1010F09D02168300A08613A46494629
:104AC000204600F013F90028E7D120680561002096
:104AD000CCE700000200010070B516460D46044602
:104AE0001EE02046FFF74AFE08B1012070BD681C99
:104AF00016D0FDF70FFF801BA84200D885B92068AB
:104B00004069C04340070BD5002044F8300F2021F6
:104B10006173A073216941F0200121612073E4E7F2
:104B200020684069C0434007DBD4002070BD00000E
:104B30002DE9F047984617460D460446C1F307464F
:104B4000DDF820902AE000BFB8F1FF3F26D0FDF746
:104B5000E1FEA0EB0901414502D8B8F1000F1DD1DB
:104B60002068012E16D0806925EA00000004000CA0
:104B700012D00020B84211D1002044F8300F20217B
:104B80006173A073216941F020012161207301202C
:104B9000BDE8F0874069E7E70120EBE72068012ED8
:104BA0000AD0806925EA00000004000C06D000202D
:104BB000B842C9D00020EBE74069F3E70120F7E7EE
:104BC0002DE9F047984616460D4604464FF0000979
:104BD0004FF0200AC1F3074723E020684069C04333
:104BE000400515D42068016841F400710160216816
:104BF0006FF480604861C4F8309084F83DA084F878
:104C00003E90216C41F00401216484F83C9021E045
:104C1000701C06D0FDF77EFEA0EB0800B04203D862
:104C200016B1012F1FD021E02068012F15D0806917
:104C300025EA00000004000C18D000BF44F8309FA3
:104C400084F80DA084F80E90216941F020012161C3
:104C500084F80C900120BDE8F087406925EA000047
:104C60000004000CEAD12068406901E020688069F6
:104C700025EA00000004000CAFD1ECE72DE9F0417B
:104C8000002590460E460446202728E04069C04390
:104C9000C0060CD454F8301B6FF01000486144F883
:104CA00010596777A577206A2062257714E0FDF711
:104CB00031FEA0EB0800B04200D886B920684069F8
:104CC000C04340060BD544F8305F6773A573206975
:104CD00040F02000206125730120BDE8F0812068AC
:104CE0004169C9434906D1D40020F6E770B516469C
:104CF0000D4604461EE02046FFF740FD08B10120A6
:104D000070BD681C16D0FDF705FE801BA84200D8B8
:104D100085B920684069C04300060BD5002044F8DF
:104D2000300F20216173A073216941F020012161BE
:104D30002073E4E720684069C0430006DBD400200C
:104D400070BD00007CB500258DF8045047208DF81B
:104D50000500FF248DF80640032301AA82210B4899
:104D60000094FDF7C9FF0520FDF730FC05208DF804
:104D7000040014208DF805008DF80650032301AAC5
:104D8000822102480094FDF7B7FF7CBD1810002077
:104D900070B500F059F8064600F03AF8044600F005
:104DA0006FF805463046FBF74EFE1349FBF73CFC17
:104DB00006462046FBF747FE1049FBF735FC104935
:104DC000FBF764FC04462846FBF73DFE0D49FBF764
:104DD0002BFC05460C492046FBF726FCFBF745FE5D
:104DE0000A4CE0803046FBF740FE20812846FBF766
:104DF0003CFE608170BD0000CDCCCC3D0000A03FEA
:104E000000007A44000020400000C8422016002024
:104E10003EB50BA0FF2400680290012302AA822164
:104E200000940848FDF768FF022301AA8221054883
:104E30000094FDF739FEBDF8040040BA3EBD000005
:104E400002000000181000203EB50BA0FF240068EF
:104E50000290012302AA822100940848FDF74CFF2A
:104E6000022301AA822105480094FDF71DFEBDF82A
:104E7000040040BA3EBD00000400000018100020ED
:104E80003EB50BA0FF2400680290012302AA8221F4
:104E900000940848FDF730FF022301AA822105484B
:104EA0000094FDF701FEBDF8040040BA3EBD0000CD
:104EB00003000000181000200A4B012808D0022827
:104EC0000ED1C001012906D0002909D1012203E039
:104ED0004FF40070F6E7002201461846FDF714BDB6
:104EE00070470000000C01402DE9F04102F024FC65
:104EF000070039D025A102F011FC064625A138464D
:104F000002F00CFC054625A1384602F007FC0446D9
:104F100024A1384602F002FC0146244836B17269E9
:104F2000002A028825D042F00102028035B16A6968
:104F3000002A028820D042F00202028034B1626965
:104F4000002A02881BD042F00402028031B1496974
:104F50000029018816D041F008010180384602F08E
:104F6000B5FB0120BDE8F08111A001F0ADFC0020EF
:104F7000F8E722F00102D8E722F00202DDE722F092
:104F80000402E2E721F00801E7E700004C45443164
:104F9000000000004C4544320000000042454550EE
:104FA0000000000052454C4159000000201600202E
:104FB0007061727365206661696C2E0A00000000E2
:104FC00010B5164886B00DF1040C0189C489838997
:104FD00042898CE81E00C18800918388428810A114
:104FE0001E4801F081FC1D4A1DA102F1800001F064
:104FF0007BFC1A491AA0803101F066FC174880300A
:10500000FBF730F9154982B24FF47A7380311548B5
:10501000FFF762FB06B0012010BD00002016002043
:105020007B225450223A25642C225248223A25648D
:105030002C22564F223A25642C224355223A2564CD
:105040002C225057223A25642C225652223A2564AB
:105050002C22435055223A25647D0000200D00206B
:1050600025730000301400203EB500211248009145
:105070000191104A0291026081600173017501245F
:105080004FF460220461C2614160FCF7E1FB08B1AA
:10509000FCF7BCFA07200094CDE9014069460648B8
:1050A000FCF754FB08B1FCF7B1FA0348FCF7E2FA4D
:1050B0003EBD000000240140E80F00200F4810B55D
:1050C0000D4901600821416000214FF4A022816058
:1050D000C0E903124FF48012426101764176817675
:1050E000C17601774177FCF7CBFF002803D0BDE8FC
:1050F0001040FCF78BBA10BD00640040C00F0020C8
:105100000D4808B5416941F0010141614069002243
:1051100000F00100009011460D20FEF7DDF80D2093
:10512000FEF7CCF8002211460F20FEF7D5F8BDE8B7
:1051300008400F20FEF7C2B8001002402DE9F041F0
:1051400086B000253C48009501950295039581693C
:1051500041F010018161816901F0100104918169C0
:1051600041F020018161816901F020010491816990
:1051700041F004018161816901F0040104918169B8
:1051800041F00801816180692C4F00F008004FF464
:1051900000540490002221463846FDF7B5FBDFF8A5
:1051A000A080002206214046FDF7AEFB01224FF40D
:1051B00040714046FDF7A8FB009401AA0124022695
:1051C00082E8700069463846FDF7AEFA40F20230D8
:1051D0008DE8710069464046FDF7A6FA04208DE887
:1051E00031000320039069464046FDF79DFA154DB6
:1051F0004FF22000CDE90005694602944046FDF7D4
:1052000093FA2002CDE90005694602940E48FDF7A5
:105210008BFA002211461720FEF75EF81720FEF7E2
:105220004DF8002211462820FEF756F82820FEF7F8
:1052300045F806B0BDE8F0810010024000100140C2
:10524000000C014000002110000801400D4810B57D
:105250000B4901600C49416000214FF4804281609C
:10526000C0E9031241618161C1610162FDF758FB30
:10527000002803D0BDE81040FCF7C8B910BD0000FD
:105280000054004018100020A086010030B58DB0F9
:1052900000202A490C90284A0B900A60421EC1E95E
:1052A00001200846FEF794FB08B1FCF7AFF9012195
:1052B0002248FEF77DFB45F25105A84239D0102067
:1052C0008DF8300020208DF8310030208DF832002C
:1052D00001220CA91948FEF741FC08B1FCF796F928
:1052E00004248DF82C4009208DF82D008DF82E40D7
:1052F00025208DF82F0001220BA91048FEF7CCFBCA
:1053000008B1FCF783F97D2005900820CDE9034022
:105310000B20029001900A2000906846FAF718FFCF
:105320000146064800F036FC2A4601210348FEF7F4
:1053300047FB0DB030BD0000002800406C1000207D
:1053400010B586B000241848009401940294039488
:10535000049414490594016041F61F41C0E9011409
:1053600041F28831C0E903148021C0E90541FEF70C
:10537000B3FC08B1FCF74AF94FF48050009069463D
:105380000948FEF76EFD08B1FCF740F9049404A942
:1053900005480594FEF76CFC002801D0FCF736F9AF
:1053A00006B010BD002C01408010002010B586B062
:1053B00000241748009401940294039404944FF03D
:1053C0008041059401604721C0E901144FF4005168
:1053D000C0E9031480218161FEF77EFC08B1FCF76F
:1053E00015F94FF48050009069460948FEF739FDE1
:1053F00008B1FCF70BF9049404A905480594FEF7DD
:1054000037FC002801D0FCF701F906B010BD000000
:10541000C810002010B586B00024174800940194ED
:1054200002940394049413490594016040F60F61BB
:10543000C0E901146421C0E903148461FEF74CFC47
:1054400008B1FCF7E3F84FF48050009069460A4831
:10545000FEF707FD08B1FCF7D9F8049404A9064843
:105460000594FEF705FC002801D0FCF7CFF806B044
:1054700010BD0000000400401011002010B586B0DF
:10548000002417480094019402940394049413494F
:105490000594016041F61F41C0E901146421C0E98F
:1054A00003148461FEF718FC08B1FCF7AFF84FF461
:1054B0008050009069460A48FEF7D3FC08B1FCF71B
:1054C000A5F8049404A906480594FEF7D1FB00282A
:1054D00001D0FCF79BF806B010BD000000080040AA
:1054E000581100200C4810B50A4901604FF4E13111
:1054F0004160002181600C22C160C0E90412816119
:10550000C161FEF759FF002803D0BDE81040FCF749
:105510007DB810BD00380140A01300200C4810B524
:105520000A4901604FF4E1314160002181600C22A1
:10553000C160C0E904128161C161FEF73DFF00282E
:1055400003D0BDE81040FCF761B810BD0044004036
:10555000E81300200C4810B50A4901604FF4E1310E
:105560004160002181600C22C160C0E904128161A8
:10557000C161FEF721FF002803D0BDE81040FCF711
:1055800045B810BD0048004030140020FEE7000080
:1055900038B50B49002000F049FB094C09A0641EF6
:1055A000617801F091F9002000904FF4E133024658
:1055B000617802F01FFCBDE8384002F03BBA000001
:1055C0001D000020536C61766541646472657373DD
:1055D0003D25640A0000000070B5224C20780026AA
:1055E00030B12670FBF720FEFFF7D2FBFBF752FD30
:1055F000A0781D4D90B1A670A97C6170002001F0CB
:105600004DF90A20FCF7E2FF02F004FA02F0F2F989
:10561000FFF7BEFF6178154805F0AEF82878C0079F
:1056200001D0012100E000210120FFF745FC28788E
:10563000800701D5012100E000210220FFF73CFC9A
:105640002878400701D5012000E00020FBF796FEF6
:105650002878000701D5012000E00020BDE8704057
:1056600000F0F2B91C000020201600209C09002048
:10567000FEE70020AFF3008070B506465FF000043F
:1056800004F1B000C0B201F0E5F8002001F0E2F84A
:10569000102001F0DFF80025304601F0EDF86D1C18
:1056A000EDB2802DF8D3641CE4B2082CE8D370BDB1
:1056B00010B50120FCF78AFFAE2001F0CBF82020C6
:1056C00001F0C8F8102001F0C5F8B02001F0C2F8D0
:1056D000C82001F0BFF8002001F0BCF8102001F054
:1056E000B9F8402001F0B6F8812001F0B3F8FF20AE
:1056F00001F0B0F8A12001F0ADF8A62001F0AAF861
:10570000A82001F0A7F83F2001F0A4F8A42001F0A0
:10571000A1F8D32001F09EF8002001F09BF8D520DD
:1057200001F098F8F02001F095F8D92001F092F8F6
:10573000222001F08FF8DA2001F08CF8122001F01D
:1057400089F8DB2001F086F8202001F083F88D2015
:1057500001F080F8142001F07DF8BDE81040AF2082
:1057600001F078B810B50446B031C8B201F072F853
:10577000102040EA141001F06DF804F00F00BDE8AD
:10578000104040F0010001F065B800002DE9F0473D
:10579000002591468A460446012B22D0DFF8BC80C2
:1057A000022B24D155E02038C7B27E2C04D90AF14F
:1057B0000100002400F0FF0A51462046FFF7D2FF07
:1057C00007EB4700002608EB4007B85D01F054F8EE
:1057D000761CF6B2062EF8D3A41D6D1CE4B2EDB211
:1057E00001E0DFF87C8019F805000028DBD1BDE876
:1057F000F0872038C7B2782C04D90AF101000024C0
:1058000000F0FF0A51462046FFF7ACFF5FF00006AC
:1058100006EB071118F8010001F02EF8761CF6B21D
:10582000082EF5D30AF10100C1B22046FFF79AFF16
:105830005FF0000606EB071101EB0800007A01F0AB
:105840001BF8761CF6B2082EF4D308346D1CE4B2B3
:10585000EDB219F805000028CBD1C8E7C8B200089E
:10586000A0B0000810B505F09BF8002010BD10B5E1
:10587000044602F01BFE204602F0D8FD002010BDB9
:1058800010B5044602F0CEFF204602F08FFF002044
:1058900010BD0000D0F80812097869B900210A4645
:1058A00006E000BFD0F80C3243F82120491CC9B2F1
:1058B00090F805328B42F5D80020704730B401EBE8
:1058C000C102846802254FF0FF3305EB42056353A4
:1058D00000238468062505EB4202A35230BCC9B2FE
:1058E00004F03EBE30B401EBC102846804254FF0E1
:1058F000FF3305EB420563538368C9B213F81240C6
:1059000024F0010403F8124030BC04F029BE00006A
:105910002DE9FC41064640694FF4C0550489B06941
:105920000789C4B1DFF83C80BC4214D801AB6A4699
:105930002946304604F009FE009838B9019828B18C
:10594000C0F80880C0F80C80C0F814806D1C641C7E
:10595000ADB2A4B2E8E73046BDE8FC41002101F059
:1059600024BD0000DB5F00082DE9F04704464069D4
:1059700000260589A069B0F8088035BBBDE8F0872E
:10598000A16806EBC607022000EB470931F90900C0
:10599000FBF7B6FDA26822F80900A168042000EB1D
:1059A000470931F90900FBF7ABFDA268761CF6B296
:1059B00022F80900A1680020062201F81700A1685A
:1059C00002EB47026D1C8852ADB24545D8D9D5E7E8
:1059D00070473EB50446D0F8A4000088A8B12068FE
:1059E0006946007800F5E060ADF8000001208DF810
:1059F000030000208DF8020094F878008DF8040070
:105A0000D4F8E00101F058FF3EBD34F9A80FFBF7D0
:105A100077FD20803EBDD0E94010814201D10120B8
:105A2000704700207047D0F80411D0F80001491CDD
:105A3000CA1701EB126222F0FF02891A814201D1DA
:105A40000120704700207047064B012806D000282F
:105A500006D1002202211846FCF756BF0122F9E7C1
:105A600070470000000C0140010901EB810100F0CA
:105A70000F0000EB4100C0B2704770B50446FCF760
:105A800049FF05464FF47A7606E0FCF743FF401BDA
:105A9000B04201D9032070BD206840688006F4D56B
:105AA0002068416841F010014160002070BD000095
:105AB00070B504460068416821F010014160FCF7B0
:105AC00029FF05464FF47A7607E000BFFCF722FF76
:105AD000401BB04201D9032070BD20684068800699
:105AE000F4D5002070BD0168086A496A89B241EAAC
:105AF00000407047006881698AB2C1698BB28169D0
:105B000089B28A4203D0C06961F31F40704743EAFB
:105B100002407047F0B56424C1EBC1030927A5001A
:105B2000072603EB01130329B3FBF7F100F5FA6035
:105B3000114401440AD2401EB0FBF4F201EB900183
:105B4000B0FBF5F0891A0844001D08E0B0FBF4F240
:105B500001EB9001B0FBF5F0891A0844801CB0FB02
:105B6000F6F106FB1100C0B2F0BD70B50D46064659
:105B70000024FFF782FF48B93168280C08623168B9
:105B8000A8B248623046FFF793FF00B101242046D7
:105B900070BD00002DE9F0410F4604460025FCF7DA
:105BA000B9FE06464FF47A7805E000BFFCF7B2FE76
:105BB000801B40451DD8206840688006F6D52068C7
:105BC000416841F0100141602168380C886121680A
:105BD000B8B2C8612068416821F010014160FCF74B
:105BE00099FE0646474606E0FCF794FE801BB84245
:105BF00001D9012503E0206840688006F4D52846D5
:105C0000BDE8F08170B50D4606460024FFF735FF6C
:105C100048B93168280C88613168A8B2C86130463B
:105C2000FFF746FF00B10124204670BD3EB50C468B
:105C300001254FF47A710094CDE9015102462B46BB
:105C4000A1210548FDF7EEF8207808B1FF2800D122
:105C5000257001203EBD0000181000207CB51D46B7
:105C6000144601AB6A4604F070FC009931B9019901
:105C700021B10079A04201D941F8245000987CBD9F
:105C80002DE9FC41054640690F464088002831D087
:105C900007EB870105EB0114A96994F828204988CE
:105CA0001044884226D86968134E51F83000C06A03
:105CB00090F800804FF0FF30A4F87200852084F83F
:105CC0002A0094F83200CDE90006238E94F82910BA
:105CD000284604F019FDE662626F2AB14146284663
:105CE0009047E06AB04205D1F9B22846BDE8FC41D0
:105CF00004F012BCBDE8FC81000004051FB501EBF7
:105D0000810100EB01114A6B0AB98A6B4A63039265
:105D1000012203ABCDE90032029201F13C0391F87C
:105D20003220098E01F0D0FB04B010BD70B501EB3C
:105D3000810100EB01118C6BA018202801D9FF20F4
:105D400070BD002006E026181D5C0E44401C86F83D
:105D50003C50C0B29042F6D3886B10448863002058
:105D600070BD70472DE9F05F8B46214982460026C1
:105D7000B1F900001C4691461C4D401C08E000BFD4
:105D8000B9F1000F01D02A7852B1761C36B218351D
:105D9000864201DC082EF3DB4FF0FF30BDE8F09FB8
:105DA0008846864201D1A8F8000002F0BBFA0746F7
:105DB0004FF4005120468C4200D30846D8F8042006
:105DC000BA4207D9D21B824204D93A18C8F8042033
:105DD00004F0CAFDE019C5E903B0C5E901A90A98B4
:105DE0006861012028703046D8E70000481600207E
:105DF00014010020074B01201870086802EB4201D3
:105E0000082202EB810140580349007848820020B3
:105E1000704700001E0000202016002004F090BCF7
:105E2000FDF7F4B930B593B028216846FAF7FDF9CB
:105E300014210AA8FAF7F9F9002401210F9411940A
:105E4000052012940090CDE9024110944FF4803067
:105E5000019002250491CDE907504FF4E01009901C
:105E60006846FDF715FC08B172B6FEE70F20CDE9D4
:105E70000A054FF48060CDE90C4002210AA80E9477
:105E8000FDF72AFB08B172B6FEE703200F904FF42E
:105E900080701090C00111900FA8FDF7A7FA00289C
:105EA00001D072B6FEE713B030BD70470148FEF76F
:105EB00047B800008010002010B50348FEF740F8F6
:105EC000BDE8104000F05CB9C8100020054800682B
:105ED0000169C90705D06FF001010161024800683E
:105EE0000047704710110020580000200148FEF7BD
:105EF00027B8000058110020F0B50268194B1A4C61
:105F00001A4D4FF08047984205D0B84203D0A042C6
:105F100001D0A84203D122F070064A683243984269
:105F200005D0B84203D0A04201D0A84203D122F448
:105F30004074CA6822434C6922F080022243026006
:105F40008A68C2620A688262984201D10969016363
:105F5000012141610169C90703D0016921F00101F3
:105F60000161F0BD002C0140000400400008004029
:105F700010B5846842EA032224F47F440A43224392
:105F8000826010BD826822F070020A4342F007016D
:105F90008160704710B5036A046A24F0010404624A
:105FA000846924F0F00444EA021423F00A020A434C
:105FB0008461026210BD10B5036A046A24F0100403
:105FC0000462846923F0A00324F4704444EA02329A
:105FD00043EA01118261016210BD2DE9F0410446DE
:105FE00090F87E0048B3022A03D0032A01D0052A84
:105FF00023D16269A088127A00EBC200081AC0F3AC
:10600000C705A16805EBC506022000EB4607C85F7F
:10601000FBF776FAA168C853A168042000EB460795
:10602000C85FFBF76DFAA168C853A168002001F8AA
:10603000160029462046FFF741FC0020BDE8F0810C
:1060400030B5002341F20265441B1360A84261D0C1
:1060500028DC41F20144A0EB0402A04250D016DC3F
:1060600041F21804A0EB0402A04243D008DCB0F5D2
:10607000805F3DD06FF48052D04235D1012064E082
:10608000B2F5F47F38D0B2F57A7F2DD136E0012A0F
:1060900038D0022A38D0A2F58072FF3A36D0012AD1
:1060A00022D135E040F2FE35A4F2FE30AC4245D0BC
:1060B00011DC40F2FF15A4F2FF10AC4231D005DC38
:1060C000012C29D0B4F5FF7F0ED127E001282DD077
:1060D000022809D12EE0012832D0022832D003282C
:1060E00032D0B0F5C06F35D01C480860002030BDFC
:1060F00000202AE0022028E0032026E0042024E0FB
:10610000052022E0062020E007201EE008201CE0F9
:1061100009201AE00A2018E00B2016E00C20104C91
:1061200002E00F4C0D201C3414600EE00C4C0E20CD
:106130003834F9E70A4C0F205434F5E7102004E016
:10614000112002E0122000E013200B60054901EB52
:10615000C00030BD1420044CE6E700000000020639
:10616000BC170020FCBA0008A40800209F2803D117
:10617000087808B1014870470020704730000906D0
:106180002DE9F0414FF4005402F0CCF8204D0246C6
:106190006868831800211F4815E00678F6070FD0BD
:1061A00006699E421DD84669C6B1B2FBF6F706FBEA
:1061B0001727F61B032706610770A64200D2344654
:1061C000491C09B21830B5F90060B142E5DD20463E
:1061D0006C6004F0C9FB00260E4C13E0022606702A
:1061E000EEE7F61A0661E8E72078810707D520F088
:1061F00002002070A26812B1E16860689047761CC6
:1062000036B21834B5F900008642EDDDBDE8F08104
:10621000140100204816002010B5406A0021C185F5
:10622000C184FDF791FF10BD70B5446A20684069D4
:1062300094F84110C0F3C0100025212904D118B1F1
:10624000E584204600F08EF82068406994F84210FA
:10625000C0F38010222904D118B1E585204600F052
:106260005AF8606C40F0100060642046FDF76CFF47
:1062700070BD10B50146406A096809684FF0000218
:1062800089062ED4C28501680C3151E8003F23F401
:10629000807341E80034002CF5D10168143151E8D5
:1062A000003F23F0010341E80034002CF5D10168E0
:1062B000143151E8003F23F0400341E80034002C42
:1062C000F5D1202180F84210016B012909D1016824
:1062D0000C3151E8003F23F0100341E80034002C5A
:1062E000F5D14263016B012902D0FEF777F910BDA9
:1062F000818DFDF7F0FE10BD10B5406A01214163AC
:10630000016B012902D0FEF7A3F910BD818D490868
:10631000FDF7E1FE10BD01680C3151E8002F22F4B9
:10632000907241E80023002BF5D10168143151E847
:10633000002F22F0010241E80023002BF5D1016B70
:10634000012909D101680C3151E8002F22F0100217
:1063500041E80023002BF5D1202180F842100021D4
:106360000163704701680C3151E8002F22F0C00230
:1063700041E80023002BF5D1202180F8411070471F
:1063800008B590F84210222901D0022008BD826889
:106390004FF480539A4201D1016921B1816A9A4236
:1063A0001BD04AB10AE00268816A5268C2F308024F
:1063B0000A80816A891C08E0026972B10268526829
:1063C00002F07F020A70816A491C8162C18D491EF8
:1063D0000904090CC18503D01BE002685268F1E78B
:1063E0000168CA6822F02002CA600168CA6822F403
:1063F0008072CA6001684A6922F001024A61202164
:1064000080F8421000214163026B012A03D0FEF79D
:10641000E5F8002008BD016301680C3151E8002F48
:1064200022F0100241E80023002BF5D101680A6830
:10643000D20602D50A6849680091818DFDF74BFEAE
:10644000E7E7000070B5044600680169E26821F4DE
:106450004051114301612169A06808436169084303
:106460002168CA6841F20C639A430243CA602068FB
:106470004169A26921F44071114341611E492068BC
:10648000884202D1FDF7CEF801E0FDF7BBF800EB42
:10649000C00101EB0012606864218000B2FBF0F3E0
:1064A000B3FBF1F36FF018067343B2FBF0F5B2FBE8
:1064B000F0F605EB8305322303EB0515B5FBF1F58B
:1064C000B6FBF1F605F0F00505EB0615B2FBF0F6AC
:1064D000B2FBF0F0B0FBF1F06FF01802504306EBA6
:1064E000800003EB0010B0FBF1F0216800F00F001A
:1064F0002844886070BD00000038014038B58162D2
:1065000004468285002013466064222284F84220DB
:10651000E56B1B4AAA62E56B1A4AEA62E56B1A4A06
:106520002A63E26B50630A462168E06B091DFCF7A1
:1065300015F82068016840680090206948B120681B
:106540000C3050E8001F41F4807140E80012002A2E
:10655000F5D12068143050E8001F41F0010140E8F7
:106560000012002AF5D12068143050E8001F41F0D5
:10657000400140E80012002AF5D1002038BD00009B
:1065800073620008F9620008296200082DE9F843E7
:10659000984617460D460446089E24E0701C22D0FB
:1065A000FCF7B8F9A0EB0800B0421AD8CEB12068C9
:1065B000C168490717D5802D15D0402D13D001682B
:1065C000C94309070FD401680025406800902046A0
:1065D000FFF7A1FE0820606484F840500120BDE868
:1065E000F8830320FBE72068006835EA000004D048
:1065F0000020B842D2D00020F1E70120F9E70000E6
:1066000010B50448FDF7A2FDBDE81040014800F0B8
:1066100037B80000A013002010B50D4C20680168A9
:10662000890605D56FF0200101600A48006880479F
:106630002068016809060AD50168490607D56FF088
:106640008001016004480068BDE81040004710BDAB
:10665000E8130020500000205400002010B504482A
:10666000FDF774FDBDE81040014800F009B80000D6
:10667000301400200148FBF705BC0000C00F0020CB
:1066800038B504463C4B00689D156FF002016FF071
:106690000402984231D103689B0702D403685B0768
:1066A00012D5016020680260606C00F00400606434
:1066B000606C00F0020060642046FDF70DFD2A4684
:1066C0002E492046FDF77CFF20680168C943C906B2
:1066D00051D4016840680090294800684068294CFE
:1066E00041424FF0FF332078091ACDB223492A46A0
:1066F00001442548FDF7F0FF3AE0244B98423AD197
:1067000003689B0702D403685B0712D50160206809
:106710000260606C00F004006064606C00F00200D5
:1067200060642046FDF7D8FC2A4619492046FDF74B
:1067300047FF20680168C943C9061CD40168406846
:106740000090144800684068134C40422178401A79
:10675000C5B21248FDF746FB0D4821782A46014490
:106760000F48FAF73BFF002802DA0EA000F0ACF861
:1067700020782844207038BD00380140A011002046
:10678000781400202400002030140020004800402D
:10679000A0120020BC140020250000205811002069
:1067A000F80B00204649464F2046756C6C0A0000E5
:1067B000FEE700002DE9F041070017D000241C4E31
:1067C0004FF47A780BE031190D463846FAF7AEFEF1
:1067D0002946434601221748FDF77EFF641C3846D0
:1067E000FFF719F90028EED0002030551248007844
:1067F00060B10A2211A10E48F9F749FD30B112A18A
:106800000B48F9F71DFD08B1FEF76EFB0849084873
:106810002039F9F715FD10B10120BDE8F0810BA179
:106820000348F9F70DFD0028F7D00220F5E7000036
:10683000C00E0020A01300202000002041542B4D4A
:1068400051545450554200007B0000004552524FB5
:10685000520D0A001CB500218DF804108DF80500BA
:106860004FF47A700090022301AA78210148FCF7C6
:1068700043FA1CBD181000201CB540218DF80410EF
:106880008DF805004FF47A700090022301AA782158
:106890000148FCF731FA1CBD1810002003B583B085
:1068A0004FF47A73012204A98DE80E0013460246C4
:1068B000A0210348FCF7E4FB05B0012000BD000067
:1068C00018100020704700000FB4054B10B503A945
:1068D000044A029800F0D2F910BC5DF814FB0000E5
:1068E0000D830008EC0B00200FB4084B10B504A971
:1068F00002AA039800F0C2F9044602A9002000F0A1
:106900005BFE204610BC5DF814FB0000B975000862
:106910000907090E002804DB00F1E02080F80014CC
:10692000704700F00F0000F1E02080F8141D704760
:1069300030B528B1144C031F002021680A4605E039
:10694000084630BD9A4203D810465268002AF9D151
:10695000002800D041680BD00468A3EB0005A542D5
:1069600004D11B681C440346046002E0436000E05D
:1069700023603AB11C68D51AA54203D115682C448E
:106980001C6052685A6030BDF00B00202DE9F047C2
:1069900082460F4C10480D4E0E4F001B4FF0000862
:1069A00020F007054FF0010900221146504601F082
:1069B000DFFD002802D1306810B10020BDE8F0876B
:1069C0003C60C4E90058C6F80090EDE7F40B0020E5
:1069D000B4180020F00B0020B01A002002E008C814
:1069E000121F08C1002AFAD170477047002001E049
:1069F00001C1121F002AFBD1704700002DE9FF5F83
:106A000082B00021DDE90430020DDDF840B003431F
:106A100018D044F61050A2F2FF32424315141198D8
:106A200001281FD0A5EB0B00401C5FEA000A4FF0C5
:106A300000064E4FDFF83891B046504615D5CAF1E2
:106A4000000413E0119801244AA3012801D16FEA40
:106A50000B010298119AC0E90031C0E9024206B068
:106A6000BDE8F09FCBF10000DFE704460021404A7B
:106A7000491842EB0450CDE9001012E0E00707D0BE
:106A800032463B4640464946F9F7E5FE8046894690
:106A900032463B4610461946F9F7DDFE06460F46DC
:106AA0006410002CEAD1DDE90401DDE90023BAF12C
:106AB000000F06DAF9F7CFFE42464B46F9F7CBFE58
:106AC00005E0F9F73AFF42464B46F9F736FF044630
:106AD0000E460022284BFAF713F803D84FF0FF3088
:106AE000014607E00022254B20463146F9F70CFE0F
:106AF000FAF7F6F9102409E0002C0ADB0A22002339
:106B0000FAF748F8039B30321A55641E50EA010226
:106B1000F2D1641C039AC4F111031444119A012A9E
:106B200003D0012208430DD10AE0084304D000201D
:106B30004FF0110B119072E7A3EB0B056D1E0DE0EA
:106B40005B4504DD4FF0000205F1010504E003DAC6
:106B50004FF00002A5F10105002AECD0029811992E
:106B6000C0E90231C0E9004579E7000000001440A7
:106B70000000F03F300000000000F0430000E03F64
:106B80002DE9FC411C468C46DDE908581746D0F833
:106B9000E4310A9E01AA694660469847009911B1FE
:106BA0000846BDE8FC810179B94201D82448F8E7DC
:106BB00007EB470136B1026812F82120D20701D055
:106BC0002048EEE75CB10422066802EB8102D5F8AA
:106BD00000C0B358634505D91B482B60E1E74FF06F
:106BE0000060DEE7012303EB8101735C88F800306D
:106BF00000680821092B865807EB470201EB820148
:106C000006D0415832462046F9F7F6FA2E6014E0D5
:106C100040582A68014602B93246024403E000BFE8
:106C200004F8013B401C03780BB19042F8D3411AA1
:106C30002960B14201D2002101700020B1E70000BB
:106C400011000906010001060500040570477047A0
:106C500030380A2801D20120704700207047704761
:106C6000704770477047704770477047016A0978EE
:106C7000002902D1812201F086BD70472DE9FF4F26
:106C800095B09B468946064600250FE2252877D118
:106C900000242746F84A0121059400E0044316F831
:106CA000013F203B01FA03F01042F7D130782A2847
:106CB00011D06FF02F033078A0F13002092A16D8D6
:106CC000059A44F0020402EB820203EB42021044F4
:106CD000761C0590EFE759F8042B0592002A03DA99
:106CE000504244F40054059044F00204761C30787D
:106CF0002E2816D116F8010F44F004042A280DD0CE
:106D00006FF02F023078A0F13003092B09D807EB80
:106D1000870302EB4303C718761CF3E759F8047B9B
:106D2000761C30786C280FD006DC4C2817D06828E9
:106D30000DD06A2814D104E0742810D07A280FD11D
:106D40000DE044F400140AE044F4801401E044F43B
:106D500040147278824202D104F58014761C761CAD
:106D6000307866280BD013DC582877D009DC00284F
:106D700075D04528F6D04628F4D047281AD19DE191
:106D800018E0632835D0642879D0652812D195E1C0
:106D9000702873D008DC6728F1D069286FD06E287E
:106DA0000DD06F2806D1B5E073282CD0752875D08A
:106DB000782874D05A46179990476D1C75E1C4F332
:106DC0000250022809D003280DD0D9F80010042859
:106DD0000DD00D6009F1040967E1D9F80010EA1738
:106DE000C1E90052F6E7D9F800100D80F2E70D7006
:106DF000F0E719F8041B8DF8001000208DF8010051
:106E0000EA46012003E059F804AB4FF0FF30610778
:106E10004FF0000102D40DE008F101018846B942AB
:106E20000FDA8045F8DB1AF808100029F4D108E0E1
:106E300008F1010188468142FADB1AF8081000299E
:106E4000F6D105985B46A0EB080721463846179A0D
:106E500000F094FA284400EB080507E04DE029E132
:106E60000DE01AF8010B5A4617999047B8F101083E
:106E7000F7D25B4621463846179A13E142E00A22D0
:106E80000092C4F302524FF0000A022A08D059F8C7
:106E900004CB032A4FEAEC710AD00DE029E02AE086
:106EA00009F1070121F00702F2E802C1914609E069
:106EB0000FFA8CFC4FEAEC71042A03D14FFA8CFCD8
:106EC0004FEAEC71002907DA0A460021DCF1000CD8
:106ED00061EB02012D2202E0220504D52B228DF860
:106EE0000420012203E0E20701D02022F7E79046C8
:106EF00059E00A2102E010220DE010214FF0000AB3
:106F000000910BE010224FF0000A44F0040408271F
:106F1000009203E008224FF0000A0092C4F30252EC
:106F2000022A05D059F804CB0021032A08D009E031
:106F300009F1070121F00702F2E802C1914605E0DC
:106F40001FFA8CFC042A01D10CF0FF0C4FF0000852
:106F5000220728D5702806D0009B83F0100353EA3F
:106F60000A0305D00EE040228DF80420012208E03B
:106F70005CEA010206D030228DF804208DF805006D
:106F800002229046009B83F0080353EA0A030AD1C9
:106F90005CEA010201D1620705D530228DF8042098
:106FA0004FF001087F1E582804D034A003900EA88B
:106FB00002900DE036A0F9E753466046009AF9F7D3
:106FC000E9FD84460398825C0298401E029002709C
:106FD0005CEA0100F0D1029806A9081A00F1200A23
:106FE000600702D524F4803400E00127574502DD14
:106FF000A7EB0A0000E0002000EB0A0100900598D2
:107000004144401A0590E00306D45B462146179A96
:10701000059800F0B3F90544002706E001A85A4698
:10702000C05D179990476D1C7F1C4745F6DBE00358
:107030000CD55B462146179A059800F09FF9054448
:1070400004E030205A46179990476D1C0099481E5D
:1070500000900029F5DC08E0029802995A46007871
:10706000491C0291179990476D1CBAF10001AAF1D1
:10707000010AF1DC65E100000928010030313233FA
:107080003435363738396162636465660000000064
:10709000303132333435363738394142434445464E
:1070A0000000000000F058F90544761C30780028F4
:1070B0007FF4ECAD19B02846BDE8F08F620700D42C
:1070C000062709F1070222F0070CFCE80223E1463B
:1070D00003F000485FEA080C02D00FF2702C0DE0BC
:1070E0005FEA045C02D50FF2682C07E05FEAC47C1B
:1070F00002D00FF2602C01E0AFF2700C4FF0FF38BD
:1071000023F00043CDF850C065280CD006DC45289C
:1071100009D046281DD047283DD13DE0662818D02B
:1071200067287ED138E00021112F01DB112000E01B
:10713000781CCDE9000106A90EA8FFF75FFCDDE988
:107140000F010E9A03910021009207F1010A0491A8
:107150004DE04FF000400097CDE9011006A90EA8C0
:10716000FFF74CFCDDE90F0203920E9B1199002200
:10717000DDF80CA00093049211B9791C00EB010A10
:10718000B7EB0A0004D4C0F1FF3007F1010A049004
:10719000AAEB0700019044E0012F00DA012700214B
:1071A000112F01DD112000E03846CDE9000106A9CC
:1071B0000EA8FFF723FCDDE90F010E9A03910021D1
:1071C00004910092BA4621070CD40399514500DA84
:1071D0008A46BAF1010F05DD009AAAF10101515C5E
:1071E000302908D0B84202DA10F1040F06DA012182
:1071F000CDE9011015E0AAF10101E9E7002805DC5D
:10720000049901440491AAEB000102E0411C51459C
:1072100000DD8A460499401A401C01904FF000405E
:107220000290200704D40198504501DBCDF804807A
:1072300000208DF84F0002980DF14F07B0F1004F7C
:1072400025D02B200E9002984FF0020800280CDA6F
:10725000404202902D200E9007E00A210298F9F793
:1072600083FC3031029007F8011DB8F10001A8F14C
:107270000108F2DC02980028EFD1791E0E98087000
:10728000307800F0200040F0450007F8020D12A809
:10729000C01B00F107081498007800B1012000EB32
:1072A0000A01019801EBE07105984144401A401E23
:1072B0000590E00306D45B462146179A059800F036
:1072C0005DF805441498007818B15A46179990470C
:1072D0006D1CE00324D55B462146179A059800F003
:1072E0004DF805441CE00498002807DBDDE90301A4
:1072F000884203DD0098405C179901E0179930201F
:107300005A469047049805F10105401C04900198E5
:10731000401E019004D12E205A46179990476D1CAB
:10732000BAF10001AAF1010ADDDC05E017F8010B52
:107330005A46179990476D1CB8F10001A8F1010851
:10734000F4DC5B462146179A0598ABE62D00000059
:107350002B000000200000002DE9F041044600252C
:107360001E461746880404D405E039462020B0475D
:107370006D1C641EF9D52846BDE8F0812DE9F04169
:10738000044600251E469046C80301D5302700E07C
:107390002027880404D505E041463846B0476D1CD7
:1073A000641EF9D52846BDE8F0812DE9FE4F04465C
:1073B0004069002589460689A069078994F87E00FE
:1073C00000280ED0002E6AD0A846CDF80080CDF857
:1073D0000480CDF8088060E005286ED00B2858D0D6
:1073E000FF20BDE8FE8F606850F8360041690968EB
:1073F000002901DA0B2024E0006AB9F1000F23D044
:107400000178E9B3F02925D8A26805EBC50112F887
:1074100011305B1CDBB202F811300278934219D1B3
:10742000A268204602F81180CDF80080CDF80480D3
:107430006A462946CDF8088000F0DDF80028D9D149
:107440000520BE42C8D92AE00078FF2829D0FE28AE
:1074500027D01CE00078FC2818D105EBC50A0622CD
:10746000A16802EB4A000A182946204600F0C3F83A
:107470000028A06810F81A1003D021F0010202E0E1
:1074800016E041F0010200F81A20B3E780B1BE42D5
:1074900005D86D1C761CEDB2B6B2BE42A3D9002051
:1074A0009FE7A06805EBC50110F81100C007EDE7E4
:1074B0002946204603F054F89CE76A4629462046B0
:1074C00003F0D2F896E700002DE9FF4F83B0914614
:1074D000DDE910758246D0F8E43101AA69460498C6
:1074E000984704460098002803D12179494503D8DC
:1074F0002E4807B0BDE8F08F09EB490625B120689A
:1075000010F82600022811D00121206801EB860125
:1075100010F80180042101EB86014558386848B114
:10752000A84207D0B8F1090F02D03BE02048E0E7BD
:10753000A84237D2DAF824204046069990470090B6
:107540000028D6D10820216800EB860B3A6851F854
:107550000B000699F8F750FEB8F1090F07D138680B
:10756000A84204D22368002253F80B100A543D604D
:10757000019850B150F82930494633B10A462146A6
:107580005046984700900028B3D1206810F8260094
:10759000400705D5DAF8E83150464A46049998473D
:1075A0000020A6E703483D60A3E70000110009069C
:1075B00002000106100007060A68531C0B601070D9
:1075C00070477047704710B530B1036823B1D0E9F8
:1075D0000121914201D204E0002010BD491C8160CC
:1075E00020B1914202D25C5C202CF7D99142F4D1B7
:1075F000491E816010BD2DE9F04F436983469146D5
:107600001889DBF80420C00000EBC1045B89A05896
:10761000DB0003EBC1018F184069396889B000882D
:10762000D1F808A00026C0F30A01A9F800103546D9
:1076300089F8026000200490059006EB46021423AE
:10764000396803EB82028A581368190C13F0FF049F
:107650002ED02B190793402B2AD8A4F1010C01231B
:1076600003EBDC0CCDF818C01288CDE902030DF154
:10767000200C0DF11808CDE9008CC2F3072204ABF1
:107680005846FFF77DFA18B1FF2009B0BDE8F08F2A
:1076900009EBD502121D0092002005F00701CDE98B
:1076A0000110002320461A4604A9F9F7B7FE079DEA
:1076B000761C9AF80000F6B2B042BBD801206D1ECD
:1076C00000EBD50089F803000020DEE72DE9F0414A
:1076D00004460027104E1BE0A0892568C0050BD486
:1076E000A06820B1FFF7F2FFA089C00504D420698B
:1076F00010B1716888472761A089800504D4206A89
:1077000010B17168884727627168204688472C4607
:10771000002CE1D1BDE8F08110000020002200F033
:1077200048BE10B5016828208847040002D02821EF
:10773000F8F77BFD204610BD0022114600F06EB820
:107740002DE9F04788B00F4604469A4616461C219C
:107750006846F8F76AFD2F480025002C0560456053
:1077600055D08146E7B3CDE900470295D9E9021229
:10777000D9F810000491CDE9052009F10800FFF7C0
:10778000D0FF5FEA00082BD000986F4608B102983E
:1077900008B100270BE00198042808D903221EA194
:1077A0000098F8F781FD10B90298C01C0290384685
:1077B000FFF709FF0146404601F088FA68B1BAF1C7
:1077C000000F13D06846FFF7FEFEDDE9010181429C
:1077D00003D202990098405C40B14046FFF776FF23
:1077E000DDE9011088420AD205460BE01EB102997C
:1077F000009808443060404608B0BDE8F087081E95
:1078000000D0451E0EB160193060C9E90045002066
:10781000F2E7000008000020EFBBBF0070B515467E
:107820000E46040009D0F8F71DFD411C2B463246D8
:107830002046BDE87040FFF783BF002070BD30B424
:107840000A88D3090F2B35D2DFE803F02D0834184E
:10785000181818181818181F1F342600802A06D068
:1078600090F87B20002A25D030BC01F0ADBA90F80A
:107870007C1000291ED030BC02F0D2BD90F87E20D2
:10788000002A17D030BC01F077BB90F87A20002A8C
:1078900010D030BC01F086BC90F87D20002A09D0C1
:1078A00030BC01F0EDBA026A1278002A02D030BC76
:1078B00001F09BBA30BC7047F0B587B000260F4D81
:1078C0000596C87828610C46CA780DF10B00091D91
:1078D0000746F8F791FCAE6020882860A07800B1D8
:1078E0000220E86005AB3A4604490548FAF77AF900
:1078F00010B1002007B0F0BD0120FBE70817002001
:10790000C00F002070B50A4D084600240A21164613
:10791000E9700722314603F0D9FA012805D144F66F
:10792000206003F001FB012800D00324204670BD35
:10793000DC0000202DE9F0410F4C07461646A088D8
:1079400088460025FF2801D9AFF30080A0880328CE
:1079500004D3A188A06802F091FD18B1052528463E
:10796000BDE8F081A06810F8011B3970A188891E5C
:107970003180C8F80000F2E7DC00002070B5104C40
:1079800003460025607810B10525284670BD491EC4
:107990000126E1600846E6800B70E1881144E18031
:1079A000E18802F06BFD0146E088A2680244401CB9
:1079B000E080117026700121002003F039F9E4E71E
:1079C000DC00002010B50021012003F031F903494B
:1079D00000204870BDE8104003F068BADC000020C9
:1079E00010B50021084603F023F9BDE8104003F06C
:1079F00049B90000064810B501780024012902D0D9
:107A00000624204610BDC0690028FAD08047F8E758
:107A10003000002010B5064C207818B1012805D0A0
:107A2000062010BD6069804701202070002010BD35
:107A30003000002070B5064D00242878012802D0BF
:107A40000624204670BD2869804700202870F8E78A
:107A50003000002070B50C460988002505292FD17B
:107A6000417840F2CF760A0281781143C278491CEE
:107A70001302027989B21A43531EB34220D2002363
:107A80002380012300F8013B2688761C26805607B8
:107A900003D003EBD203DEB201E0C2F3C70600F865
:107AA000016B23885B1C2380002300F0EFFA18B1E0
:107AB00002F0CAFC054604E020883044208000E043
:107AC0000325284670BD70B50C4609880025052998
:107AD0002FD1417840F2CF760A0281781143C278E3
:107AE000491C1302027989B21A43531EB34220D2B1
:107AF00000232380022300F8013B23885B1C2380A2
:107B0000530704D0012303EBD203DEB201E0C2F33A
:107B1000C70600F8016B23885B1C238000F004FB80
:107B200018B102F091FC054604E020883044208022
:107B300000E00325284670BD70B50C460988002674
:107B4000052925D1417805790A0281781143491C1C
:107B50006A1E89B27C2A1BD800222280032200F8E8
:107B6000012B22880023521C22806A0000F8012B7E
:107B70002288521C22802A4600F016FB18B102F01F
:107B800063FC064605E0208800EB4500208000E00D
:107B90000326304670BD70B50C46098800260529BD
:107BA00027D1417805790A0281781143C278491CAE
:107BB00045EA02256A1E89B27C2A1AD20022228056
:107BC000042200F8012B2288521C22806A0000F84F
:107BD000012B2288521C22802A4600F019FB18B182
:107BE00002F032FC064605E0208800EB45002080CC
:107BF00000E00326304670BD2DE9F04104460888B8
:107C000000270D460A2842D3607826790102A07821
:107C1000227A0843401C1FFA80F8E07846EA0026E2
:107C20006079731E0102A0790843401C81B2E0799B
:107C30007C2B42EA0022607A28D83AB3792A25D8E8
:107C4000B0EB420F22D1012304F10A0000F0ACFA9C
:107C500098B900212980172121702988601C491CAE
:107C60002980710000F8011B29880023491C298004
:107C70003246414600F098FA18B102F0E5FB07469B
:107C800005E0288800EB4600288000E003273846FE
:107C9000BDE8F08170B5064C0D4606492288401CAF
:107CA000F8F7AAFA2088401C2880002070BD000048
:107CB000EC0000200015002038B5098800240529B3
:107CC0000BD141780A0281781143491C027989B2AB
:107CD0001AB9C278FF2A03D012B10324204638BD56
:107CE00000228DF80120C078FF280CD08DF80020EC
:107CF00001231A46684600F0C9F90028EED002F0C8
:107D0000A3FB0446EAE701208DF80000F0E710B578
:107D100009880024052902D00324204610BD41789B
:107D200001230A028178C01C1143491C89B21A46FA
:107D300000F03AFA0028F0D002F086FB0446ECE7A7
:107D40002DE9F0410D4609880024052926D94178FE
:107D500043790A0281781143491C8EB2C1780279B5
:107D600042EA0122510704D0012101EBD201C9B23C
:107D700001E0C2F3C701571EB7F5F66F0ED2994264
:107D80000CD101233146801D00F080F918B102F0BA
:107D90005BFB044603E00520288000E00324204626
:107DA000BDE8F08170B50D460988002406291DD371
:107DB00041780A0281781143C278491C1302027982
:107DC00089B21A434379561E772E0FD85606360EBF
:107DD0009E420BD10123801D00F0E6F918B102F09C
:107DE00033FB044603E00520288000E003242046FE
:107DF00070BD00002DE9F0411D46069B1746064662
:107E0000FF2909D041B1F72906D81E4C0846217137
:107E100000211EB1012E15D002252EE01A4A226142
:107E20001A4A62611A4AE2601A4AC4E906211A49EA
:107E300021621A4961621A49A1622A46394600F054
:107E40009BF812E0174A2261174A6261174AE26002
:107E5000174AC4E906211749216217496162174987
:107E6000A1622A463946FFF74DFD050005D103F012
:107E700015F828B16671012020702846BDE8F08110
:107E80000325FAE7300000205D80000879800008B3
:107E900005800008B57F00089DAF000845B00008C8
:107EA00005B00008C5790008E17900087D7900086F
:107EB00035790008C1AC0008D5AD0008A5AD0008B3
:107EC00038B52C4C207808B1062038BD684602F041
:107ED000D7FF01284BD19DF80000E8B3012802D05C
:107EE000022844D110E0234AA369921D911CC81FA7
:107EF000984788BB60782179884201D0FF2836D125
:107F0000022002F0D3FF32E0A0680121194B027871
:107F1000A270E17000212C3313F8315065B1954205
:107F200007D103EBC1014A681249891D9047E070EF
:107F300002E0491C1029EFDB6078FF2817D0E078B9
:107F400080B10021E180A17841F08002A1680A702F
:107F5000E288521C92B200E009E0E2808854E08896
:107F6000401CE080D4E90213E28820799847002081
:107F700038BD00003000002070B5154608460024CA
:107F80000822294602F0A2FF01280DD1B5F5964F2F
:107F900001D9232003E006496800B1FBF0F080B26C
:107FA00002F0C2FF012800D00324204670BD00006B
:107FB000A07F17002DE9F041104C07461646A08817
:107FC00088460025FF2801D9AFF30080A088042847
:107FD00004D3A1880A4802F0ABFD18B10525284654
:107FE000BDE8F081064800783870A088C01E308057
:107FF0000348401CC8F80000F1E70000F000002032
:108000002015002070B5134C034600256078012828
:1080100002D00525284670BD491E0126A1600846EC
:1080200066800B70618811446180618802F080FD78
:108030006188094A5318491C61801870010A6088D8
:108040000244401C6080117026700121002002F063
:10805000EFFDDFE7F000002020150020054910B5F6
:10806000002048700146012002F0E2FDBDE810400A
:1080700002F01ABEF000002010B50021084602F000
:10808000D7FDBDE8104002F0FDBD0000F0B5491E6F
:1080900089B28C180A2C01D90120F0BD541EE517B5
:1080A00004EB5575012404EBE5061E4D012B18D198
:1080B000F4B213E010F8016B00230AE026FA03F78C
:1080C00007F001076F54491C521E5B1C89B292B223
:1080D000DBB20AB1082BF1D3641EE4B2002CE9D163
:1080E0001EE016F0FF061BD000273B4611E000BF44
:1080F00015F801E0BEF1000F05D004FA03FC4CEACC
:10810000070C0CF0FF07521E491C5B1C92B289B28F
:10811000DBB20AB1082BEBD300F8017B761EE0E757
:108120000020F0BDFC000020F0B5491E8CB2A11863
:108130000A2901D90120F0BD511ECB1701EB537163
:10814000012505EBE101CEB216491BE000273B46B5
:1081500011E000BF11F804E0BEF1000F05D005FAF0
:1081600003FC4CEA070C0CF0FF07521E641C5B1C5E
:1081700092B2A4B2DBB20AB1082BEBD3761E00F8A0
:10818000017BF6B2002EE1D100200A5C3AB1002258
:108190000A54401C80B20A28F7D30020F0BD012207
:1081A000F6E700000601002030B54C1EA4B2A51869
:1081B0000A2D01D9012030BD134D012B09D01EE03D
:1081C00030F8023B5BBA25F81430641C521EA4B28E
:1081D00092B2002AF4D10A2913D10C490120087067
:1081E0000FE000BF35F81410090A00F8011B15F85C
:1081F0001410641C521E00F8011BA4B292B2002A93
:10820000F0D1002030BD0000201600201E0000200C
:10821000491E10B58BB29C1810490A2C0FD90120A9
:1082200010BD00BF31F81340240A00F8014B11F8CB
:1082300013405B1C521E00F8014B9BB292B2002A05
:10824000F0D1002031F81020521C21F81020401CE1
:1082500080B20A28F6D3002010BD0000341600209A
:1082600010B50446054B002241F20301FDF7F6FC70
:10827000D4F808120020087010BD000095580008BE
:1082800070472DE9FE439946DDE90A761546884692
:10829000044602AB00F065F850BB012D04D19DF8F7
:1082A0000810204602F038F9022D21D19DF808006F
:1082B00000EB800004EB0010B0F97200F9F720F930
:1082C0009DF8081001EB810104EB0111A1F8720087
:1082D0009DF80810852001EB810104EB011181F864
:1082E0002A009DF8080000EB800004EB0010C66235
:1082F000CDE900764B4642462946204602F004FA74
:10830000002800D0FF20BDE8FE83000013B54FF029
:10831000FF33012269460248FCF7DEF900981CBDD4
:10832000A01300204FF08040406A7047006800783A
:10833000704710B5002303EB830400EB041494F89A
:108340002A402CB15B1C13F0FF03F4D0FF2010BDBA
:10835000137003EB830200EB021080F82910002059
:1083600010BD70B5002404EB840500EB051595F8ED
:108370002A606EB1852E0BD095F828608E4207D109
:1083800095F82950954203D103B11C70002070BDAF
:10839000641C14F0FF04E6D0FF2070BD01EB8101E6
:1083A00000EB0111486B08B1896B401A1060002086
:1083B00070472DE9F0418846A8B3B8F1000F33D0DB
:1083C00084680AB90AE024686CB3216A59B340464C
:1083D000F7F74FFF0028F6D120E024681CB3266A87
:1083E0005FEA0805F9D0002EF7D0B54218D002E0B8
:1083F00098B16D1C761C2878F7F7A4FE07463078F4
:10840000F7F7A0FE87422878F2D0F7F79BFE0546E3
:108410003078F7F797FE8542DFD124B1206A10B19A
:108420002046BDE8F081FFE70020FAE7F8B50546F1
:108430001B4B002241F21701FDF710FC002685F8C6
:10844000DC61344616E000BFD5F89C0030F824000B
:1084500003041B0C0CD04FF47A704343114A21469D
:1084600028460096FDF77EFCD5F8A01021F81400F0
:10847000641CE4B2D5F898000078A042E4D8D5F89E
:10848000A4000388002B0AD04FF47A704343064AB5
:10849000002128460093FDF765FCA5F8A800F8BD6B
:1084A0006F580008F1130008D359000870B505464D
:1084B00000240BE0D5F8A00030F91400F9F720F8FB
:1084C000D5F8A01021F81400641CE4B2D5F8980087
:1084D0000078A042EED835F9A80FF9F711F82880F6
:1084E00070BD00002DE9F8431746DDE90896002528
:1084F00001EB8102984600EB0214022E2DD0032ED0
:108500002BD0042E29D0052E27D0B4F97200F8F70D
:10851000F7FF00BFA4F8720084F82870A4F8308038
:1085200084F8329084F82A6084F82B506563A56340
:1085300084F85C5084F85D5084F85E50256684F8B9
:10854000645084F8655084F8665084F8675084F865
:10855000705000206567BDE8F883034B034A00951F
:10856000FDF700FCD6E70000C0C62D00815C0008C6
:108570002DE9F0410B3020F00706104D19E020687E
:10858000B04215D3B0420AD9871B201DD4F804800D
:10859000F7F732FEA019C0E90078286004E06068AF
:1085A0002860201DF7F728FE201D2660BDE8F08119
:1085B000251D2C68002CE2D10020F7E7F00B0020ED
:1085C00010B50446FFF732FF2046BDE8104000F02A
:1085D000EDB810B50446FFF769FF2046BDE810402E
:1085E00000F020B930B501EB810100EB01118C6B7B
:1085F000A018202802D84D6BA84201D9FF2030BD19
:10860000002006E025180D4495F83C501D54401CF0
:10861000C0B29042F6D3886B10448863002030BD0E
:10862000FAF7FCFDFDF7FEFBFCF788FDFCF768FDA3
:10863000FCF758FFFCF772FFFCF78CFFFCF706FE17
:10864000FCF724FEFCF710FDFCF77AFEFCF7AEFE0B
:10865000FCF7E0FEFCF712FFFCF730FDFCF72EFD07
:108660004FF4C870F9F7B2FF28A0FEF72DF92CA03F
:10867000FEF72AF9FDF71CF8FCF7FBFF00210223A7
:108680002BA20846FDF782F8F8F7AEFDFCF75AFB7F
:108690002B480068C16841F01001C1604FF480743C
:1086A000224628492648FBF78BFF27480068C16807
:1086B00041F01001C160224624492348FBF780FFA6
:1086C0002348FBF78FFB2348FBF78CFBFCF760FF8D
:1086D000F8F766FE20480178204802F04DF80021A6
:1086E0001E4802F0EFF805211C4802F0EBF81C4C84
:1086F000002500BFFFF7E4FBFCF76EFF20780028A1
:10870000F8D02570FCF75CFCF4E70000556172744A
:108710003120696E6974206973206F6B0A00000054
:1087200043414E6F70656E20546573740A000000FB
:1087300043414E6F70656E20436F6E74726F6C00B4
:10874000A0130020A011002030140020A01200204F
:1087500080100020C81000201D0000209C0900206F
:108760001F0000200EB541F4E061ADF800100121BA
:108770008DF8021000218DF80310D0F8E001694651
:10878000FFF79AF80EBD0EB50023ADF800308DF856
:1087900002308DF8042002238DF805108DF8033087
:1087A000D0F8E0016946FFF787F80EBD38B50446FA
:1087B0001A4B002241F20C01FDF750FA174B002230
:1087C00041F20D012046FDF749FAD4F8380103883B
:1087D000002B22D0D4F83C01007800281DD04FF4A3
:1087E0007A7043430E4A002120460093FDF7BAFAFF
:1087F000A4F830010020211891F8B0200F2A08D0E9
:1088000022681278824204D0D4F83C21127881F890
:108810004021401CC0B28028EDD338BD81580008EB
:108820001116000810B50446B0F93001F8F768FEDB
:10883000A4F8300110BD10B586B0202204AC04921B
:108840000094012205ABCDE9013201EB810100EB7F
:108850000114039204F13C0394F83220218EFEF7B8
:108860008FF9002803D1049860630020A06306B04C
:1088700010BD2DE9F04107460025C8680C462E467C
:10888000B0F57A7F5BD2401CE0602168A068095C8B
:108890005B2954D1401CA0602046FEF794FE4CB1E9
:1088A000D4E90110884203D22268125C5D2A33D0D9
:1088B000884203D3A068401EA06040E0401E04F13F
:1088C0001008A0604046FEF72CFF98B30DB330604F
:1088D00046600646A068401CA0602046FEF773FE76
:1088E0002146304600F0F2F930B32046FEF76BFE29
:1088F00014B3D4E90110884203D22168095C2C2901
:10890000E0D06268904217D22168085C5D2813D1DC
:1089100002E005462E46DDE7E068401EE06005B156
:108920006E602020C7E90250A068401CA0600120B2
:10893000BDE8F081FFE715B12846FEF7C7FE00202D
:10894000F6E7034610B500200246995CA1F1300419
:10895000092C01D830380AE0A1F14104052C01D8D6
:10896000373804E0A1F16104052C08D857380844D1
:10897000032A00D20001521C042AE6D310BD0020B5
:1089800010BD00002DE9F84F4FF0000980460C00A3
:108990004FF02E0A48464D464F46CDF800903ED047
:1089A0002668CEB3D4E9012122E07318C35C342BCE
:1089B0001BD00ADCA3F12B03092B1CD2DFE803F048
:1089C000151B152D1B1515151500382B0DD006DCA4
:1089D000352B0AD0362B08D0372B0CD105E0392B9C
:1089E00003D0452B01D0652B05D16D1C401C14B163
:1089F0000B189342D9D32169681C884706000ED012
:108A0000A16820682A4601443046F7F7F5FB06F8CE
:108A100005907FB100200BE001E00127E5E7002091
:108A2000BDE8F88F315C2E2901D106F800A0401C6A
:108A3000A842F7D36946304601F0F6FF0546009894
:108A40000F46864203D1616930468847E7E7C8E9A7
:108A50000657144A144B28463946F8F751F802D8FD
:108A60006FF0004108E00022104B28463946F8F725
:108A70002FF804D84FF00041C8F8141005E028463C
:108A80003946F8F706F8C8F814000821C8F80C10A1
:108A90000099A068891B0844A06061693046884736
:108AA0000120BDE70000C0FFFFFFDF410000E0C183
:108AB0002DE9F04107460026C8680C463546B0F55A
:108AC0007A7F7BD2401CE060002C77D0D4E9011083
:108AD000884273D22168095C7B296FD1401CA06059
:108AE0002046FEF770FDD4E90110884203D22268C7
:108AF000125C7D2A4FD08842A0F10100A0605DD2B7
:108B000004F110084046FEF70CFEE8B30EB32860EF
:108B100045600546CCB3D4E90110401C88424AD2D6
:108B2000A0602046FEF74FFD2146284600F048F899
:108B300058B32046FEF747FD2869286200202861C7
:108B4000D4E90110884236D22168095C3A2932D131
:108B500002E006463546DDE7401CA0602046FEF7F1
:108B600032FD2146284600F0B1F870B12046FEF7EC
:108B70002AFDD4E90110884203D22168095C2C291E
:108B8000C0D06268904201E014E014E013D2216882
:108B9000085C7D280FD1E068401EE06006B175607A
:108BA0004020C7E90260A068401CA0600120BDE829
:108BB000F08103E016B13046FEF788FD0020F6E7AD
:108BC0002DE9F84380468B6808684FF00009C41807
:108BD000CDF8009008680E46651CC15C641C222913
:108BE0006ED10022716808E0BCF15C0F04D17F1CDB
:108BF0008F4265D2521C641C641C271A8F4204D217
:108C000094F800C0BCF1220FEED1271A8F4257D240
:108C10002178222954D11844201A801A3169401C25
:108C2000884707004CD0009737E029785C2905D0A9
:108C300000986D1C00F8011B00902EE00220611BC3
:108C4000012939DB6A78662A14D008DC222A12D07E
:108C50002F2A10D05C2A0ED0622A2DD108E06E2A6D
:108C60000ED0722A0ED0742A0ED0752A24D10DE0AF
:108C7000082200E00C22009901F8012B00910BE082
:108C80000A22F8E70D22F6E70922F4E76A462146B0
:108C9000284601F063FF78B10544A542C5D3009989
:108CA00081F800901021C8E903173068201A401C91
:108CB000B0600120BDE8F88317B171693846884774
:108CC00015B13068281AB0600020F3E770B50C00C9
:108CD00005465ED0206800285BD0A16863680A1D45
:108CE0009A4205D80844042231A1F7F7DDFA78B397
:108CF000A0686268411D0126914206D821680522BC
:108D000008442DA1F7F7D0FA28B3A0686268011DC6
:108D1000914206D821680422084429A1F7F7C4FA31
:108D2000E8B1D4E90101814203D22268525C222ACF
:108D30001DD0814221D22268525C2D2A02D0303AC5
:108D4000092A1AD821462846BDE87040FFF71ABE06
:108D50000420E86006E0EE60A068401D04E0022008
:108D60006E61E860A068001DA060012070BD214612
:108D70002846BDE87040FFF723BF814203D2226836
:108D8000525C5B2A07D0814203D22068405C7B287A
:108D900007D0002070BD21462846BDE87040FFF78F
:108DA00068BD21462846BDE87040FFF781BE00003F
:108DB0006E756C6C0000000066616C7365000000ED
:108DC000747275650000000030B4CA78082A0AD1B0
:108DD0000A78D0F8384202F07F058A888B792946D4
:108DE000A44630BC604730BC704770B5044690F86C
:108DF00078007F2803D0052801D004283FD14A7984
:108E00001AB123681B789A4239D10979802925D073
:108E100009DC01291CD0022931D17F2801D0052885
:108E20002DD1042126E081291ED0822927D1204678
:108E3000FFF77CFAD4F89410054609B1204688471C
:108E40002168FF2008702946204601F095FC10E0BB
:108E50007F2801D0042812D105210BE0052801D07C
:108E600004280CD17F2105E0D4F8901009B12046E8
:108E7000884700212046BDE8704001F023BD70BD49
:108E80002DE9FE43044608784FF0000800F07F0605
:108E90008878012818D00879A51900F07F07D4F840
:108EA0003C01007885F8400195F8B000B84207D041
:108EB000D4F8D8313A4631462046984785F8B07004
:108EC00095F8B00028B329E020680078B0421ED1A0
:108ED00000F5E060ADF8000001218DF803108DF879
:108EE000028094F878208DF8042094F8DC31404614
:108EF00033B142F080018DF8041084F8DC0101E008
:108F000084F8DC116946D4F8E001FEF7D5FCBDE831
:108F1000FE83D4F8D42131462046904795F8B0001E
:108F20000F28F4D000251FE0D4F89C0050F825004D
:108F3000C0F307418E4215D187B2D4F8A00030F9B2
:108F40001500F8F7DDFA4FF47A7007FB00F3094AD1
:108F500029462046CDF80080FCF704FFD4F8A01085
:108F600021F815006D1CEDB2D4F898000078A842E5
:108F7000DAD8CCE7F11300082DE9F04F8946044612
:108F80000222002199F8020089B00D4610B1012893
:108F90007ED09EE06769A369B8889E8820B998E072
:108FA000022A04D0042A0FD0B042F9D991E0B9F8CE
:108FB0000030626852F830C0DCF814C0BCF800C061
:108FC0009C450CD1B04210D8FF886268F80000EBD5
:108FD000C50B002652F80B00D0F8088049E06D1C44
:108FE000401C80B2EDB2B042E4D972E000200390A0
:108FF000049063684FF0140C53F80B2006EB460303
:109000000CEB8303D2585FEA020A66D09AF800207C
:1090100012F0FF0207922AD00A44069299F8033010
:10902000B2EBC30F23D803AACDE9002001F0070259
:1090300009EBD10103460290091D0798F8F7EEF9F4
:1090400007990120491E00EBE101059105AA0021C5
:109050000092CDE90110DAF8000003ABC0F307225B
:10906000010C2046FEF730FAB8BB0698C1B2761C58
:10907000F6B298F80000B042B8D8E06800B3616872
:1090800051F83710496C0E88D6B130F9150000E060
:1090900010E0F8F735FA002000904FF47A7006FBE4
:1090A00000F3294620462269FCF75CFEE16821F8BE
:1090B00015000EE06069A26901210089128930B9AA
:1090C00007E001290AD004291BD005293CD0904291
:1090D000F7D9002009B0BDE8F08F3BE0B9F8006097
:1090E000D4F8043053F8301049690988B14201D1ED
:1090F000042116E06D1C401C80B2EDB29042F1D903
:10910000E7E7616851F83010096A0B78FD2B07D04A
:10911000D9B2FC2908D0FF291ED0FE291CD019E0A5
:1091200005219042CFD9D4E7A36805EBC50113F818
:109130001160F60706D0062000EB41001918D4F89C
:10914000E0012CE09042C4D86A4629462046FEF74A
:1091500052FA08B3FF20BDE7A16805EBC50602205F
:1091600000EB4607C85FF8F7CBF9A168C853A168C0
:10917000042000EB4607C85FF8F7C2F9A168C8539E
:10918000A06810F8161021F0010100F81610294609
:109190002046FCF793FB9CE76946D4F8E001FEF714
:1091A0008BFB96E72DE9F04F8DB0044600200C9024
:1091B0006669A3690D4630881A880021D8B14FF03E
:1091C000040C904217D867680CEBC00817F80880A9
:1091D000B8F1010F75D957F83070B5F800807F6984
:1091E0003F68474502D10126039121E0491C401CFC
:1091F000C9B280B2E5E770885A880021002860D0A3
:10920000042690425DD8636806EBC007DF5D032F3C
:1092100057D953F830302F881B6A1B68BB4212D1D4
:1092200003916168022651F83000C06A00780C9002
:10923000E87800274FF00069082809D0CDE90079C7
:10924000002332468FE0491C401CC9B280B2D8E7E7
:1092500002AB324620460399FFF783F8C8B9012EC6
:1092600002D0022E0BD014E09DF8081001EB810112
:1092700004EB011191F82A1004291DD009E09DF892
:10928000081001EB810104EB011191F82A10052966
:1092900012D029794909DFF84084DFF840A405F1AC
:1092A00008020DF1180B0B92072960D2DFE801F0DC
:1092B0000AFCFBFA85F9F800297980297DD006217E
:1092C000E9E754E0012E02D0002877D049E0E8BB5E
:1092D0009DF8080000EB800004EB001090F82A10C5
:1092E00002293ED1B0F97200411C19D0F8F708F9F3
:1092F0009DF80810FA4B01EB810104EB0111F94ACA
:10930000A1F8720000979DF808102046FCF72AFD8E
:109310009DF8081001EB810104EB0111A1F8720026
:109320009DF8080000EB800004EB0010018E059111
:1093300090F8328090F82B102879C0F300129142F7
:109340007ED1C0F34200C0F1070200E009E06B1DCE
:1093500009929DF808102046FCF7E8FC002870D11F
:109360000BE00023E3E320460399FEF78AFF0DB0EC
:10937000FF20BDE8F08F059BF0E39DF80800202159
:1093800000EB800004EB001090F82B0041EA001085
:109390008DF81800012059460F54401C0828FBD3B3
:1093A00006AB31462046039A01F072F99DF8080099
:1093B00000EB800004EB001001E091E317E090F86F
:1093C0002B1079B15FF0000180F82B102879C007CD
:1093D0006BD09DF808102046FCF790FC20B1CDE939
:1093E0000080C8E70121EFE79DF80810FEE39DF833
:1093F000080000EB800004EB001090F82A1003290D
:10940000AFD1B0F97200411C19D0F8F779F89DF886
:109410000810B34B01EB810104EB0111B14AA1F833
:10942000720000979DF808102046FCF79BFC9DF801
:10943000081001EB810104EB0111A1F8720001E0B9
:109440008FE08FE09DF8080000EB800004EB001037
:10945000018E059190F8328090F82B102879C0F396
:10946000001291427DD1C0F34200C0F107026B1D92
:1094700009929DF808102046FCF758FC002871D18D
:109480009DF8080000EB800004EB001191F82B0020
:10949000F8B1002081F82B002979C9071BD005E01D
:1094A000F1E35CE324E229E121E020E39DF80800F8
:1094B00000EB800004EB0010B0F97200F8F720F820
:1094C0009DF8081001EB810104EB0111A1F8720075
:1094D000E2E10120DEE7602141EA00108DF818008A
:1094E000012059460F54401C0828FBD3FFE1012EF0
:1094F00062D0002884D19DF8080000EB800004EBC6
:10950000001090F82A100229F4D1B0F97200411C21
:1095100019D0F7F7F5FF9DF80810714B01EB8101A9
:1095200004EB01116F4AA1F8720000979DF8081032
:109530002046FCF717FC9DF8081001EB810104EBB5
:109540000111A1F872009DF8083003EB830004EBD1
:109550000010018E059190F8328090F82B00297947
:1095600001E082E098E0C1F3001188427DD109AAB0
:1095700019462046FEF712FF099800288FD00728C9
:109580009DF8080000EB800004EB001191F82B001F
:109590006CD9E8B35FF0000081F82B0000018DF872
:1095A00018009DF808100BF1010307222046FFF771
:1095B00019F8002870D19AE1B5F80510059195F8D1
:1095C00007A040B102AA31462046FEF7B2FE28B1FC
:1095D000CDE900A8CFE6CDE900A8CCE60220CDE990
:1095E00000A09DF808102046059B039AFEF77AFF1D
:1095F00028794108C90724D09DF80810C0F38100DC
:10960000C0F1040001EB8101099004EB011100E0BD
:1096100047E048639DF8081020460B9B099AFCF729
:1096200085FB08BB9DF808102046FCF767FB10B1CE
:10963000CDE900A09FE69DF80810204600F06CFFE1
:1096400018E0C00716D0287A697AEA7A00EB012080
:10965000A97A090401EB0261421809929DF80810E9
:10966000204601F023F928B101E0D1E11BE0CDE96A
:1096700000A980E660208DF8180005988DF8190083
:10968000000A8DF81A008DF81BA0042059460F54CB
:10969000401C0828FBD32AE19AE020460C99904709
:1096A00025E2012078E7B0B15FF0000081F82B00DF
:1096B000099A0001C2F1070340EA4300401C8DF8FB
:1096C00018009DF808100BF101032046FEF78AFFF1
:1096D00000287DD10AE007E0210000080000030512
:1096E000C0C62D00815C00080120DFE759460998BB
:1096F00000E00F54401C0828FBD3F8E0012E45D0B1
:1097000000287FF4E3AD9DF8080000EB800004EB37
:10971000001090F82A100329F3D1B0F97200411C0F
:1097200019D0F7F7EDFE9DF8081001EB810104EB6D
:109730000111A1F87200FE4BFE4A00979DF8081037
:109740002046FCF70FFB9DF8081001EB810104EBAC
:109750000111A1F872009DF8080000EB800004EBF5
:109760000010B0F830A090F8328028794108C9077D
:1097700072D0C0F38100C0F1040209929DF8081074
:1097800020460B9BFCF7D2FAF0BB6BE0B5F8051056
:10979000ED798A4650B102AA31462046FEF7C9FD4E
:1097A00030B15346CDE900583246DCE50B46F9E7C7
:1097B0000320CDE9005053469DF808102046039A37
:1097C000FEF790FE9DF808102046FFF734F800E001
:1097D0005BE120B1CDE9005053463246C3E509AA0A
:1097E0009DF808102046FEF7D9FD099A042A16D9DB
:1097F00041208DF818008DF819A04FEA1A208DF835
:109800001A008DF81B5000E063E08DF81C20100A50
:109810008DF81D00100C8DF81E00100E1DE2C2F117
:109820000400432141EA80008DF818008DF819A04A
:109830004FEA1A208DF81A008DF81B500BF1040323
:109840009DF808102046FEF7CDFE08B153463BE1D7
:1098500009985946001D02E028E00F54401C0828D2
:10986000FBD31CE19DF8080000EB800004EB001026
:10987000B0F97200F7F744FE9DF8081001EB810182
:1098800004EB0111A1F872009DF80810099801EB92
:10989000810104EB011148639DF80810012001EBE0
:1098A000810104EB011181F82A004CE1C00715D0B9
:1098B000287A697AEA7A00EB0120A97A090401EB97
:1098C0000261421809929DF80810204600F0EEFF50
:1098D00020B153463246CDE9008944E560208DF839
:1098E0001800012059460F54401C0828FBD328E2D9
:1098F000012E52D000287FF4E9AC9DF8080000EB5F
:10990000800004EB001090F82A100229F3D1B0F97E
:109910007200411C19D0F7F7F3FD9DF80810844B35
:1099200001EB810104EB0111824AA1F8720000975A
:109930009DF808102046FCF715FA9DF8081001EB79
:10994000810104EB0111A1F872009DF8081001EBF0
:10995000810004EB00122046B2F8308092F83250B9
:1099600009AAFEF71BFD099A002A3FF498AD9DF85D
:109970000810072A01EB810004EB001090F82B007F
:109980004FEA001071D98DF818000BF1010307227E
:109990002046FEF727FEE0BBD3E10028ABD19DF8BF
:1099A000080000EB800004EB001090F82A10032957
:1099B000A1D1B0F97200411C19D0F7F7A1FD9DF8B3
:1099C00008105B4B01EB810104EB0111594AA1F82E
:1099D000720000979DF808102046FCF7C3F99DF827
:1099E000081001EB810104EB0111A1F872009DF850
:1099F000081001EB810004EB0010028E059290F834
:109A000032802A7990F82B00C2F30012904204D0E1
:109A100000E058E0CDE9008AADE409AA2046FEF74F
:109A2000BDFC9DF80810099A01EB810004EB0010C1
:109A3000072A90F82B004FEA001019D98DF818006A
:109A40000BF1010307222046FEF7CCFDE8B99DF893
:109A5000080000EB800004EB001090F82B1029B1F7
:109A60005FF0000180F82B106BE11FE00121F9E7A6
:109A7000C2F1070340EA4300401C8DF818000BF1C7
:109A800001032046FEF7AEFD10B1CDE9008972E476
:109A90005946099800E00F54401C0828FBD306AB38
:109AA00031462046039A00F0F3FD9DE4C2F107031E
:109AB00040EA4300401C8DF818000BF101032046DA
:109AC000FEF790FD20B14346CDE9005932464AE405
:109AD0005946099800E00F54401C0828FBD330E198
:109AE000E97AAD68012E61F31F6501D018B149E232
:109AF0000028DAD046E29DF8080000EB800004EB75
:109B00000010B0F97200F7F7FBFC9DF8081001EBAC
:109B1000810104EB0111A1F872009DF8081080206A
:109B200001EB810104EB011181F82A0004E042E01D
:109B3000C0C62D00815C00089DF8080000EB800085
:109B400004EB0010C5629DF8080000EB800004EBF8
:109B50000010426F002A7FF4A0AD13E290E3297950
:109B6000012E01F0030A0BD0BAF1000F78D0BAF140
:109B7000020F75D0BAF1010F3FF491ACFFF7F1BBC2
:109B8000BAF1000F09D0BAF1010F6CD0BAF1020F8F
:109B90007AD0BAF1030F77D0F4E1B5F80510EF7978
:109BA000894638B102AA31462046FEF7C2FB30B1E1
:109BB0004B4600E00B46CDE900783246F5E505203E
:109BC000CDE900704B469DF808102046039AFEF739
:109BD00089FC9DF80810287901EB810104EB011143
:109BE000C0F3800081F85C00287A00E047E09DF82F
:109BF000081001EB810104EB011181F85D009DF873
:109C000008102046FEF717FE20B1CDE900704B4644
:109C10003246CAE509AA9DF808102046FEF7BEFBA9
:109C20009DF80810099801EB810104EB0111086609
:109C3000C2208DF818008DF819904FEA19208DF880
:109C40001A0009988DF81C00010A8DF81D10010CEE
:109C50008DF81B708DF81E10000E8DF81F0043E369
:109C6000CFE000E010E0002888D19DF8081001EB5B
:109C7000810004EB001090F82A000528F4D120465A
:109C800000F04AFC94E3A7E10028EDD19DF808001C
:109C900000EB800004EB001090F82A100529E3D1B6
:109CA000B0F97200411C19D0F7F72AFC9DF8081092
:109CB00001EB810104EB0111A1F87200FD4BFE4A9A
:109CC00000979DF808102046FCF74CF89DF8081006
:109CD00001EB810104EB0111A1F872009DF808006D
:109CE000BAF1020F00EB800004EB0010018E059129
:109CF00090F8321008913BD1A97980F85D1068790D
:109D000009AA00F07F039DF808102046FEF746FBE5
:109D10000998B8B99DF8080000EB800004EB00102A
:109D200090F8651099420DD190F86610C12040EA74
:109D300081008DF81800012059460F54401C082856
:109D4000FBD3D1E29DF80800C3EBC30200EB800017
:109D500004EB001090F86410114481639DF8080032
:109D600000EB800004EB0010406B81423FF606AF31
:109D70009DF80800012500EB800004EB001191F82C
:109D8000380081F864001DE081F8655009AA9DF84B
:109D900008102046FEF702FB099807281DD98DF808
:109DA00018500BF1010307229DF808102046FEF71A
:109DB00019FCE0BB06AB31462046039A00F068FC74
:109DC0006D1CEDB29DF8080000EB800004EB001163
:109DD00091F85D00A842D7D2EAE245F080008DF804
:109DE00018005D466B1C9DF808102046099AFEF786
:109DF000F9FBE0B9099800E02F54401C0828FBD378
:109E0000D8E000287FF4BAAE9DF8080000EB80008F
:109E100004EB001090F82A100429F3D1B0F9720075
:109E2000411C1BD0F7F76CFB9DF8081000E0B7E071
:109E300001EB810104EB01119E4BA1F872009E4AD7
:109E400000979DF808102046FBF78CFF9DF808103E
:109E500001EB810104EB0111A1F87200BAF1000FCE
:109E600014D09DF80810A87901EB810104EB0111D1
:109E700009AA81F85D0068799DF8081000F07F0359
:109E80002046FEF78BFA0998D0B131E09DF8080022
:109E900000EB800004EB0010018E059190F8321069
:109EA00008912979C1F3800180F85C109DF80800C1
:109EB000297A00EB800004EB001080F85D102DE0A3
:109EC0009DF8080000EB800004EB001090F865108E
:109ED00099420DD190F86610C12040EA81008DF8BA
:109EE0001800012059460F54401C0828FBD3FBE101
:109EF0009DF80800C3EBC30200EB800004EB0010E8
:109F000090F86410114481639DF8080000EB800014
:109F100004EB0010406B81423FF630AE9DF8080024
:109F2000012500EB800004EB001191F8380081F866
:109F300064001DE081F8655009AA9DF808102046CC
:109F4000FEF72CFA099807281DD98DF818500BF147
:109F5000010307229DF808102046FEF743FBF8B9DD
:109F600006AB31462046039A00F092FB6D1CEDB221
:109F70009DF8080000EB800004EB001191F85D00F3
:109F8000A842D7D214E245F080008DF818005D4653
:109F90006B1C9DF808102046099AFEF723FB18B1A8
:109FA0000899CDE9001937E5099800E02F54401CC5
:109FB0000828FBD306AB31462046039A00F068FB25
:109FC0009DF80810099801EB810104EB0111C0F123
:109FD000070081F86600EBE14FF0100A012E34D043
:109FE00000287FF4CBAD9DF8080000EB800004EB67
:109FF0000010B0F97200411C19D0F7F781FA9DF8F2
:10A0000008102C4B01EB810104EB01112A4AA1F845
:10A01000720000979DF808102046FBF7A3FE9DF8FC
:10A02000081001EB810104EB0111A1F872009DF809
:10A03000081001EB810004EB001393F86700E8B30C
:10A04000012870D002286FD0B2E1C0B3287910F097
:10A05000010FC6D1B5F805B095F8079002AA3146B0
:10A060002046FEF766F920B1CDE900985B463246FE
:10A0700033E40420CDE900905B469DF808102046AB
:10A08000039AFEF72FFA9DF80810012001EB8101D9
:10A0900004EB011181F867009DF80810287901EBA5
:10A0A000810104EB0111C0F3800081F85C00287984
:10A0B000800705E0C0C62D00815C0008E6E025E0D1
:10A0C00010D5287A697AEA7A00EB0120A97A090486
:10A0D00001EB026108449DF8081001EB810104EBDB
:10A0E00001110866A0208DF818008DF81CA08DF8CD
:10A0F00019B04FEA1B208DF81F708DF81A008DF8EB
:10A100001E708DF81B908DF81D70EDE09DF8080015
:10A1100000EB800004EB001090F86710012904D0D8
:10A1200002294CD044E1E6E046E1B0F97200411C5E
:10A1300019D0F7F7E5F99DF80810B74B01EB81014D
:10A1400004EB0111B54AA1F8720000979DF80810C0
:10A150002046FBF707FE9DF8081001EB810104EB98
:10A160000111A1F87200287900F07F0800069DF81F
:10A17000080000EB800004EB001090F8651001F17E
:10A18000010105D541457CD1022180F86710C0E06E
:10A19000414547D180F865806B1D07229DF8081066
:10A1A0002046FBF7C3FDE8B39DF8081001EB8101E1
:10A1B00004EB011191F83220CDE900295FE0297903
:10A1C000C9073FF4DBACB0F97200411C19D0F7F7B6
:10A1D00097F99DF80810904B01EB810104EB0111F8
:10A1E0008E4AA1F8720000979DF808102046FBF7F0
:10A1F000B9FD9DF8081001EB810104EB0111A1F8F4
:10A2000072009DF80810287901EB810204EB02131B
:10A21000C0F38200C0F1070220466933FBF786FDD8
:10A2200080BB00E0C1E09DF8080000EB800004EB7B
:10A230000010016E11B1826B91427DD1A1208DF889
:10A240001800012059460F54401C0828FBD306ABC8
:10A2500031462046039A00F01BFA9DF8081020466C
:10A26000FBF74CFD00283FF420AC9DF8081001EBF3
:10A27000810104EB011191F83220CDE900200B8E11
:10A2800002E058E086E0038E324620E42879C007D9
:10A2900030D1012083F867009DF80810287901EB80
:10A2A000810104EB0111C0F3800081F85C00287982
:10A2B000800710D5287A697AEA7A00EB0120A97A1A
:10A2C000090401EB026108449DF8081001EB8101CB
:10A2D00004EB01110866A3208DF8180001205946EF
:10A2E0000F54401C0828FBD306AB31462046039A86
:10A2F00000F0CEF95CE0287900F07F08000693F8C2
:10A30000650000F1010039D5404514D1022083F8E1
:10A3100067009DF8081001EB810104EB011181F841
:10A3200065809DF80800696800EB800004EB001070
:10A330008166A968C16600E057E0A2208DF8180088
:10A340009DF8080006AB00EB800004EB00103146DE
:10A3500090F865008DF819008DF81AA007978DF810
:10A360001B702046039A00F093F99DF8080000EB5B
:10A37000800004EB001080F8657019E0404514D1AE
:10A3800083F865806B1D07229DF808102046FBF7B7
:10A39000CDFC50B19DF8080000EB800004EB0010EC
:10A3A00090F83220CDE900296DE7B8F1100FC2D046
:10A3B0000DB00020BDE8F08F2879C2073EF4D1AF80
:10A3C000C0F38200C0F1070220466933FBF7AEFC00
:10A3D0000028DFD19DF8080000EB800004EB00109E
:10A3E000016E39B1826B914204D090F83220CDE9F0
:10A3F000002848E7A1208DF81800012059460F5485
:10A40000401C0828FBD306AB31462046039A00F0D7
:10A410003FF9FFF744B80000C0C62D00815C00087A
:10A4200070B5D0F8CC110446884794F87E00002817
:10A4300009D001212046FCF7B8FF0546D4F8D01119
:10A4400020468847284670BD002804D0012803D044
:10A45000072803D004207047022070470620704769
:10A4600010B5092801D8303004E0A0F10A0105290F
:10A4700002D83730C0B210BDAFF30080002203E035
:10A4800010F8013B1A44D2B2491E89B2F8D25042A8
:10A49000C0B270472DE9F04704008A4616D054F840
:10A4A000047CD4F800903E1F564500D956462046FD
:10A4B000FCF73EFA05468846324621465046FEF7EE
:10A4C00057F840B1C0F80090BDE8F087BDE8F0470C
:10A4D0000846FCF75BBA44E9017955B129686A1866
:10A4E000211F8A4202D9611B091F2960C5F8048017
:10A4F000EAE7024AC2F80080E6E70000F00B00201D
:10A5000070B5054600242146284600F005F8641C75
:10A5100014F0FF04F7D070BD7CB500240D4606464C
:10A520000094234622460194FDF7DCFF05EB8500ED
:10A53000002206EB00108118521C81F83C40202AB2
:10A54000F9D380F82940C4627CBDF0B415460E46AC
:10A55000D0F8E44129463046A446F0BC1A4660478C
:10A560002DE9FF47044690F87E008946C8B1A168EE
:10A5700009EBC90511F81500C00712D160694FF049
:10A58000000801AA0189CDF8048001EB090086B218
:10A59000CDF8088049462046CDF80C80FDF72BF811
:10A5A00018B1002004B0BDE8F087A068062101EBD7
:10A5B0004501415ABDF80420914211D1092101EB16
:10A5C00045019DF80720415C914209D10A2101EB28
:10A5D00045010844082202A9F5F759FE0028E1D0F8
:10A5E000606850F83600416CC06A0F880688AFB1C9
:10A5F000A168022000EB450A31F90A00F6F780FF56
:10A600004FF47A7007FB00F3154A49462046CDF80F
:10A610000080FBF7A7FBA26822F80A00CEB1A16870
:10A62000042000EB4507C85FF6F76AFF642006FBCD
:10A6300000F30C4A49462046CDF80080FBF792FB18
:10A64000A168C853A06810F8151041F0010100F886
:10A65000151001AA4946204600F006F80120A1E79E
:10A66000BD580008E558000830B401EBC1010624CC
:10A67000836804EB4101194413680B6053684B6015
:10A6800093688B60D0F8E00130BC1146FDF714B937
:10A690003EB590F87840052C01D07F2C09D10129D6
:10A6A000416908D0498821B1114482695288914298
:10A6B0000ED9FF203EBD09880029FAD011448269D5
:10A6C00012889142F5D8426852F83110096A03E0C5
:10A6D000426852F8311049696A460988ADF800109D
:10A6E00000218DF8021008218DF803100021551863
:10A6F0005C5C491CC9B22C710829F8D3D0F8E00180
:10A700001146FDF7D9F83EBD7CB58026DDE906543B
:10A710008DF800608DF801301B0A8DF802308DF83D
:10A720000440230A8DF80530230C8DF80630230EE3
:10A730008DF807308DF803506B46FFF7A9FF7CBDFD
:10A7400070B5054600F006F804462846FFF768FE97
:10A75000204670BD0EB5D0F8C4110988ADF80010C0
:10A7600000218DF802108DF80310D0F8E001694641
:10A77000FDF7A2F80EBD00002DE9FF474269002950
:10A7800012887DD07F297BD8FAB14368046853F8DA
:10A79000323024785B6904F5C0651E68AE4201D092
:10A7A000FF2C02D101F5C0641C60436853F83220CD
:10A7B000136A02681D68127802F5B064A54201D0E0
:10A7C000FF2A02D101F5B0621A608469364E4269EF
:10A7D000A58806F12004928894E890118DE89011E4
:10A7E00000236C46E2B91FE04768D0F800C057F874
:10A7F00032709CF800A0D7F8149054F82370D9F860
:10A80000008007EB0A0CE04502D0BAF1FF0F03D13C
:10A8100007EB010CC9F800C05B1C521CDBB292B202
:10A82000AA4201D8042BDFD384690023303625895E
:10A83000426996E8D01012898DE8D0106C46D2B9E2
:10A840001DE04668076856F8326097F80090D6F821
:10A85000148054F82360D8F800C006EB0907BC4503
:10A8600002D0B9F1FF0F02D10E44C8F800605B1CA2
:10A87000521CDBB292B2AA4201D8042BE1D300E011
:10A880000FE00268D0F8143212781D6802F18004DB
:10A89000A54201D0FF2A02D101F180021A600068AE
:10A8A0000170BDE8FF870000B8BA0008202A01D96E
:10A8B000FF20704701EB810100EB01104263002093
:10A8C000704700007CB5044690F87800884244D078
:10A8D000244D31B1042930D005291FD07F293FD123
:10A8E0000EE0D5E90001CDE90001002084F87800F0
:10A8F0006946204600F0A6F8D4F880102046884724
:10A90000D5E90201CDE900017F2084F8780069468D
:10A91000204600F097F8D4F884101CE000B3D5E985
:10A920000401CDE90001052084F87800694620463D
:10A9300000F088F8D4F888100DE088B1D5E9060158
:10A94000CDE90001042084F878006946204600F033
:10A9500079F8D4F88C102046884794F878007CBDAC
:10A96000FF207CBDB8BA00084FF080414A6A10440D
:10A97000C86270470EB501680122097841F4E061B0
:10A98000ADF8001000218DF802108DF804108DF83C
:10A990000320D0F8E0016946FCF78EFF0EBD0000F1
:10A9A00038B50446B0F9C001401C02D0204600F082
:10A9B00025F8104B002241F205012046FBF74EF925
:10A9C0000C4B002241F206012046FBF747F9D4F870
:10A9D000C401006840000CD5D4F8C8010368002BFE
:10A9E00007D0054A002120460093FBF7BBF9A4F8E5
:10A9F000C00138BD655800081D5E000810B5002371
:10AA000004461A4641F20501FBF728F900231A46CD
:10AA100041F206012046FBF721F9B4F9C001F6F72F
:10AA20006FFDA4F8C00110BD00B583B00A46002137
:10AA3000CDE9001101466846F6F77FF9DDE900012E
:10AA400003B000BD2DE9F0410D460446497890F968
:10AA50007A000126002719B148B984F87A6006E027
:10AA6000012804D184F87A702046FFF749FDE87880
:10AA7000002894F87C0006D060B984F87C602046F9
:10AA8000FFF78EFF06E0012804D184F87C70204691
:10AA9000FFF7B4FF2879002894F87D0006D060B94C
:10AAA00084F87D602046FDF78BFD06E0012804D187
:10AAB00084F87D702046FDF78CFDA878002894F876
:10AAC0007B0006D060B984F87B602046FDF7C8FBA8
:10AAD00006E0012804D184F87B702046FDF7D0FB06
:10AAE0006879002894F87E0006D060B984F87E600A
:10AAF0002046FAF70DFF06E0012804D184F87E70A5
:10AB00002046FAF731FF2878002894F8790005D01C
:10AB1000002801D184F87960BDE8F0810128FBD1DB
:10AB200084F879702046BDE8F041FFF723BF0000AC
:10AB300070B5094DFF231A4605F5807606E000BF83
:10AB400010F8014B54402A5D5A40335D491E89B2CA
:10AB5000F6D242EA032070BDB8B800082DE9F047EC
:10AB600005460027481B1646894606285DDBA81CBB
:10AB7000FDF7E7FE0446A0F55C414FF4806081429A
:10AB800053D3A4F55841824651451AD2A81DA9EBCA
:10AB900000014FF00C08062947DB01785C2944D1FD
:10ABA0004178752941D1801CFDF7CBFEA0F55C41B1
:10ABB00051453AD2C4F3090161F39F2000F580307A
:10ABC00002E04FF006082046802801D2012110E063
:10ABD000B0F5006F02D20221C0270AE0B0F5803F35
:10ABE00002D20321E02704E0B0F5881F1DD2042122
:10ABF000F0274A1E08E000BF00F0BF03346843F0AE
:10AC000080038009A354521E12F0FF02F4D10129DF
:10AC100001D9384301E000F07F00326810703068DD
:10AC2000084430604046BDE8F0870020FBE70000A4
:10AC300070B5124E124C0D4650B100220421304620
:10AC4000F7F762FE2168C86840F02000C86004E0A1
:10AC50002068C16821F02001C1604DB101220421AA
:10AC60003046F7F751FE2068C16841F0800103E0EB
:10AC70002068C16821F08001C16070BD000C0140F6
:10AC8000E813002007480068016A41F211121142DE
:10AC900007D1016A9210114203D1016821F001012C
:10ACA00001607047101100200448002102685162C1
:10ACB0000068016841F00101016070471011002037
:10ACC000F8B5374C0027207808B1AFF3008068460C
:10ACD00000F0F4F860780025012670B3012802D056
:10ACE00002285AD139E0FFF7DFFF9DF800003A282B
:10ACF00007D00D2808D0A0F13001092907D8C8B223
:10AD00000DE0A570A58048E00220607045E0A0F14C
:10AD10004101052902D83738C0B200E0FF20A178F0
:10AD200011B1012939D10DE0A188FF2906D8A288E7
:10AD3000A16800018854A6702FE025E06570FFF738
:10AD4000A1FF2AE0A288A16811440A7802430A7090
:10AD5000A088401CA080A5701FE09DF80000E1784D
:10AD6000884207D1FFF78EFF6570012000F09EF842
:10AD7000074612E03A2801D065700EE0A570A58064
:10AD80006670FFF791FF08E09DF800003A2804D1B3
:10AD9000FFF78AFFA580A57066703846F8BD0000F1
:10ADA000DC0000200A4810B54178012909D00229A9
:10ADB00007D04178012906D04078022803D0AFF3AC
:10ADC000008000214170FFF75DFF002010BD0000F2
:10ADD000DC00002070B5294C0026607808B1AFF384
:10ADE000008020780025052846D2DFE800F04103E6
:10ADF0000A3136003A2000F091F802202070A57048
:10AE00003AE0E088F0B1A1781C48C06811B101298E
:10AE100032D108E000780009FFF722FB00F07EF84D
:10AE20000120A07028E0007800F00F00FFF718FB69
:10AE300000F074F8E068401CE060A570E088401EF7
:10AE4000E08019E00D2000F069F80320207013E085
:10AE5000E07800F063F80420F8E72570032000F0A4
:10AE600025F8064600210120FFF7E2FE257003E0E9
:10AE700000210120FFF7DCFE304670BDDC00002021
:10AE80000549024600204B78002B04D0087810704A
:10AE90000020487001207047100100200249002066
:10AEA0004870012070470000100100200249012273
:10AEB0004A70087010467047100100200249096866
:10AEC000017001207047000004440040124810B592
:10AED000104AC0E9002100210C22C160C0E905210F
:10AEE0004FF48052C161012B09D0022B0AD00161BD
:10AEF00081600948F9F760FA48B1002010BD4FF4AD
:10AF0000C06101E04FF4806182600161F1E70120DE
:10AF100010BD000000440040E81300200149086013
:10AF2000012070470444004030B587B000251A4C1A
:10AF300000950195029503950495164905952160A4
:10AF400040F60F61401E6160C4E902502561204651
:10AF5000A561F8F7C1FE70B94FF4805000906946C2
:10AF60002046F8F77EFF30B9049504A920460595E0
:10AF7000F8F77EFE10B1002007B030BD21686FF0F9
:10AF8000010008612068C16841F00101C160012031
:10AF9000F2E70000000400401011002038B5174C03
:10AFA0000025207808B1AFF300806846FFF786FFE0
:10AFB000607830B1124A012807D0022810D0032847
:10AFC00001D1FFF771FE284638BD0020A0809DF812
:10AFD0000000A1880A44491CA180107002200BE0E7
:10AFE000A088FF2807D89DF80010A0880244401CC4
:10AFF000A0801170E5E703206070E2E7F000002018
:10B000002015002070B50E4D0024687870B102281C
:10B010000BD003280DD0687858B16878022808D082
:10B020006878032805D0AFF300800120FFF73EFFCA
:10B030000446FFF727FE01206870204670BD00001F
:10B04000F000002070B5154C00256078012801D073
:10B05000AFF30080207810B101281CD104E000215A
:10B060000120FFF7E5FD16E0608850B1A068007888
:10B07000FFF754FFA068401CA0606088401E6080FD
:10B0800009E00320FFF712FF054600210120FFF72A
:10B09000CFFD00202070284670BD0000F000002089
:10B0A0000000000000000000002F0000000007006A
:10B0B000070000147F147F1400242A7F2A120062E4
:10B0C0006408132300364955225000000503000090
:10B0D00000001C224100000041221C000014083E18
:10B0E00008140008083E0808000000A060000008DE
:10B0F0000808080800006060000000201008040232
:10B10000003E5149453E0000427F400000426151EF
:10B110004946002141454B31001814127F10002789
:10B1200045454539003C4A4949300001710905034C
:10B1300000364949493600064949291E000036367D
:10B1400000000000563600000008142241000014E0
:10B1500014141414000041221408000201510906BD
:10B1600000324959513E007C1211127C007F49493E
:10B170004936003E41414122007F4141221C007F6F
:10B1800049494941007F09090901003E4149497A7D
:10B19000007F0808087F0000417F410000204041F7
:10B1A0003F01007F08142241007F40404040007F63
:10B1B000020C027F007F0408107F003E4141413EA7
:10B1C000007F09090906003E4151215E007F0919EF
:10B1D00029460046494949310001017F0101003FEC
:10B1E0004040403F001F2040201F003F4038403F6C
:10B1F00000631408146300070870080700615149D0
:10B20000454300007F41410000552A552A55000062
:10B2100041417F00000402010204004040404040E0
:10B22000000001020400002054545478007F484478
:10B23000443800384444442000384444487F0038AF
:10B240005454541800087E0901020018A4A4A47CD8
:10B25000007F080404780000447D400000408084A2
:10B260007D00007F102844000000417F4000007CEA
:10B2700004180478007C08040478003844444438F6
:10B2800000FC242424180018242418FC007C080442
:10B29000040800485454542000043F444020003C1B
:10B2A0004040207C001C2040201C003C4030403CA2
:10B2B000004428102844001CA0A0A07C0044645432
:10B2C0004C44141414141414000000000000000076
:10B2D0000000000000000000000000F80000000076
:10B2E000000000333000000000100C06100C0600B7
:10B2F000000000000000000040C07840C07840001E
:10B30000043F04043F040400007088FC083000007F
:10B31000001820FF211E0000F008F000E0180000D7
:10B3200000211C031E211E0000F008887000000090
:10B330001E2123241927211010160E0000000000E2
:10B340000000000000000000000000E018040200FF
:10B35000000000071820400000020418E000000070
:10B360000040201807000000404080F0804040006E
:10B370000202010F01020200000000F000000000C4
:10B380000101011F01010100000000000000000098
:10B3900080B070000000000000000000000000000D
:10B3A0000001010101010101000000000000000096
:10B3B0000030300000000000000000008060180431
:10B3C000006018060100000000E010080810E0000E
:10B3D000000F102020100F00001010F800000000D7
:10B3E0000020203F2020000000700808088870001E
:10B3F000003028242221300000300888884830009E
:10B400000018202020110E000000C02010F80000BD
:10B4100000070424243F240000F808888808080056
:10B420000019212020110E0000E01088881800006B
:10B43000000F112020110E0000380808C83808003D
:10B440000000003F000000000070880808887000BD
:10B45000001C222121221C0000E010080810E0003E
:10B460000000312222110F00000000C0C0000000C7
:10B4700000000030300000000000008000000000EC
:10B4800000008060000000000000804020100800E4
:10B4900000010204081020004040404040404000AD
:10B4A0000404040404040400000810204080000088
:10B4B0000020100804020100007048080808F0008D
:10B4C0000000003036010000C030C828E810E0005D
:10B4D0000718272423140B000000C038E0000000E8
:10B4E000203C23020227382008F888888870000052
:10B4F000203F202020110E00C03008080808380026
:10B50000071820202010080008F808080810E0009C
:10B51000203F202020100F0008F88888E80810003D
:10B52000203F20202320180008F88888E808100011
:10B53000203F200003000000C03008080838000049
:10B5400007182020221E020008F808000008F8084A
:10B55000203F210101213F20000808F808080000D1
:10B560000020203F2020000000000808F808080004
:10B57000C08080807F00000008F888C0281808007C
:10B58000203F20012638200008F8080000000000B5
:10B59000203F20202020300008F8F800F8F80800AC
:10B5A000203F003F003F200008F830C00008F808A6
:10B5B000203F200007183F00E01008080810E000B6
:10B5C0000F10202020100F0008F808080808F000CD
:10B5D000203F210101010000E01008080810E000F0
:10B5E0000F18242438504F0008F888888888700085
:10B5F000203F2000030C3020007088080808380025
:10B600000038202121221C00180808F8080818001A
:10B610000000203F2000000008F808000008F8089B
:10B62000001F202020201F000878880000C838084C
:10B63000000007380E010000F80800F80008F800C4
:10B64000033C0700073C030008186880806818085E
:10B6500020302C03032C30200838C800C8380800DC
:10B660000000203F2000000010080808C83808002B
:10B670002038262120201800000000FE02020200CF
:10B680000000007F40404000000C30C0000000007F
:10B69000000000010638C00000020202FE000000A7
:10B6A000004040407F00000000000402020204004D
:10B6B000000000000000000000000000000000008A
:10B6C0008080808080808080000202040000000072
:10B6D000000000000000000000008080808000006A
:10B6E0000019242222223F2008F800808000000058
:10B6F000003F112020110E0000000080808000001B
:10B70000000E112020201100000000808088F80029
:10B71000000E112020103F2000008080808000005B
:10B72000001F222222221300008080F088888818BF
:10B730000020203F202000000000808080808000CA
:10B74000006B94949493600008F80080808000005F
:10B75000203F210000203F2000809898000000003A
:10B760000020203F2020000000000080989800006A
:10B7700000C08080807F000008F80000808080008A
:10B78000203F24022D302000000808F800000000AF
:10B790000020203F2020000080808080808080006A
:10B7A000203F20003F20003F8080008080800000FC
:10B7B000203F210000203F2000008080808000008A
:10B7C000001F202020201F008080008080000000BB
:10B7D00080FFA12020110E000000008080808000EA
:10B7E000000E112020A0FF808080800080808000DB
:10B7F00020203F2120000100000080808080800008
:10B800000033242424241900008080E0808000007C
:10B810000000001F202000008080000000808000C9
:10B82000001F202020103F2080808000008080802A
:10B8300000010E30080601008080008000808080BA
:10B840000F300C030C300F000080800080808000DF
:10B850000020312E0E31200080808000008080800A
:10B8600080818E70180601000080808080808000BA
:10B870000021302C2221300000000000807C0202D8
:10B8800000000000003F404000000000FF000000FA
:10B8900000000000FF0000000002027C80000000A9
:10B8A0000040403F000000000006010102020404C5
:10B8B000000000000000000000C1814001C0804184
:10B8C00001C0804100C1814001C0804100C1814070
:10B8D00000C1814001C0804101C0804100C1814060
:10B8E00000C1814001C0804100C1814001C0804150
:10B8F00001C0804100C1814001C0804100C1814040
:10B9000000C1814001C0804100C1814001C080412F
:10B9100001C0804100C1814000C1814001C080411F
:10B9200001C0804100C1814001C0804100C181400F
:10B9300000C1814001C0804101C0804100C18140FF
:10B9400000C1814001C0804100C1814001C08041EF
:10B9500001C0804100C1814000C1814001C08041DF
:10B9600001C0804100C1814001C0804100C18140CF
:10B9700000C1814001C0804100C1814001C08041BF
:10B9800001C0804100C1814001C0804100C18140AF
:10B9900000C1814001C0804101C0804100C181409F
:10B9A00000C1814001C0804100C1814001C080418F
:10B9B00001C0804100C1814000C0C101C30302C277
:10B9C000C60607C705C5C404CC0C0DCD0FCFCE0EDF
:10B9D0000ACACB0BC90908C8D81819D91BDBDA1A4F
:10B9E0001EDEDF1FDD1D1CDC14D4D515D71716D6BF
:10B9F000D21213D311D1D010F03031F133F3F2322F
:10BA000036F6F737F53534F43CFCFD3DFF3F3EFE9E
:10BA1000FA3A3BFB39F9F83828E8E929EB2B2AEA0E
:10BA2000EE2E2FEF2DEDEC2CE42425E527E7E6267E
:10BA300022E2E323E12120E0A06061A163A3A262EE
:10BA400066A6A767A56564A46CACAD6DAF6F6EAE5E
:10BA5000AA6A6BAB69A9A86878B8B979BB7B7ABACE
:10BA6000BE7E7FBF7DBDBC7CB47475B577B7B6763E
:10BA700072B2B373B17170B05090915193535292AE
:10BA800096565797559594549C5C5D9D5F9F9E5E1E
:10BA90005A9A9B5B99595898884849894B8B8A4A8E
:10BAA0004E8E8F4F8D4D4C8C4484854587474686FE
:10BAB0008242438341818040010000000000000079
:10BAC000000101010100010000010101010100006C
:10BAD000000000000100010000020000000300005F
:10BAE000000400000005000080010000800200004A
:10BAF00080030000800400000100000024010020F9
:10BB00000100001034010020010001107401002028
:10BB100005001810BC01002003000012F4010020F1
:10BB2000070000145C02002007000114C40200207A
:10BB3000070002142C0300200700031484030020D4
:10BB400009000016F4030020090001166404002017
:10BB500009000216D4040020090003165405002031
:10BB600007000018BC05002007000118240600206B
:10BB7000070002188C06002007000318E4060020C6
:10BB80000900001A540700200900011AC407002008
:10BB90000900021A340800200900031AD008002006
:10BBA0000B00002003000000040008000C0010003F
:10BBB0000300000007000B000F0013001500010236
:10BBC00002030405060708090A0B0C0D0E0F1010DE
:10BBD000010202030405060708090A0B0C0D0E0FEB
:10BBE000101000000000000000000102030406071E
:10BBF000080900000000010203041F1C1F1E1F1E75
:10BC00001F1F1E1F1E1F1F1D1F1E1F1E1F1F1E1F4B
:10BC10001E1FDDDDDDDDDCBBBBDDDDDDDDDDDDDD16
:10BC2000DDDD98888888888888887777777777882F
:10BC30008888855555566666666666666666666871
:10BC4000888883333332222222222222222222286F
:10BC5000888D000074BC000800000020F80B000074
:10BC6000680F0008C4BF0008F80B0020B8120000DD
:10BC7000EC6900080110138D691B0831041395A4A9
:10BC80001208021201022B02321113957C330804B0
:10BC900013977B3308031A3908321013A57D330834
:10BCA000061A0F0832171AF918296F13557A330834
:10BCB000051AB938320F1A412029741AC7180138E9
:10BCC0001320150214201A01016908690A412BFF8B
:10BCD000FF3599F4220729C44B2001161A02A12925
:10BCE000295A30100110D280293AE169401A624085
:10BCF000695C9A640C9A680C9A6C0C2A700C411A54
:10BD00000664194469489AB0249AB40C1AB80C19FC
:10BD10002B19290914802AE0C0592C2AE40C59183F
:10BD20002AE80C193929379AEA189AEC189AEE1869
:10BD30006AF0680A1403688B4802682A4C0C591888
:10BD40002A500C59509A52189A54189A56181A5840
:10BD50000C396829490911689AB0689AB4389AB8B8
:10BD6000509ABA189ABC189ABE186AC06819100975
:10BD700012688B1803682A1C0C59182A200C595079
:10BD80009A22189A24189A26181A280C5A086829F0
:10BD9000109A80588B3C170C9A400C9A440C9A4885
:10BDA0000C9A4C0C9A500C9A540C1A580CA9709A74
:10BDB000F0709A5C289A600C9A640C9A680C9A6CE1
:10BDC0000C9A700C9A740CDA78708B60041C9A7C54
:10BDD000289A800C9A840C9A880C9A8C0C9A900C55
:10BDE0009A940CDA98709AD0709A9C289AA00C9A1F
:10BDF000A40C9AA80C9AAC0C9AB00C9AB40C1AB871
:10BE00000C2A06C0296DB15A02808B40052C2A44A9
:10BE10000C59182A480C193932029A4A189A4C18A7
:10BE20009A4E181A500C396829190911689AA8688D
:10BE30009AAC389AB0509AB2189AB4189AB6186A4E
:10BE4000B8680A1403688B1006682A140C59182A5B
:10BE5000180C59509A1A189A1C189A1E18196549E4
:10BE60006829490911689A78689A7C389A80509AAA
:10BE700082189A84189A86181A880C420859109ABF
:10BE8000E0588B2C180C9A300C9A340C9A380C9A77
:10BE90003C0C9A400C9A440C1A480CA9708B500721
:10BEA0001C9A4C289A500C9A540C9A580C9A5C0C78
:10BEB0009A600C9A640CDA68709AC0709A6C289A2E
:10BEC000700C9A740C9A780C9A7C0C9A800C9A8458
:10BED0000CDA88708B30081C9A8C289A900C9A94F3
:10BEE0000C9A980C9A9C0C9AA00C9AA40C1AA80C68
:10BEF000022B0A13F55D5B08029C2AA09C590C1BBF
:10BF000020160C220632029A220C9A240C9A260C35
:10BF10009A280C9A2A0C9A2C0C9A2E0C2A300C591E
:10BF20006C2A320C111AFF01E1093212131C0114A0
:10BF300020FCBA2C085409542113C5681408A4BB6A
:10BF40001B08B0041ABC041AF81C136D61024A08DD
:10BF50004980720F1B4F6C6019041A61048BC37502
:10BF6000681A58981A5C0413D80B1B2060082936ED
:10BF70001A4D240A270F0101561AFF011A5F881A69
:10BF800050941A5204018023FFFF1A48881A4C0467
:10BF90001A6B981A67041A63041A650481134160C6
:10BFA0008C08C5751002100119111A40401A44047A
:10BFB0001A30040A2154D85A6960294C8210D312CD
:04BFC0007A00000003
:04000005080000ED02
:00000001FF
