:020000040800F2
:10000000502E00209D010008B55600082345000829
:10001000BD550008151300087166000800000000B7
:1000200000000000000000000000000005010008C2
:10003000B31400080000000049010008A15C00089A
:10004000B7010008B7010008B7010008B7010008B0
:10005000B7010008B7010008B7010008B7010008A0
:10006000B7010008B7010008B7010008B701000890
:10007000B701000871140008B70100087D140008DA
:10008000B7010008B7010008B7010008B701000870
:1000900035650008B7010008B701000837150008EA
:1000A000B7010008495D0008B7010008B701000862
:1000B000555D0008695D0008895D0008B70100080A
:1000C000B7010008B7010008B7010008B701000830
:1000D000B7010008C1640008D96400081D65000864
:1000E00011150008B7010008B7010008DFF810D0AB
:1000F00000F0CAFE00480047B9840008AFF3008052
:10010000502E0020224B19680868B0E8F00F80F3E9
:100110000988BFF36F8F4FF0000080F311884EF015
:100120000D0E70470000000006480068006880F36C
:10013000088862B661B6BFF34F8FBFF36F8F00DFE1
:1001400000BF00BF08ED00E0EFF30980BFF36F8F41
:100150000F4B1A6820E9F00F106008B54FF05000FF
:1001600080F31188BFF34F8FBFF36F8F0BF064F8EC
:100170004FF0000080F31188BDE808401968086856
:10018000B0E8F00F80F30988BFF36F8F704700BFAE
:10019000F80B0020EFF30580704700000648804709
:1001A00006480047FEE7FEE7FEE7FEE7FEE7FEE75C
:1001B000FEE7FEE7FEE7FEE7455D0008ED0000080C
:1001C000202A04DB203A21FA02F00021704721FAAC
:1001D00002F3D040C2F12002914008431946704713
:1001E000A0F14101192900D82030704740EA0103ED
:1001F0009B0703D009E008C9121F08C0042AFAD2DD
:1002000003E011F8013B00F8013B521EF9D27047A0
:10021000D2B201E000F8012B491EFBD27047002248
:10022000F6E710B513460A4604461946FFF7F0FFF5
:10023000204610BD30B505462A460B4612F8010B84
:1002400013F8014B08B1A042F8D01CB1002802D02D
:100250006D1CF1E7284630BD421C10F8011B002937
:10026000FBD1801A704710B5002200E0521C835C5D
:100270008C5CA34201D1002BF8D1D8B2E1B2401A74
:1002800010BD30B504460020034600E05B1C9342DD
:1002900003D2E05CCD5C401BF8D030BD034611F8C2
:1002A000012B00F8012B002AF9D11846704730B510
:1002B00005460020034600E05B1C934205D2EC5C3F
:1002C000C85C201A01D1002CF6D130BD2DE9FF4FBA
:1002D000087883B09946FF2805D0491C2D2804D002
:1002E0000024002008E000200BE00124F9E700EBE7
:1002F000800003EB4000491C0B78FF2BF7D104B1C1
:10030000404200230293147819461D462D2C01D03B
:100310002B2C04D1521C2D2C13D000240294AA465D
:100320001478FF2C0FD00A25A3FB057801FB05816B
:100330004FF0000C03FB0C11521CE3194AEB0101B6
:10034000EEE70124EAE7814453EA010002D019F5FF
:10035000C87F06DA03980021C0E9001107B0BDE8A4
:10036000F08F0025AE4E2F46DFF8B882184600F019
:1003700067FDCDE90001B9F1000002DAC9F100041E
:1003800000E004460023A74A1AEB030B42EB045A91
:1003900012E0E00707D02A4633463846414600F0CF
:1003A0005CFA074688462A4633461046194600F04E
:1003B00054FA05460E466410002CEAD1DDE900012E
:1003C000B9F1000F5A46534606DA00F0B8FA3A4639
:1003D000434600F0B4FA05E000F03FFA3A464346DF
:1003E00000F03BFA029A0AB181F00041039AC2E997
:1003F0000001B3E72DE9FF4F1F468DB0D7E9014655
:100400004FF0FF382E2045464FF000090B90B96998
:100410006D1C0E988847396A824688470028F6D1B5
:10042000BAF1FF3F0AD024F4D064002E11DDBAF1F6
:100430002B0F08D0BAF12D0F0BD102E0404611B0BE
:100440008DE744F48064B9696D1C0E988847824634
:10045000761E6946600501D52D2000E02B208DF821
:10046000000001F1010B0DF1200809E0B9696D1CD4
:100470000E98884782460F9844F40074761E0560F3
:10048000002E02DDBAF1300FF0D00B998A453ED133
:1004900044F0800406E00F99681CA9F1010944F4B6
:1004A00000740860B9696D1C761E0E9888478246F4
:1004B0003028F0D02BE00B998A4505D1200603D4D3
:1004C00044F08004761E18E0504606F021FB08B385
:1004D0000DF11301761E44F400748B4508D2AAF185
:1004E00030000BF8010B200607D5A9F1010003E04D
:1004F000200602D409F101008146A00502D50F991A
:10050000681C0860B9696D1C0E9888478246002EE9
:10051000D1DC53E0002E51DDBAF1650F02D0BAF103
:10052000450F4BD1A00549D5B9696D1C24F4407421
:10053000761E0E9888478246002E0CDD2B2804D0AC
:10054000BAF12D0F07D144F48074B9696D1C0E986F
:1005500088478246761EE00501D52D2100E02B213B
:1005600008F8011BCDF82C8021E00DF12901761E41
:1005700044F4007488450CD2AAF1300010F0FF005A
:1005800088F8000002D10B99884509D908F10108C3
:1005900006E0E00501D5244801E042F20F708146F3
:1005A000B9696D1C0E98884782460F980560002E29
:1005B00004DD504606F0ACFA0028D6D1F9690E9851
:1005C0008847FF208BF8000088F800000020069084
:1005D00007904B466A4608A906A8FFF777FEA005D4
:1005E00002D46FF001002AE714F0240F0AD0E007CC
:1005F00014D1DDE906123868031D3B600068C0E9CC
:1006000000120BE0DDE9060100F094FA0146E00774
:1006100004D13868021D3A600068016028460EE780
:10062000000014400000F03FF1D8FFFF80EA010213
:1006300010B502F00043400022D04A001FD0010E46
:1006400001EB1261C0F35600C2F3560240F4000001
:1006500042F40002A0FB022000047F39140400D001
:10066000401C50EA124001D44000491EC2B20C06A0
:1006700004EBD010401C4008802A02D003E0002088
:1006800010BD20F00100002900DA0020184310BD41
:1006900030B480EA010202F0004530F0004221F05F
:1006A000004013D090B1C30DD40DC2F31601C0F3B6
:1006B0001600E41A41F4000140F400027D34914236
:1006C00001D3641C00E04900002C02DA30BC002099
:1006D00070474FF400000023914201D3891A03436D
:1006E00040084FEA4101F7D151B1914202D14FF098
:1006F000004105E002D24FF0010101E06FF001017D
:1007000003EBC450284430BC00F006BB2DE9FE4F7B
:10071000804681EA0300C00F0C46009021F00041A2
:1007200023F00045B8EB0200A94105D2404621461E
:1007300090461C460B46024623F00040104347D02B
:10074000270DC7F30A00C3F30A510290401A019023
:1007500040286BDAC3F3130040F4801B00989246E4
:1007600020B10023D2EB030A63EB0B0B019859462F
:10077000C0F14002504600F040FA06460D46504691
:100780005946019A00F048FA10EB08006141002434
:1007900087EA115284EAE7731A4340D0009A62B3A1
:1007A000019A012A4FEA075215DC001B61EB020196
:1007B0004FF0004202EA0752CDE90042001C41F529
:1007C000801132462B4600F0EDFA03B0BDE8F08F01
:1007D00040462146F9E7001B61EB0201001C41F590
:1007E000801300185B412018A2F5001747EB0301A6
:1007F00040EAD570B6196D4111E06D084FEA360632
:1008000045EAC0754FEA0752001B61EB0201001C6C
:1008100041F5801149084FEA300000195141324634
:100820002B4603B0BDE8F04F00F0ADBA00980122AE
:1008300040000023D0EB020263EBE07300982146F6
:100840004FEAE074B8EB000061EB0401E9E783F0E4
:1008500000435BE781F0004158E72DE9FE4F81EA54
:10086000030404F0004421F0004100944FF0000B19
:1008700023F0004350EA01045ED052EA03045BD047
:10088000C3F30A54C1F30A552C44A4F2F33401947F
:10089000A0FB0254C1F3130141F48011C3F313030D
:1008A00043F4801301FB024400FB034E840A970AC1
:1008B00044EA815447EA8357A4FB076802958D0AEE
:1008C00005FB07854FEA932C04FB0C542705029D7A
:1008D0004FEA065847EA1637B5EB08056EEB070CEA
:1008E000870E920E47EA811742EA8312A7FB0201A4
:1008F000B6EB0B0164EB00042B0D43EA0C335E18DE
:1009000044EB1C50DA465146E7FB0201C5F31304E1
:100910004FEA0B3343EA14534FEA0432019C43EA93
:100920000603A4F10C040294009CCDE900B400F08D
:1009300039FA03B0BDE8F08F00200146F9E72DE950
:10094000F04D81EA030404F0004B21F00045144609
:100950004FF0000A23F0004150EA050220D054EA8B
:1009600001021DD0C5F30A570246C5F31303C1F3B4
:100970001300C1F30A5640F4801543F48013A7EB2B
:100980000608101BD64608F2FD3873EB050002D3AB
:1009900008F1010801E092185B41B8F1000F03DA99
:1009A00000200146BDE8F08D00204FF4801106467E
:1009B00084460EE0171B73EB050705D3121B63EB90
:1009C000050306434CEA010C49084FEA300092182F
:1009D0005B4150EA0107EDD152EA030012D082EAEE
:1009E000040083EA0501084305D0101BAB4106D281
:1009F0000122002306E000224FF0004302E06FF0E6
:100A0000010253101AEB06004CEB085110EB0A00E0
:100A100041EB0B01BDE8F04D00F0B5B970B521F028
:100A2000004303430CD0C1F30A550024D5EB040561
:100A300064EB0403D617AD1AB34102DB0020014674
:100A400070BD201841EB025170BD96230022114663
:100A500000F06BB90EB540F2334102910021CDE9AF
:100A600000110A460B4600F09DF903B000BD20F0CE
:100A70000040C10DC0F3160040F400007F2901DAE8
:100A800000207047962903DCC1F19601C8407047E9
:100A900096398840704770B5C1F30A5201F000459D
:100AA0000024C1F3130140F2FF3341F480119A4254
:100AB00001DA002070BD40F233439A42A2F2334281
:100AC00003DC5242FFF77CFB00E090402C43F1D066
:100AD000404270BD30B5041E71F1000404DB4FF0DC
:100AE0000044404264EB0101141E73F1000405DB75
:100AF0001C464FF00043524263EB04038B4208BF95
:100B0000824230BD30B5041E71F1000404DB4FF0A9
:100B10000044404264EB0101141E73F1000405DB44
:100B20001C464FF00043524263EB0403994208BF56
:100B3000904230BD01F0004330B421F0004150EA52
:100B4000010206D00A0DA2F56072C1F31301002A5A
:100B500002DC30BC00207047440F44EAC104C100ED
:100B6000E01830BC00EBC25000F0D6B830B50B46F0
:100B7000014600202022012409E021FA02F59D42CD
:100B800005D303FA02F5491B04FA02F52844151EA1
:100B9000A2F10102F1DC30BD2DE9F05F0546002035
:100BA00092469B4688460646814640241BE02846DE
:100BB000414647462246FFF703FB53465A46C01AB2
:100BC000914110D311461846224600F016F82D1A0E
:100BD00067EB01084F4622460120002100F00DF886
:100BE00017EB00094E41201EA4F10104DFDC48464A
:100BF00031462A464346BDE8F09F202A04DB203ACE
:100C000000FA02F1002070479140C2F1200320FA5F
:100C100003F3194390407047202A06DBCB17203A94
:100C200041FA02F043EAE07306E041FA02F3D040F1
:100C3000C2F120029140084319467047426842B110
:100C4000016811F8013B23B1521EC0E90012184699
:100C500070470121C160881E704742685AB1C3685D
:100C6000016843B983688B4205D0491E521CC0E914
:100C70000012002070474FF0FF3070470FB4002380
:100C800000B589B00CA900910B996FF00042CB60C0
:100C90001E4B06931E4B07930423CDE901321D4AD8
:100CA000089202466B460020FFF7A4FB09B05DF8EE
:100CB00014FB70B586B006464FF0FF300091CDE9C9
:100CC0000101002015460C4604903246694604A8EE
:100CD000FFF7D4FF02460498211825B108B1084651
:100CE00000E020462860049800280DD0002A02DD8C
:100CF0000098884208D0081B0094CDE901043246D0
:100D0000694604A8FFF7BAFF06B070BD3D0C0008A5
:100D10005B0C0008AD0E00080029A8BF7047401CFE
:100D2000490008BF20F00100704710B4B0FA80FC01
:100D300000FA0CF050EA010404BF10BC704749B13E
:100D4000CCF1200421FA04F411FA0CF118BF0121AE
:100D500021430843A3EB0C01CB1D4FEA00614FEA8E
:100D6000102042BF002010BC704700EBC35010445D
:100D70000029A4BF10BC7047401C490008BF20F0E8
:100D8000010010BC704710B5141E73F1000408DA9E
:100D9000401C41F1000192185B411A4301D120F03F
:100DA000010010BD2DE9F04D92469B4611B1B1FAFC
:100DB00081F202E0B0FA80F220329046FFF71DFF88
:100DC00004460F4640EA0A0041EA0B0153465A46E0
:100DD000084313D0114653EA010019D0C8F140026C
:100DE0005046FFF7EDF905460E4650465946424635
:100DF000FFF703FF084305D0012004E020463946F1
:100E0000BDE8F08D0020054346EAE0762C433743E9
:100E10000A986305E40AA0EB08000022FD0A44EAF0
:100E200047540A3002D500200146E9E701051019B0
:100E30006941DDE9084500196941BDE8F04DA2E7C7
:100E40000EB540F2334202920022CDE90022134651
:100E5000FFF7A8FF03B000BDC1F30A52C1F31301AD
:100E600040F2FF3341F480119A4202DA0020014639
:100E7000704740F233439A42A2F2334202DC5242BC
:100E8000FFF79EB9FFF7B9BE064C074D06E0E068D4
:100E900040F0010394E8070098471034AC42F6D3C1
:100EA000FFF728F964C5000884C50008C0B24FF4F4
:100EB000F05100F001B800007F2801D9002208E0BD
:100EC000064A02EB5002C007127800D1120902F064
:100ED0000F02012090400840704700000AC500083A
:100EE00070B58C1810F8015B15F0070301D110F8EC
:100EF000013B2A1106D110F8012B03E010F8016B19
:100F000001F8016B5B1EF9D12B0705D40023521E9B
:100F10000DD401F8013BFAE710F8013BCB1A921C03
:100F200003E013F8015B01F8015B521EF9D5A14201
:100F3000D8D3002070BD000070B5044600688168F9
:100F4000C943C90717D1816821F00101816001F00F
:100F5000DFFC05460AE000BF01F0DAFC401B022876
:100F600004D920688068C043C00706D02068806824
:100F7000C043C007F0D0002070BDA06A40F0100050
:100F8000A062E06A40F00100E062012070BD000054
:100F9000F8B500260446009600688168C943C90771
:100FA0002DD0816841F00101816016481649006822
:100FB000B0FBF1F000E0401E00900028FBD101F0F2
:100FC000A7FC054616E000BF01F0A2FC401B02286A
:100FD00010D920688068C043C0070BD0A06A40F0D9
:100FE0001000A062E06A40F00100E06284F8246032
:100FF0000120F8BD20688068C043C007E4D100200C
:10100000F8BD0000F40B002040420F002DE9FE4F18
:10101000012607270096002569463C48CDE901676F
:1010200000F088FB08B100F0CBFA0024374800F04C
:101030005BFD6421354800F0B9FC18B9334800F075
:10104000F7FB0544641CE4B20A2CEFD30A24B5FB79
:10105000F4F0FFF7FFFCDFF8B8A04FF066394A461E
:101060005346FFF7FAFBDFF8ACB000225B46FFF710
:1010700066FCFFF75FFD2849FFF7D8FAFFF7F7FC9A
:10108000DFF8988000256946A8F80C0010208DE84C
:10109000C1001E4800F04EFB08B100F091FA002696
:1010A0004FF47A77194800F01FFD3946174800F0D1
:1010B0007DFC18B9154800F0BBFB0544761CF6B260
:1010C0000A2EEFD3B5FBF4F0FFF7C4FC4A465346B3
:1010D000FFF7C3FB00225B46FFF731FC104A114BC0
:1010E000FFF7B8FB104A114BFFF729FC0022104B09
:1010F000FFF70CFBFFF71EFD0749FFF797FAFFF715
:10110000B6FCA8F80E00BDE8FE8F0000B01200206B
:1011100066660A4000FEAF400000C842D4180020B6
:10112000E17A14AE47E1F63F22FDF675E09C713F8F
:10113000000039401CB5BE208DF8040008208DF851
:10114000050000208DF806004FF6FF700090032385
:1011500001AA7021014801F0CDFD1CBDE012002064
:101160001CB5282001F030FABE208DF804000820BC
:101170008DF8050000208DF806004FF6FF700090F6
:10118000032301AA7021054801F0B4FD00F0A2F884
:10119000000701D4FFF7CEFF1CBD0000E0120020C5
:1011A00070B500F019F80A4C084E31466068FFF738
:1011B0003DFAFFF75CFC074D314668802068FFF779
:1011C00035FAFFF754FCA88070BD00000000C8424B
:1011D00000000020D418002070B586B000208DF8E3
:1011E00000008DF800008DF800008DF800008DF8EB
:1011F00000008DF80000AC218DF80C1033218DF823
:101200000D1004468DF80E004FF6FF75032303AA58
:1012100070212B48009501F06DFD502001F0D4F9AC
:1012200007E0012001F0D0F92046641CA4B2642834
:1012300003D200F04FF80006F3D4062301AA702170
:101240001F48009501F02EFC9DF805009DF8061042
:101250009DF8074041EA002144EA01200009FFF718
:10126000F9FB0022174BFFF7F8FA6FF00906324638
:10127000FFF7D4FB3246FFF7D1FBFFF75BFC124DC3
:1012800028609DF808109DF8090041EA042140EA11
:101290000120C0F31300FFF7DDFB00220B4BFFF72B
:1012A000DCFA3246FFF7BAFB3246FFF7B7FB002203
:1012B000074BFFF7CCFAFFF73DFC686006B070BD46
:1012C000E0120020000059400000002000006940AA
:1012D000000049401CB54FF6FF700090012301AAA1
:1012E0007021034801F0DEFB9DF804001CBD0000E6
:1012F000E0120020064B4FF40051012805D00028D1
:1013000005D10022184601F0FDBA0122FAE7704724
:1013100000100140FEE700000B4802F035FC00F031
:1013200019F80A4801780A4809F0B8FB0021084872
:1013300009F05AFC0521064809F056FC4FF47A746E
:10134000204607F0B8F9FBE7341300201D00002009
:10135000A009002000B58BB000200121CDE90601D5
:101360000590009001900290039004900E20CDE92A
:10137000081069460A4800F091FC08B100F020F915
:10138000074800F06FFF08B100F01AF90221044885
:1013900000F00AFC08B100F013F90BB0002000BD0A
:1013A0006C0C002030B4D0F89C20D0F8A0404FF056
:1013B000FF3352F8212024F81130C2F307420121F3
:1013C000831883F8B010D0F8AC3030BC1146184701
:1013D0002DE9F04F9946DDE90A5A4FF0FF3BDDF861
:1013E00024C041E0AB1A5BB20C78002B03DD00BFD8
:1013F00004FA03F403E0C3F1000324FA03F4E6B2B1
:1014000002DDC5F1080301E0C2F10803DCB2844249
:1014100000D9044605EB0408FF2707FA08F3C5F1D5
:101420000805EF403B439CF800509E431D40354368
:101430002244D2B28CF80050072A07D90022B9F111
:10144000000F01D05B4600E00123194408F0FF05BE
:10145000072D07D90025BAF1000F01D05B4600E047
:1014600001239C44001BC0B20028BBD1BDE8F08F13
:10147000014800F099BF000028170020014800F043
:1014800093BF0000E416002030B590F840500124CE
:10149000AC40C56B6C60046863604368102B0368E4
:1014A00003D099600068C26030BD9A600068C16076
:1014B00030BD7047411C0CD00749B1F90020904263
:1014C00001D1521E0A80054A00EB4000002102F8BB
:1014D00030104FF0FF307047E00B0020A01A0020C2
:1014E00010B50C46034604F0B7FA10B14FF0FF30C8
:1014F00010BDD3F80021521CD01702EB106020F071
:10150000FF00101AC3F80001185C2070002010BD05
:1015100010B54FF4805001F0F9F84FF4005001F08D
:10152000F5F84FF4804001F0F1F8BDE810404FF4B9
:10153000004001F0EBB810B5202001F0E7F8BDE85D
:1015400010404FF4807001F0E1B8000010B50C4677
:10155000034604F089FA28B109A005F015F94FF007
:10156000FF3010BDD3F80421521CD01702EB1060DD
:1015700020F0FF00101AC3F804011C54002010BD15
:1015800071756575652069732066756C6C0A00005D
:101590002DE9F04116460D46074600240CE0297857
:1015A0003846FFF7D3FF002803DA4FF0FF30BDE8DD
:1015B000F081641CA4B26D1CB442F0D30020F6E7A5
:1015C00072B6FEE708B506480268001F0368001FF0
:1015D0000068009003A1074805F0E6F8054808BD3B
:1015E000F0F7FF1F25303858253038582530385847
:1015F000000000009C0D002070B50546D0F83801B1
:10160000008818B300242E1996F8B0000F2818D0BF
:1016100028680078A04214D096F8400140B9D5F867
:10162000342112B1214628469047012086F8B000A7
:1016300096F840012146401E86F84001284606F0F3
:10164000B3FF641CE4B2802CDDD370BDB5F930016A
:10165000FFF730FFA5F8300170BD0000F8B5002598
:101660000446009590F8240001280BD0012084F84E
:1016700024002046FFF760FC2046FFF789FC0600A7
:1016800002D050E00220F8BDA06A20F4885040F05B
:101690000200A062022001F07BFE25490968B1FB2F
:1016A000F0F0400000E0401E00900028FBD12068D0
:1016B000816841F00801816001F02AF9074608E0DD
:1016C00001F026F9C01B0A2803D9206880680007AA
:1016D00015D4206880680007F2D42068816841F042
:1016E0000401816001F014F9074612E001F010F9DD
:1016F000C01B0A280DD920688068400709D5A06A58
:1017000020F0020040F01000A06284F82450012074
:10171000F8BD206880684007E8D4A06A20F0020085
:1017200040F00100A06284F824503046F8BD00006B
:10173000F40B0020F8B50024009490F824202546EE
:10174000012A12D0012280F824204A681F23072A88
:101750000DD20668776B521E02EB820293409F43C4
:101760000B6893401F43776319E00220F8BD0668B9
:101770000D2A0AD2376BD21F02EB820293409F439D
:101780000B6893401F43376309E0F76A0D3A02EB99
:10179000820293409F430B6893401F43F7620A689D
:1017A000072306680A2A0AD3F7680A3A02EB4202BC
:1017B00093409F438B6893401F43F76008E037696D
:1017C00002EB420293409F438B6893401F43376173
:1017D0000A68102A01D0112A20D1124B02689A42BD
:1017E00017D193681B0219D4936843F400039360E4
:1017F0000968102912D10C490C4A0968B1FBF2F1B1
:1018000001EB8101490000E0491E00910029FBD154
:1018100004E0816A41F020018162012480F82450B3
:101820002046F8BD00240140F40B002040420F0088
:101830000068C06C704700002DE9F0414FF00007D0
:1018400004003D467ED0A06A002628B9E66284F8EE
:101850002460204600F07EF82046FFF76DFBA16A69
:10186000C90600D420B1A06A40F01000A06269E06F
:10187000A16A21F4885141F00201A1626268E16924
:10188000237B0A4347EA43010A43A1684FF4807768
:10189000B94209D0012907D05FF0000194F814C0C3
:1018A000BCF1010F02D00AE03946F7E7F3B1A36AB1
:1018B00043F02003A362E36A43F00103E362236879
:1018C000D3F804C02CF4694C4CEA010CC3F804C0F2
:1018D00021688B68DFF870C003EA0C0313438B6048
:1018E000A168B9420BD0012909D00CE0DFF85CC037
:1018F000A3690CEB43330B4343F40061DFE7218A18
:101900000D05A5F580152168CB6A23F470032B43E0
:10191000CB62216889680E4B1940914208D1E6627A
:10192000A16A21F0020141F00101A162BDE8F0814C
:10193000A06A20F0020040F01000A062E06A40F0CF
:101940000100E0620120F1E7FDF7E1FF00E0FFFFA9
:10195000FE0E1FFF00B585B000210091019102919C
:10196000039100680E49884218D10E48816941F4FC
:1019700000718161816901F400710491816941F014
:10198000040181618069694600F00400049002202E
:10199000009003200190044800F0C4FE05B000BD93
:1019A0000024014000100240000801402DE9F843E6
:1019B00000270D460446009700F0AAFF80462068E5
:1019C0008168C90508D5A06A40F02000A06284F8AB
:1019D00024700120BDE8F8834168C90503D4C06ABA
:1019E00010F4700F2AD0022001F0D2FC3B490968A4
:1019F000B1FBF0F62068036939490B424FEA6101F7
:101A00004FEAA1121FD1C3684FEA611C13EA0C0F01
:101A100019D103690B4225D1C068104222D114208C
:101A200023E0681C0AD02DB100F072FFA0EB080083
:101A3000A84203D920680068800725D5206800687F
:101A40008007EED52DE003690B4202D1C168114237
:101A500006D0026923490A4206D1C068084203D170
:101A6000542002E0292000E0FC204643009816E0C4
:101A7000681C11D02DB100F04BFFA0EB0800A8426C
:101A80000AD90098B04207D2A06A40F00400A062D0
:101A900084F8247003209DE70098401C0090B04219
:101AA000E6D321686FF012000860A06A40F400706D
:101AB000A06220688068C0F3424007280CD1207BD8
:101AC00050B9A06A20F48070A062A06AC00403D458
:101AD000A06A40F00100A06200207BE7F40B002028
:101AE000244992244992240070B5044690F82400B9
:101AF00001280DD0012084F824002046FFF748FA81
:101B000002004FF0000005D084F82400104670BD9C
:101B1000022070BDA16A40F20123994341F4807113
:101B2000A1621F4D23681F49AB4218D10E6816F4FD
:101B3000702F14D0A66A46F48016A6620E68760549
:101B400005D5A66A26F4005646F48056A662A66A13
:101B5000F6040AD5E66A26F00606E66206E0A66AFC
:101B600026F48016A6625E68E9E7E06284F8240045
:101B70006FF00200186020688368C3F34243072BAC
:101B800005D1A84208D1096811F4702F04D08168EA
:101B900041F480118160B9E7816841F4A001F9E75F
:101BA000002801400424014090F82020012A07D099
:101BB000022A05D0416A41F4802141620120704728
:101BC000006842690A43426100207047F0B590F80E
:101BD00020500468A468012D05D0022D03D0416A6D
:101BE00041F4802157E014F0406F01D1E5004FD55A
:101BF000C4F301640125A5401D608D684FF4C073D6
:101C00009DB1CE6835434E6845EAC605066803EBCC
:101C10000417F5514FF4C275076805EB04150E69FA
:101C20007E51097D012905D009E00E88CD6845EA7D
:101C30004655EBE701684E5946F480764E511179CE
:101C4000D579567941EA056195792D0445EA06254D
:101C500029434FF4C676056806EB0416A95111789E
:101C6000D57841EA0561957852782D0445EA02223B
:101C700011434FF4C475026805EB04155151006817
:101C800003EB0411425842F0010242500020F0BD23
:101C9000416A41F4001141620120F0BD10B590F895
:101CA00020300268012B07D0022B05D0416A41F495
:101CB00080214162012010BDD2F8000240F00100F5
:101CC000C2F80002087D00F01F0301209840D2F8FE
:101CD0001C328343C2F81C32CB69B3B9D2F80C3240
:101CE0008343C2F80C328C894B6864F31F434C6900
:101CF00002EBC404C4F840320C890B6864F31F4340
:101D00004C6902EBC404C4F84432CB69012B16D1F0
:101D1000D2F80C320343C2F80C320C884B6864F3DF
:101D20001F434C6902EBC404C4F840320C89CB68F1
:101D300064F31F434C6902EBC404C4F844328B695A
:101D4000002BD2F804320FD053EA0003C2F8043259
:101D50000B69002BD2F8143208D00343C2F81432B6
:101D6000096A012904D008E08343EFE78343F5E7DC
:101D7000D2F81C120143C2F81C12D2F8000220F063
:101D80000100C2F80002002010BD704770B590F845
:101D90002040012C05D0022C03D0416A41F480215F
:101DA00028E0046809B32469A40720D04FF4D8744C
:101DB000056804EB01142D5915F0040595600568BC
:101DC0002D591AD0ED08556005682C5904F002040D
:101DD000D4604FF4DA74056804EB01142E5906F050
:101DE0000F06082E0CD308250DE0E468DCE7416AF5
:101DF00041F400114162012070BD6D0D1560E3E7F3
:101E00002D5905F00F05156105682D59C5F30725F6
:101E1000956105682C59240C54614FF4DC720468F8
:101E200002EB0112A4581C700468A458240A5C70C8
:101E30000468A458240C9C700468A258120EDA702E
:101E40004FF4DE72046802EB0112A4581C7104689E
:101E5000A458240A5C710468A458240C9C7104687A
:101E6000A258120EDA71006829B1016941F020010F
:101E70000161002070BDC16841F02001C160F8E738
:101E80002DE9F05F0546006800244669D0F804900B
:101E90008768D0F80CB0D0F810A0D0F81880F107FF
:101EA00048D0F90714D001218160B80703D528462E
:101EB00000F005FA0CE0780702D54FF4006407E063
:101EC000380702D54FF4805402E0284600F0F6F9B6
:101ED000F80516D529684FF480708860B80503D5D9
:101EE000284600F0EEF90CE0780502D544F40054E1
:101EF00007E0380502D544F4804402E0284600F0AB
:101F0000DFF9F80316D529684FF480308860B803EC
:101F100003D5284600F0D7F90CE0780302D544F445
:101F2000004407E0380302D544F4803402E0284638
:101F300000F0C8F9300707D55FEACB6004D52968FF
:101F4000102044F40074C86070074FF0080707D5EC
:101F50005FEA0B7004D52868C760284600F05AF97C
:101F6000B00706D52868C068800702D0284600F070
:101F700053F9700607D55FEACA6004D529681020B6
:101F800044F480640861B00607D55FEA0A7004D59E
:101F900028680761284600F061F9F00606D5286830
:101FA0000069800702D0284600F059F9B00308D52F
:101FB0005FEAC96005D5296810204860284600F00E
:101FC0004FF9F00307D55FEA097004D52868476028
:101FD000284600F079F9300446D55FEA497040D5CB
:101FE000F00504D55FEAC87001D044F00104B005E3
:101FF00004D55FEA887001D544F00204700504D569
:102000005FEA487001D544F00404300529D518F082
:10201000700F26D008F07000402815D006DC10287C
:1020200009D020280AD0302816D10AE050280ED036
:10203000602811D10EE044F008040DE044F01004D3
:102040000AE044F0200407E044F0400404E044F0D7
:10205000800401E044F480742868816921F07001F3
:102060008161296804204860002C05D0686A2043FB
:1020700068622846FFF789FEBDE8F09F70B504004E
:1020800003D094F8200010B104E0012070BD204678
:1020900000F082F82068016841F00101016000F061
:1020A00037FC0546052604E000F032FC401B0A28F8
:1020B00011D820684068C007F6D02068016821F078
:1020C0000201016000F024FC05460BE000F020FC5A
:1020D000401B0A2806D9606A40F40030606284F828
:1020E0002060D2E7206840688007EFD4207E012876
:1020F000206801683DD021F080010160607E0128E8
:102100002068016838D021F040010160A07E0128DC
:102110002068016833D021F020010160E07E0128B1
:10212000206801682ED041F010010160207F012855
:102130002068016829D021F008010160607F012832
:102140002068016824D021F004010160D4E9020173
:102150000843D4E90412114308436168491E084347
:102160002168C86100206062012084F820000020FE
:1021700070BD41F08001C0E741F04001C5E741F08A
:102180002001CAE721F01001CFE741F00801D4E7B0
:1021900041F00401D9E7000010B586B0002100919C
:1021A0000191029103910068174988422AD117488A
:1021B000C16941F00071C161C16901F00071049110
:1021C000816941F0040181618069114C00F00400D3
:1021D00004904FF4006000906946204600F0A2FA97
:1021E000A01400900220019003200390694620462D
:1021F00000F098FA00221146142001F097F81420FC
:1022000001F086F806B010BD0064004000100240E6
:1022100000080140704700000EB50D4A00210D482E
:1022200001ABFFF7B3FD0A480188ADF80010C168A3
:1022300002290BD05FF000018DF80210007C8DF8B0
:1022400003006946044805F046FA0EBD0121F3E794
:10225000141900206C0C0020A00900207047704762
:102260007047000070B5044690F82000012804D0A3
:10227000606A40F40020606218E0022084F82000C8
:102280002068016821F00101016000F041FB054672
:102290000EE000BF00F03CFB401B0A2808D9606A32
:1022A00040F400306062052084F82000012070BDF9
:1022B00020684068C007EDD1606270BD704770470C
:1022C0007047704770477047704710B590F82110FD
:1022D0000022022905D00421816380F820200120FA
:1022E00010BD01680B6823F00E030B6001680B68DA
:1022F00023F001030B6090F84030C46B012101FA18
:1023000003F3636080F8211080F82020104610BD90
:1023100010B590F821100024022903D00421816314
:1023200001243DE001680A6822F00E020A6001689B
:102330000A6822F001020A601A4A0168914201D13A
:10234000012121E0174A1432914201D110211BE0F2
:10235000144A2832914201D1891515E0114A3C32C4
:10236000914201D189140FE00E4A5032914202D1BC
:102370004FF4803108E00B4A6432914202D14FF4AD
:10238000801101E04FF08071064A083A5160012146
:1023900080F82110002180F82010416B01B188479E
:1023A000204610BD080002402DE9F05FC16B0C68AB
:1023B00001680B68D0F840C0042202FA0CF2494DC3
:1023C000DFF824A1494E4A4FDFF828B1DFF828E1B1
:1023D00022422CD05A072AD50A68920603D40A68EA
:1023E00022F004020A600168A94201D1042219E026
:1023F000514501D1402215E0B14202D14FF4806233
:1024000010E0B94202D14FF480420BE0594502D1AD
:102410004FF4802206E0714502D14FF4800201E0C2
:102420004FF080622F4908394A60C16A3BE04FF0A3
:10243000020808FA0CF818EA040F4FF000094FF0F0
:10244000010235D05FEA837832D50B689B0605D44C
:102450000B6823F00A030B6080F821200168A94271
:1024600001D1022219E0514501D1202215E0B142EB
:1024700002D14FF4007210E0B94202D14FF4005281
:102480000BE0594502D14FF4003206E0714502D10C
:102490004FF4001201E04FF00072124908394A600F
:1024A00080F82090816A00291AD0BDE8F05F0847C3
:1024B000082505FA0CF5254212D01B0710D50B682C
:1024C00023F00E030B6090F84010C36B02FA01F189
:1024D0005960826380F8212080F82090016BE2E748
:1024E000BDE8F09F080002401C000240300002409E
:1024F00044000240580002406C00024030B528B34E
:1025000008C8134914221944B1FBF2F18900C163D0
:1025100010498163022141771A6843F6F0718A43BA
:10252000D0E900142143D0E902452C43214304693A
:1025300021434469214384692143114319600021E7
:102540004163012242770177084630BD012030BD4A
:10255000F8FFFDBF0000024070B5044690F820006F
:10256000002501280CD0012084F8200094F8216077
:102570000020012E06D084F820000225284670BDD8
:10258000022070BD022684F82160A06320680668DE
:1025900026F0010606602046FEF776FFE06A002876
:1025A0002068016802D041F00E0106E021F004012C
:1025B00001602068016841F00A010160206801683B
:1025C00041F001010160D9E770B5044600F0A0F9BF
:1025D0000546601C02D004480078044400F098F9D5
:1025E000401BA042FAD370BDE80B0020264910B56D
:1025F0000B68264A14681B1BC82B44D30968244C5B
:102600001160B0F5005F17D0B0F5804F1CD02028C6
:1026100022D0B0F5004F27D0B0F5805F2CD0B0F5B8
:10262000807F30D10020FEF765FE0620207019A0C3
:10263000BDE8104004F0A8B80121084602F010FBE4
:102640000120207018A0F3E70021012002F008FB10
:102650000220207019A0EBE70121022002F000FB0C
:10266000032020701AA0E3E70021022002F0F8FA0C
:10267000042020701BA0DBE70120FEF73BFE0520B5
:1026800020701DA0D4E710BDF00B00203C000020FE
:10269000280000204B6579204553432020205072AC
:1026A00065737365640A00004B65792055702020BE
:1026B00020507265737365640A0000004B657920D1
:1026C000446F776E20507265737365640A00000072
:1026D0004B6579204C656674205072657373656430
:1026E0000A0000004B6579205269676874205072B7
:1026F00065737365640A00004B6579204F4B202099
:102700002020507265737365640A0000044910B597
:102710000A68024202D00860FFF768FF10BD00009F
:10272000140401402DE9F84FDFF8B8910024A9F115
:10273000040B23460F2709F1040AABF1040EC9E08C
:102740000125A5402A40AA427DD1674ED1F804C098
:10275000ACEB0608B44532D014DCBCF1030F3AD020
:1027600009DCBCF1000F2AD0BCF1010F1CD0BCF178
:10277000020F31D11DE0BCF1110F17D0BCF1120FC7
:102780002AD119E0B8F5881F19D006DCB8F5803FCA
:1027900015D0B8F5801F1FD111E0B8F5001F0ED07D
:1027A000B8F5041F18D10AE0CB6815E0CB681B1DF3
:1027B00012E0CB6808330FE0CB680C330CE08B6879
:1027C0002BB1012B4FF0080303D0456104E0042333
:1027D00002E0056100E00023FF2A01D8064601E07F
:1027E00000F104064FEA840501D9A5F12005D6F8C9
:1027F000008007FA05FC28EA0C0803FA05F548EA08
:102800000508C6F800804D68ED0062D5374DAE6909
:1028100046F00106AE61AD6924F0030605F001053E
:102820000095334D06EB050CDCF80850A607360F73
:1028300007FA06F825EA0805DFF8B880404503D115
:102840004FF0000817E044E0DFF8AC80404502D1CB
:102850004FF001080FE0DFF8A480404502D14FF0AF
:10286000020808E0DFF89880404502D14FF00308E5
:1028700001E04FF0040808FA06F848EA0508CCF829
:1028800008804D68D9F80060ED024D4601D5164329
:1028900000E096432E604D68DAF80060AD025546C0
:1028A00001D5164300E096432E604D68DBF80060CA
:1028B000AD035D4601D5164300E096432E604D689A
:1028C000DEF80060ED03754601D5164300E096433F
:1028D0002E60641C0D682A46E5407FF431AFBDE8E8
:1028E000F88F0000080401400000111000100240A1
:1028F0000000014000080140000C014000100140B0
:10290000001401400AB1016170470904FBE70000AF
:102910000148806870470000E80B002070B5040093
:1029200025D094F83D00002520B984F83C5020467D
:1029300000F03CFC242084F83D002068016821F070
:10294000010101602068016841F4004101602068D4
:10295000016821F40041016000F098FE4D4A616871
:10296000914201D84C4900E04C49884201D20120F3
:1029700070BD4B492368B0FBF1F15E6826F03F065D
:102980000E435E606368934206D94FF496735943D1
:102990004FF47A73B1FBF3F12368491C1E6A26F0E9
:1029A0003F06314319626168914210D84900401EC8
:1029B000B0FBF1F2521CC2F30B02042A01D2042034
:1029C00022E0B0FBF1F0401CC0F30B001CE0A26859
:1029D000F2B301EBC10303EB0116431EB3FBF6F3A5
:1029E0005B1C43F480431B0549D092B301EBC10249
:1029F00002EB0111401EB0FBF1F0401CC0F30B00D4
:102A000040F4804040F400402168CA694CF6FF73EE
:102A10009A431043C861D4E9071001432068026853
:102A200022F0C00211430160D4E903010143206890
:102A3000826848F2FF339A4311438160D4E905016B
:102A400008432168CA6822F0FF021043C86001E011
:102A50000EE016E02068016841F001010160256484
:102A6000202084F83D00256384F83E50002070BD8E
:102A700001EB4106431EB3FBF6F35B1CB3E70120F9
:102A8000C2E701EB4101401EB0FBF1F0401CC0F376
:102A90000B00B7E7A086010080841E0000093D00FE
:102AA00040420F002DE9F84F0025DDF828909846A8
:102AB00017468A4604460095FFF72AFF064694F813
:102AC0003D0020287AD1192301228649204600960C
:102AD00001F002FF0028F5D194F83C0001286DD0E8
:102AE000012084F83C0020680168C90703D101680F
:102AF00041F0010101602068016821F4006101607A
:102B0000222084F83D00102084F83E00256467628E
:102B1000A4F82A80608D20857348E06233464A46D7
:102B20005146204601F016FD00287CD1208DDFF8AB
:102B3000BC81202768B1012814D0022820680168D0
:102B40001ED041F480610160206841698069009075
:102B5000BBE02068416981690091016841F400711E
:102B60000160B2E02068016821F48061016072B602
:102B70002068416981690091016841F400710AE0AF
:102B800041F40061016072B6206841698169009179
:102B9000016821F48061016062B696E0032865D87F
:102BA00001280CD002284B464FF000024146204637
:102BB00000960BD001F090FEA8BB0CE090E03246EE
:102BC0004946204601F02EFF68BB71E001F084FE0B
:102BD00048BB72B633E02068016821F4806101606F
:102BE00072B620680069616A0870606A401C6062A1
:102BF000208D401E2085608D401E60853C4846F239
:102C0000A8110068B0FBF1F0C0EBC00000EB800041
:102C10000090401E009007D020684069C0434007E4
:102C20000DD50098F5E727E044F8305F6773A5738A
:102C3000206940F02000206162B625731CE0206806
:102C4000016841F40071016020680069616A0870E0
:102C5000606A401C6062218D491E2185618D491E7C
:102C6000618562B621680969017025E032464946EE
:102C7000204601F0D7FE10B10120BDE8F88F206892
:102C80000069616A0870606A401C6062208D401EA5
:102C900081B22185608D401E608520684269D243E3
:102CA000520712D4032903D1016821F48061016025
:102CB00020680069616A0870606A401C6062208D4B
:102CC000401E2085608D401E6085208D00287FF489
:102CD00065AF84F83D7084F83E5084F83C50CCE7F2
:102CE0000220CAE7020010000000FFFF04000100FC
:102CF000F40B00202DE9F84F1F4690468A46044603
:102D0000DDF82890FFF704FE054694F83D002028E2
:102D10007FD11923012240492046009501F0DCFDB6
:102D2000002876D194F83C00012872D0012084F864
:102D30003C0020680168C90703D1016841F0010126
:102D400001602068016821F400610160212084F89D
:102D50003D00102084F83E0000262664C4F824803C
:102D60006785608D20852D48E0622B464A46514696
:102D7000204601F065FC90B92068416980690090A7
:102D800036E02A464946204601F084FE50B1206CC8
:102D9000042804D12068016841F400710160012019
:102DA000BDE8F88F606A216800780861606A401C9D
:102DB0006062618D491E6185218D491E89B2218520
:102DC00022685369DB435B070BD451B10078106173
:102DD000606A401C6062608D401E6085208D401ED0
:102DE00020852A464946204601F04AFD0028CED1DA
:102DF000208D0028C5D154F83D0B016841F40071C5
:102E00000160202004F81E09E67766770020C7E7F6
:102E1000FFE70220C4E70000020010000000FFFFEF
:102E20002DE9FF4F83B00025DDE910799A469346DE
:102E30000446DDF848800095FFF76AFD064694F8E1
:102E40003D0020287CD11923012288492046009684
:102E500001F042FD0028F5D194F83C0001286FD024
:102E6000012084F83C0020680168C90703D101688B
:102E700041F0010101602068016821F400610160F6
:102E8000222084F83D00402084F83E0025646762DB
:102E9000A4F82A90608D20857548E062CDE900860F
:102EA00053465A462046049901F018FC00287CD16C
:102EB000208DDFF8C091202768B1012814D00228A6
:102EC000206801681ED041F480610160206841697A
:102ED00080690090BCE020684169816900910168C7
:102EE00041F400710160B3E02068016821F4806161
:102EF000016072B62068416981690091016841F4FE
:102F000000710AE041F40061016072B62068416915
:102F100081690091016821F48061016062B697E0E7
:102F2000032865D801280CD0022843464FF0000240
:102F30004946204600960BD001F0CEFCA8BB0CE021
:102F400091E032464146204601F06CFD68BB72E0DC
:102F500001F0C2FC48BB72B633E02068016821F47E
:102F60008061016072B620680069616A0870606AF9
:102F7000401C6062208D401E2085608D401E608553
:102F80003D4846F2A8110068B0FBF1F0C0EBC0006C
:102F900000EB80000090401E009007D02068406940
:102FA000C04340070DD50098F5E727E044F8305FAF
:102FB0006773A573206940F02000206162B6257315
:102FC0001CE02068016841F400710160206800691C
:102FD000616A0870606A401C6062218D491E21850B
:102FE000618D491E618562B621680969017026E01C
:102FF00032464146204601F015FD18B1012007B0C8
:10300000BDE8F08F20680069616A0870606A401C42
:103010006062208D401E81B22185608D401E6085DA
:1030200020684269D243520712D4032903D10168B0
:1030300021F48061016020680069616A0870606A3B
:10304000401C6062208D401E2085608D401E608582
:10305000208D00287FF464AF84F83D7084F83E50E2
:1030600084F83C50CBE70220C9E7000002001000C2
:103070000000FFFF04000100F40B00202DE9FF4FCA
:1030800083B09A46DDE9119793460446DDF8408007
:10309000FFF73EFC054694F83D0020287FD1192318
:1030A000012240492046009501F016FC002876D107
:1030B00094F83C00012872D0012084F83C0020687C
:1030C0000168C90703D1016841F00101016020686E
:1030D000016821F400610160212084F83D00402056
:1030E00084F83E0000262664C4F82480A4F82A90C0
:1030F000608D20852C48E062CDE9007553465A4624
:103100002046049901F068FB70B930E02A46394640
:10311000204601F0BFFC58B1206C042804D120687F
:10312000016841F400710160012007B0BDE8F08F33
:10313000606A216800780861606A401C6062218DC5
:10314000491E89B22185628D521E628522685369AB
:10315000DB435B070BD469B100781061606A401CE7
:103160006062208D401E2085608D401E6085208D10
:103170000028CBD12A463946204601F081FB0028A1
:10318000CAD154F83D0B016841F400710160202060
:1031900004F81E09E67766770020C6E7FFE70220FD
:1031A000C3E70000020010000000FFFF10B586B06A
:1031B0000021009101910291039100680F4988421A
:1031C0001AD10F4CA06940F00800A061A0696946BF
:1031D00000F008000490C02000901220019003200D
:1031E00003900848FFF79EFAE06940F40010E061A0
:1031F000E06900F40010049006B010BD00540040D7
:1032000000100240000C014002488168027811441D
:1032100081607047E80B0020074810B5016841F055
:1032200010010160032000F0A1F80F2000F006F863
:1032300000F04AF8002010BD0020024030B50546DD
:103240001C4887B0816941F400618161806906A9E9
:1032500000F40060009001A800F0F8F900F026FAF0
:103260001549164AB0FBF1F11548491E026041604C
:1032700040F2E7320021C0E903218160816100F062
:1032800011FC040012D10E4800F07EFC04000DD1A8
:10329000192000F03DF8102D07D2002229461920F0
:1032A00000F044F80748056000E0012407B020461C
:1032B00030BD00000010024040420F00002C0140D1
:1032C0006C170020EC0B00200F4808B5816941F015
:1032D00001018161816901F001010091C16941F041
:1032E0008051C161C069002200F0805000900F2120
:1032F000901E00F01BF80548416821F0E06141F0A4
:103300000071416008BD0000001002400000014053
:10331000002809DB00F01F020121914040098000D4
:1033200000F1E020C0F8001170470000F0B40E4B2F
:103330001B680C46C3F30223C3F10705042D00D913
:103340000425191D072901D2002300E0DB1E0126F8
:1033500006FA05F1491E214099409E40761E16400E
:103360003143F0BC03F034BA0CED00E0064900F044
:10337000070208684FF6FF03184040EA0220034A9C
:1033800010430860704700000CED00E00000FA05F3
:1033900010B501460020234C012922D0022939D042
:1033A00010291DD161682268D20119D51E48C1F3C8
:1033B0008342C903805C0AD561681B4AC1F340415E
:1033C000921E515C194AB2FBF1F1484301E01849E1
:1033D00048436168490203D440000321B0FBF1F087
:1033E00010BD226AC2F30121012903D1920701D540
:1033F000C80310BD022905D1626A920702D549F6B9
:10340000404010BD0329FCD121688903F9D54FF252
:10341000244010BD00F04AF96168C1F38131491CB4
:103420004900DBE700100240E2C4000800127A0005
:1034300000093D002DE9F84305460078354CC007EA
:1034400054D0E0690026C00008D4E06940F0805004
:10345000E061E069012600F0805000902E4801688C
:10346000C90512D40168804641F480710160FFF7FC
:103470004FFA074605E000BFFFF74AFAC01B642871
:1034800023D8D8F80000C005F6D5206A10F44070A3
:1034900021D0A98801F4407181421CD0206A1F49C3
:1034A000012220F440700A6000220A602062C007F6
:1034B00011D0FFF72DFA074641F2883808E000BF27
:1034C000FFF726FAC11B414502D90320BDE8F88366
:1034D000206A8007F4D5206A696820F440700843A8
:1034E00020621EB1E06920F08050E06128788007FA
:1034F00005D56068A96820F44040084360602878DA
:10350000C00605D56068E96820F480000843606063
:103510000020DBE7001002400070004040044242FF
:103520002DE9F0470F46050061D0434E306800F0AA
:103530000700B84209D2306820F0070038433060F5
:10354000306800F00700B84251D128683B4C810731
:1035500012D5400703D5606840F4E06060602878C9
:10356000000703D5606840F4605060606068A96837
:1035700020F0F000084360602878C00728D0686811
:10358000012810D02168022810D0890700292EDADE
:10359000616821F0030101436160FFF7B9F98046DA
:1035A00041F288390DE021688903EFE78901EDE7F1
:1035B000FFF7AEF9A0EB0801494502D90320BDE8A9
:1035C000F0876068696800F00C00B0EB810FEFD104
:1035D000306800F00700B8420BD9306820F00700CF
:1035E00038433060306800F00700B84201D0012055
:1035F000E5E72878400705D56068E96820F4E060D1
:10360000084360602878000706D56068296920F4BF
:10361000605040EAC100606000F058F86168084AF4
:10362000C1F30311515CC8400649086006480068B0
:10363000FFF704FE0020C2E7002002400010024015
:10364000F2C40008F40B0020EC0B00200F220260F3
:103650000C4A536803F003034360536803F0F0031C
:103660008360536803F4E063C36052684FF4E0631F
:1036700003EAD20202610448006800F00700086013
:103680007047000000100240002002400448054935
:1036900000684968044AC1F30221515CC840704780
:1036A000F40B00200010024002C500080448054940
:1036B00000684968044AC1F3C221515CC8407047A0
:1036C000F40B00200010024002C500080E4A5168A9
:1036D0000E4801F00C03042B11D0082B0FD10C481D
:1036E000C1F38343C903C05C0AD55168084AC1F3DA
:1036F0004041921E515C054A5043B0FBF1F07047C7
:1037000004494843704700000010024000127A004C
:10371000D0C4000800093D002DE9F84F040070D026
:103720002078C04DC00749D06868C0F381000128E7
:1037300007D06868C0F38100022809D16868C00317
:1037400006D52868800339D560680028E7D035E0C1
:103750006068B0F5803F0BD010B1B0F5A02F11D04C
:10376000286820F480302860286820F4802002E057
:10377000286840F480302860606890B1FFF7C8F88E
:1037800006460AE0286840F480202860F0E700BF81
:10379000FFF7BEF8801B642873D828688003F7D52C
:1037A0000CE0FFF7B5F8064605E000BFFFF7B0F8FC
:1037B000801B6428F0D828688003F7D420789A4EBC
:1037C00080074FF001094FF0000839D5686810F004
:1037D0000C0F07D06868C0F38100022809D168681F
:1037E000C00306D42868800714D52069012808D1B1
:1037F00010E02069B0B1C6F80090FFF789F80746DD
:1038000005E00AE1FFF784F8C01B0228C4D8286845
:103810008007F7D52868616920F0F80040EAC10008
:1038200028600DE0C6F80080FFF772F8074604E054
:10383000FFF76EF8C01B022823D828688007F7D44A
:10384000207800072CD57948A169D9B1C0F800903B
:10385000FFF75EF8074604E0FFF75AF8C01B02289E
:103860000FD8686A8007F7D571484FF4FA5100689D
:10387000B0FBF1F0009000BF0098411E0091FAD219
:103880000EE080E0C0F80080FFF742F8074604E051
:10389000FFF73EF8C01B022875D8686A8007F7D486
:1038A0002078400760D5E8690027C00008D4E8699F
:1038B00040F08050E861E869012700F080500090F6
:1038C0005C480168C90513D40168834641F48071DE
:1038D0000160FFF71DF8824606E000BFFFF718F809
:1038E000A0EB0A0064284ED8DBF80000C005F5D52F
:1038F000E06801280AD008B1052813D0286A20F012
:1039000001002862286A20F0040002E0286A40F0E2
:1039100001002862E06841F2883B98B1FEF7F8FFA9
:1039200082460BE0286A40F004002862EEE700BF00
:10393000FEF7EEFFA0EB0A0159455AD8286A800726
:10394000F6D50CE0FEF7E4FF824605E0FEF7E0FF67
:10395000A0EB0A0159454CD8286A8007F6D41FB15C
:10396000E86920F08050E861E06988B36968C1F3D4
:103970008101022944D00228C6F8608004D0FEF7F5
:10398000C7FF044638E034E0FEF7C2FF074604E014
:10399000FEF7BEFFC01B02282BD828688001F7D491
:1039A000206AB0F5803F05D16868A16820F4003036
:1039B00008436860D4E908010843696821F4741178
:1039C00008436860C6F86090FEF7A2FF044606E070
:1039D00025E000BFFEF79CFF001B022809D82868DD
:1039E0008001F7D51BE000BFFEF792FF001B022805
:1039F00002D90320BDE8F88F28688001F4D40EE0D6
:103A00000128F7D06868226A00F48031914204D11D
:103A1000616A00F47010884201D00120EAE70020BA
:103A2000E8E70000001002400000424280044242E9
:103A3000F40B0020007000407047704770B590F89C
:103A40003C20012A26D0012480F83C40022280F844
:103A50003D2003685A689D6822F070060A68324368
:103A60005A600D4B02689A4208D0B2F1804F05D0DF
:103A70000A4B9A4202D00A4B9A4204D1496825F077
:103A800080031943916080F83D40002180F83C108C
:103A9000084670BD022070BD002C014000040040AB
:103AA0000008004010B5040003D094F83D0010B1A8
:103AB00007E0012010BD002084F83C00204600F003
:103AC0001FF8022084F83D00211D206802F062F9F1
:103AD000012084F8460084F83E0084F83F0084F812
:103AE000400084F8410084F8420084F8430084F8E0
:103AF000440084F8450084F83D00002010BD00001B
:103B000008B501681D48B1F1804F11D01C4A91429F
:103B10001DD1C16941F00201C161C069002200F0FC
:103B20000200009005211D20FFF700FC1D201FE072
:103B3000C16941F00101C161C069002200F00100CA
:103B4000009005211C20FFF7F1FB1C2010E00D4A1E
:103B5000914211D1C16941F00401C161C0690022E3
:103B600000F00400009005211E20FFF7DFFB1E205F
:103B7000BDE80840FFF7CCBB08BD000000100240C4
:103B8000000400400008004090F83D10012901D0D9
:103B900001207047022180F83D100168CA6842F098
:103BA0000102CA6000680B49884208D0B0F1804F1A
:103BB00005D00949884202D00849884204D1816869
:103BC00001F00701062903D0016841F001010160FD
:103BD00000207047002C0140000400400008004015
:103BE00001680A6A41F211131A4207D10A6A9B104E
:103BF0001A4203D10A6822F001020A60012180F80A
:103C00003D100020704770B5044690F83C00002538
:103C1000012817D0012684F83C60022084F83D007A
:103C20002068826822F0770222F47F42826008686E
:103C3000502838D00DDC20284FD005DC90B3102858
:103C400011D14AE0022070BD302846D040280AD168
:103C50003BE060282FD070280DD0B0F5805F03D0F6
:103C6000B0F5005F12D0012584F83D60002084F893
:103C70003C00284670BDCB68D1E90121206802F0E4
:103C8000C5F82068816841F0770109E0CB68D1E987
:103C90000121206802F0BAF82068816841F480416F
:103CA0008160E1E719E0CA684968206802F0C0F85D
:103CB0005021206806E0CA684968206802F0C9F807
:103CC0006021206802F0ACF8CEE7CA684968206835
:103CD00002F0AEF840212068F4E722680146104661
:103CE000F0E770472DE9F04104460068C6680569B1
:103CF0004FF00007A90713D5B10711D5F91E0161CF
:103D000001202077206880698007204602D0FFF7D5
:103D1000E8FF04E000F07EF8204600F07CF827770A
:103D2000680716D5700714D521686FF00400086184
:103D3000022020772068806910F4407F204602D05E
:103D4000FFF7CFFF04E000F065F8204600F063F8CD
:103D50002777280715D5300713D521686FF008009D
:103D60000861042020772068C0698007204602D0BF
:103D7000FFF7B7FF04E000F04DF8204600F04BF8E5
:103D80002777E80616D5F00614D521686FF01000E5
:103D90000861082020772068C06910F4407F204621
:103DA00002D0FFF79EFF04E000F034F8204600F058
:103DB00032F82777E80708D0F00706D021686FF0BF
:103DC00001000861204600F027F8280608D53006D3
:103DD00006D521686FF0800008612046FFF72CFEB1
:103DE000680608D5700606D521686FF040000861A6
:103DF000204600F043F8A8060AD5B00608D5216889
:103E00006FF0200008612046BDE8F041FFF715BEC5
:103E1000BDE8F0817047704770B504460068104DEA
:103E2000A84201D1FFF7F0F92068A8420BD10D4854
:103E30000168491C0160B1F5FA7F0FD300210160D0
:103E40000120094909E00949884207D10848FFF7DC
:103E5000C7FE084802F00EFC0749087070BD00005C
:103E6000002C0140240000201C000020000800401D
:103E7000C4130020940C00202000002070477047DD
:103E800010B504460068406994F84110C0F3C010B2
:103E9000212911D180B12068143050E8001F21F091
:103EA000800140E80012002AF5D1A06B08B1FEF7AE
:103EB0000CFA204602F0B6F92068406994F84210E6
:103EC000C0F38010222911D180B12068143050E84D
:103ED000001F21F0400140E80012002AF5D1E06BFC
:103EE00008B1FEF7F2F9204602F075F9002010BD86
:103EF00070470000F8B5016804460868CA684B6955
:103F000010F00F0F4FF0000559D003F0010602F436
:103F10009077374365D0C10705D0D10503D5616CD3
:103F200041F001016164410705D5D90703D0616CF7
:103F300041F002016164810705D5D90703D0616CA6
:103F400041F004016164010707D502F0200131430B
:103F500003D0616C41F008016164616C00293AD0C2
:103F6000800604D5900602D5204602F069F9206843
:103F70004069616CC0F38010090700D460B320462B
:103F800002F029F920684069400621D520681430E4
:103F900050E8001F21F0400140E80012002AF5D14E
:103FA000E06BA8B16D494163E06BFEF7B1F9002801
:103FB00011D0E06B416B01B0BDE8F04008478306CB
:103FC0000FD593060DD52046BDE8F84002F038B96C
:103FD0002046FFF78DFFF8BD2046FFF789FF656497
:103FE000F8BD266B2023012E7CD1C6067AD5D606D5
:103FF00078D508684868009048694FF00206400686
:1040000040D5E16B086840680004000CE8D0A28D40
:104010008242E5D9E085886920282DD020680C30BF
:1040200050E8001F21F4807140E80012002AF5D109
:104030002068143050E8001F21F0010140E8001210
:10404000002AF5D12068143050E8001F21F040010B
:1040500040E80012002AF5D184F842302563206838
:104060000C3050E8001F21F0100140E80012002A37
:10407000F5D1E06BFEF729F96663A08DE18D401A5A
:1040800081B22AE0A08DE18D401A81B2E08D002836
:10409000A6D00029A4D022680C3252E8000F20F4E8
:1040A000907042E80007002FF5D12068143050E8E6
:1040B000002F22F0010240E80027002FF5D184F8FC
:1040C0004230256320680C3050E8002F22F01002A7
:1040D00040E80023002BF5D166632046FFF7CFFEB2
:1040E000F8BDFFE705062BD5150629D594F8410044
:1040F0002128F5D1A068B0F5805F01D12069B0B169
:10410000206A411C2162216800784860E08C401ED2
:104110000004000CE084E3D12068C16821F0800134
:10412000C1602068C16841F04001C160D8E7206AE1
:104130000088C0F308004860206A801C2062E5E720
:104140004006CDD55006CBD5CA68204622F04002A5
:10415000CA6084F8413000F0E3F9C1E7D960000893
:1041600070B5040004D094F84100002510B106E0B9
:10417000012070BD84F84050204600F023F8242030
:1041800084F841002068C16821F40051C1602046D4
:1041900002F0B8F82068016921F4904101612068BB
:1041A000416921F02A0141612068C16841F4005150
:1041B000C1606564202084F8410084F84200656392
:1041C000002070BD2DE9F04786B0002400940194D2
:1041D00002940394054603685C48DFF86CC1022131
:1041E0000322DFF86C81061580274FF020094FF479
:1041F000005A634538D1836943F4804383618369FE
:1042000003F480430493836943F00403836180696A
:10421000039200F0040004900802CDE90001694611
:104220004046FEF77FFACDE90064694640460294B5
:10423000FEF778FA484E474806F11403C6E9000431
:10424000C6E90247346183E810063046FEF756F9A6
:1042500008B1FDF7B5F9EE6300220521252075624E
:10426000FFF764F8252029E0DFF8F0C063452AD184
:10427000C36943F40033C361C36903F40033049397
:10428000836943F0040383618069039200F00400B2
:1042900004900420CDE9000169464046FEF742FA49
:1042A0000820CDE90004694640460294FEF73AFA38
:1042B000002205212620FFF739F82620FFF728F8ED
:1042C00006B0BDE8F087DFF898C06345F8D1C36950
:1042D00043F48023C361C36903F480230493836997
:1042E00043F0080383618069CDE9006100F00800B4
:1042F000CDE903201B4E69463046FEF713FAF01451
:10430000CDE90004694630460294FEF70BFA124EDE
:10431000104844362838C6E90004C6E9024706F1C9
:104320001403346183E810063046FEF7E7F808B15D
:10433000FDF746F9EE630022052127207562FEF79E
:10434000F5FF2720BAE700000038014000100240C6
:104350000008014058000240E416002000440040DC
:1043600000480040000C014090F84230202B01D062
:104370000220704721B11AB10023036302F01EB876
:104380000120704770B500681049002588420AD1A5
:104390000F4C6B1E20784142CAB20E4901440E48B0
:1043A00000F06EF810E00D4988420ED10C4C2078D8
:1043B0004142CAB20B4901440B48FDF7E9F8002815
:1043C00002DA0AA002F0E0F9257070BD0038014061
:1043D000380000200C1400209C16002000480040EB
:1043E000390000200C150020940C00204649464F4F
:1043F0002046756C6C0A000070B50068154988424B
:1044000010D1154C4FF0FF332078C0F18001CDB2B0
:1044100012492A460144124800F032F82078284414
:10442000207070BD0F498842FBD10F4D2878C0F134
:104430008001CCB20D49224601440D48FDF7A8F891
:10444000002802DA0BA002F09FF928782044287097
:1044500070BD000000380140380000200C1400201E
:104460009C16002000480040390000200C15002058
:10447000940C00204649464F2046756C6C0A00009B
:104480002DE9F843044690F84100984616460D463B
:10449000202802D00220BDE8F88385B17EB100203B
:1044A0006064212084F84100FEF732FAA684814638
:1044B000E684A0682027B0F5805F02D003E00120E9
:1044C000E9E7206910B12E4600250EE000260CE039
:1044D0008021204601F0BAFFA8B9C6B116F8010B39
:1044E00021684860E08C401EE084E08C4B464FF031
:1044F0000002CDF800800028EAD14FF040012046AC
:1045000001F0A4FF40B184F841700320C3E735F8FF
:10451000020BC0F30800E3E784F841700020BAE71B
:104520007047FEE701684A69D24352050FD46FF421
:1045300080624A61002140F8301F2022427381735B
:10454000026942F0040202610173012070470020F9
:10455000704700002DE9F84F0446C06A1E46934696
:104560000D4621680A6842F480620A60082807D074
:10457000012805D010F5803F02D0206B112804D10E
:104580002068016841F4807101604FF001195B46B9
:10459000002249462046009600F09EF94FF400782C
:1045A00040B120680068C00501D5C4F840800320F0
:1045B000BDE8F88F2069DFF884A0B0F5804F0FD0F8
:1045C0000620216800EAD51747F0F000086133465D
:1045D0005A460AF10601204600F0C6F958BB03E02E
:1045E000E8B240F001001CE02168E8B208613346FF
:1045F0005A465146204600F0B7F9E0B920684169B3
:1046000081690091016841F4807101605B4600227C
:1046100049462046009600F05FF90028C1D147F0D6
:10462000F1002168086133465A465146204600F0A1
:104630009BF90028BCD00120BAE70000020001006D
:10464000F8B50446C06A1E460D461746082807D02E
:10465000012805D010F5803F02D0206B122804D12C
:104660002068016841F480710160134600224FF018
:1046700001112046009600F02FF940B12068006833
:10468000C00502D54FF4007020640320F8BD2069F6
:10469000B0F5804F0ED00620216800EAD51040F01A
:1046A000F000086133463A460B49204600F05CF9B9
:1046B00078B902E005F0FE0000E0E8B22168086188
:1046C000054933463A46891F204600F04DF9002837
:1046D000DCD00120F8BD0000080001002DE9F84FF2
:1046E0000446006889460B9D01689846174641F4C8
:1046F000806101602068016841F48071016000956B
:104700004FF0011B0022594620460A9B00F0E4F8B6
:104710004FF4007A40B120680068C00501D5C4F8A4
:1047200040A00320BDE8F88F216809F0FE00086171
:104730002B46284920460A9A00F016F9F0BB20685B
:104740004169806900902A4620460A9900F0A2F942
:1047500040B1206C04283AD12068016841F400710E
:10476000016034E0FEB2B8F1010F09D02168380AC7
:1047700008612A4620460A9900F08CF90028E8D101
:10478000206806612A4620460A9900F083F900282D
:10479000DFD12068016841F480710160009500223A
:1047A000594620460A9B00F097F80028B3D12168AB
:1047B00009F0FF0040F00100086100E007E02B462F
:1047C000044920460A9A00F0CFF80028AAD0012018
:1047D000A8E70000020001002DE9F8430446006844
:1047E0000D46DDE9089701689846164641F4807148
:1047F00001604B4600224FF001112046009700F067
:104800006BF848B120680068C00502D54FF400700D
:1048100020640320BDE8F883216805F0FE000861EC
:104820003B464A461549204600F09EF888B9206864
:104830004169806900903A464946204600F02AF9CD
:1048400048B1206C042804D12068016841F400714B
:1048500001600120DEE7F5B2B8F1010F09D021684F
:10486000300A08613A464946204600F013F900280C
:10487000E7D1206805610020CCE7000002000100BC
:1048800070B516460D4604461EE02046FFF74AFE68
:1048900008B1012070BD681C16D0FEF739F8801BE6
:1048A000A84200D885B920684069C04340070BD5AD
:1048B000002044F8300F20216173A073216941F07A
:1048C000200121612073E4E720684069C04340076C
:1048D000DBD4002070BD00002DE9F0479846174654
:1048E0000D460446C1F30746DDF820902AE000BFDC
:1048F000B8F1FF3F26D0FEF70BF8A0EB09014145C8
:1049000002D8B8F1000F1DD12068012E16D08069A1
:1049100025EA00000004000C12D00020B84211D19A
:10492000002044F8300F20216173A073216941F009
:104930002001216120730120BDE8F0874069E7E78D
:104940000120EBE72068012E0AD0806925EA0000EB
:104950000004000C06D00020B842C9D00020EBE7CC
:104960004069F3E70120F7E72DE9F047984616463E
:104970000D4604464FF000094FF0200AC1F30747E7
:1049800023E020684069C043400515D420680168D1
:1049900041F40071016021686FF480604861C4F8DF
:1049A000309084F83DA084F83E90216C41F00401E1
:1049B000216484F83C9021E0701C06D0FDF7A8FF2C
:1049C000A0EB0800B04203D816B1012F1FD021E0A0
:1049D0002068012F15D0806925EA00000004000C32
:1049E00018D000BF44F8309F84F80DA084F80E90D2
:1049F000216941F02001216184F80C900120BDE87B
:104A0000F087406925EA00000004000CEAD1206824
:104A1000406901E02068806925EA00000004000C7C
:104A2000AFD1ECE72DE9F041002590460E46044653
:104A3000202728E04069C043C0060CD454F8301B3E
:104A40006FF01000486144F810596777A577206A25
:104A50002062257714E0FDF75BFFA0EB0800B04271
:104A600000D886B920684069C04340060BD544F899
:104A7000305F6773A573206940F0200020612573C3
:104A80000120BDE8F08120684169C9434906D1D4BD
:104A90000020F6E770B516460D4604461EE0204697
:104AA000FFF740FD08B1012070BD681C16D0FDF76E
:104AB0002FFF801BA84200D885B920684069C043F9
:104AC00000060BD5002044F8300F20216173A0733D
:104AD000216941F0200121612073E4E720684069E9
:104AE000C0430006DBD4002070BD00007CB500256B
:104AF0008DF8045047208DF80500FF248DF80640FE
:104B0000032301AA82210B480094FEF7F3F8052045
:104B1000FDF75AFD05208DF8040014208DF80500DE
:104B20008DF80650032301AA822102480094FEF763
:104B3000E1F87CBDE012002070B500F059F806469F
:104B400000F03AF8044600F06FF805463046FBF7EF
:104B50007CFF1349FBF76AFD06462046FBF775FF0D
:104B60001049FBF763FD1049FBF792FD0446284608
:104B7000FBF76BFF0D49FBF759FD05460C49204635
:104B8000FBF754FDFBF773FF0A4CE0803046FBF760
:104B90006EFF20812846FBF76AFF608170BD000030
:104BA000CDCCCC3D0000A03F00007A440000204066
:104BB0000000C842D41800203EB50BA0FF240068B6
:104BC0000290012302AA822100940848FEF792F87D
:104BD000022301AA822105480094FDF763FFBDF876
:104BE000040040BA3EBD000002000000E0120020B8
:104BF0003EB50BA0FF2400680290012302AA822187
:104C000000940848FEF776F8022301AA822105489D
:104C10000094FDF747FFBDF8040040BA3EBD000018
:104C200004000000E01200203EB50BA0FF24006845
:104C30000290012302AA822100940848FEF75AF844
:104C4000022301AA822105480094FDF72BFFBDF83D
:104C5000040040BA3EBD000003000000E012002046
:104C60000A4B012808D002280ED1C001012906D024
:104C7000002909D1012203E04FF40070F6E7002279
:104C800001461846FDF73EBE70470000000C01408B
:104C900070B590B040216846FBF7C1FA022369A2C3
:104CA0000421002000F094FDFCF78CFC01466AA072
:104CB00001F06AFD6BA16D48FBF7F0FA6C4C002621
:104CC00026706CA1684601F06FFD6846FBF7C4FAD8
:104CD00082B24FF47A752B4669466C48FFF7D0FBD9
:104CE000284601F09BF902287ED02670FCF76AFC6A
:104CF000024667A1684601F057FD6846FBF7ACFA2B
:104D000082B22B4669466148FFF7BAFB284601F09C
:104D100085F90228E8D0267061A16846FBF7BEFA43
:104D20006846FBF799FA82B22B4669465748FFF767
:104D3000A7FB41F2883001F071F9022878D0267083
:104D4000FCF740FC02465FA1684601F02DFD684675
:104D5000FBF782FA82B22B4669464C48FFF790FB7C
:104D6000284601F05BF9022862D02670FCF72AFC85
:104D700002465EA1684601F017FD6846FBF76CFA33
:104D800082B22B4669464148FFF77AFB284601F07C
:104D900045F902284CD02670FCF714FC02465FA1AE
:104DA000684601F001FD694667A001F0EDFC684628
:104DB000FBF752FA82B22B4669463448FFF760FB94
:104DC000284601F02BF9022832D0267060A16846EF
:104DD00001F0EAFC6846FBF73FFA82B22B466946CF
:104DE0002A48FFF74DFB00E022E0284601F016F9C3
:104DF00002281DD026705AA1684601F0D5FC5BA19F
:104E00001A48FBF74BFA6846FBF726FA82B22B46A4
:104E100069461E48FFF734FB584801F0FFF80128A7
:104E20004FF0020307D007A20421002000F0D0FCBD
:104E3000002010B070BD52A20421002000F0C8FC78
:104E40000120F6E74D5154545365727665722E2E4B
:104E50002E202D2D0000000063707569643A2573C3
:104E60000A0000004F4B0D0A000000003C0F00201C
:104E70002000002041542B4454555441534B3D22B3
:104E800031222C223230220D0A0000009C16002014
:104E900041542B4D5154543D222573220D0A0000DC
:104EA00041542B4D51545449503D2262726F6B65F1
:104EB000722E656D71782E696F222C22313838334D
:104EC000220D0A0041542B4D5154545355423D304C
:104ED0002C2253544D333256392F446F776E4C6F1A
:104EE00061642F2573222C300D0A000041542B4D94
:104EF000515355423D2231222C2231222C22342280
:104F00002C2253544D333256392F446F776E4C6FE9
:104F100061642F2573220D0A0000000041542B4DBF
:104F2000515055423D2231222C2231222C22342252
:104F30002C2253544D333256392F55504C6F6164E7
:104F40002F2573220D0A00006275663D25730A0045
:104F500041542B4D514D554C54454E3D300D0A009A
:104F600041542B524553540D0A0000004D515454E6
:104F70005F434F4E4E4543543A00000020BF0200AD
:104F80004D5154545365727665722E2E2E204F4B20
:104F90000000000000F008F841F2883400F08EF8BC
:104FA000204603F088FBF9E710B5FFF771FE0128F2
:104FB00004D10349087003A001F0E6FB012010BDF5
:104FC0001F0000204D51545420E69C8DE58AA1E538
:104FD00099A8E8BF9EE68EA5E68890E58A9F2020E6
:104FE0000A0000002DE9F04102F0F2FA070039D082
:104FF00025A102F0DFFA064625A1384602F0DAFACA
:10500000054625A1384602F0D5FA044624A13846C3
:1050100002F0D0FA0146244836B17269002A0288AB
:1050200025D042F00102028035B16A69002A028867
:1050300020D042F00202028034B16269002A028864
:105040001BD042F00402028031B149690029018875
:1050500016D041F008010180384602F083FA0120A1
:10506000BDE8F08111A001F08FFB0020F8E722F0ED
:105070000102D8E722F00202DDE722F00402E2E7B3
:1050800021F00801E7E700004C4544310000000032
:105090004C454432000000004245455000000000ED
:1050A00052454C4159000000D418002070617273C1
:1050B00065206661696C2E0A0000000010B5164874
:1050C00086B00DF1040C0189C489838942898CE87A
:1050D0001E00C18800918388428810A11E4801F0FB
:1050E00063FB1D4A1DA102F1800001F05DFB1A491E
:1050F0001AA0803101F048FB17488030FBF7ACF86C
:10510000154982B24FF47A7380311548FFF7B8F928
:1051100006B0012010BD0000D41800207B2254509E
:10512000223A25642C225248223A25642C22564FDA
:10513000223A25642C224355223A25642C225057CA
:10514000223A25642C225652223A25642C224350BE
:1051500055223A25647D0000BC0D00202573000017
:105160009C1600203EB50021124800910191104A82
:105170000291026081600173017501244FF4602285
:105180000461C2614160FCF757FB08B1FCF718FAF3
:1051900007200094CDE9014069460648FCF7CAFAA9
:1051A00008B1FCF70DFA0348FCF758FA3EBD0000C1
:1051B00000240140B01200200F4810B50D490160D5
:1051C0000821416000214FF4A0228160C0E9031250
:1051D0004FF480124261017641768176C176017783
:1051E0004177FCF74BFF002803D0BDE81040FCF7E7
:1051F000E7B910BD006400406C0C00200D4808B5F4
:10520000416941F0010141614069002200F0010063
:10521000009005210D20FEF789F80D20FEF778F8A3
:10522000002205210F20FEF781F8BDE808400F207D
:10523000FEF76EB80010024010B596B01C2211495E
:105240006846FAF7D3FF0021684603F040FA0E4C97
:105250000C491C2220601C3107A8FAF7C7FF002167
:1052600007A803F034FA074960601C2238310EA801
:10527000FAF7BCFF00210EA803F029FAA06016B0CF
:1052800010BD000074C100082C0000202DE9F04181
:1052900086B000253C4800950195029503958169EB
:1052A00041F010018161816901F01001049181696F
:1052B00041F020018161816901F02001049181693F
:1052C00041F004018161816901F004010491816967
:1052D00041F00801816180692C4F00F008004FF413
:1052E00000540490002221463846FDF70BFBDFF8FE
:1052F000A080002206214046FDF704FB01224FF466
:1053000040714046FDF7FEFA009401AA01240226EE
:1053100082E8700069463846FDF704FA40F2023030
:105320008DE8710069464046FDF7FCF904208DE8E0
:1053300031000320039069464046FDF7F3F9154D0F
:105340004FF22000CDE90005694602944046FDF782
:10535000E9F92002CDE90005694602940E48FDF7FF
:10536000E1F9002205211720FDF7E0FF1720FDF7E6
:10537000CFFF002205212820FDF7D8FF2820FDF7C8
:10538000C7FF06B0BDE8F0810010024000100140E8
:10539000000C014000002110000801400D4810B52C
:1053A0000B4901600C49416000214FF4804281604B
:1053B000C0E9031241618161C1610162FDF7AEFA8A
:1053C000002803D0BDE81040FCF7FAB810BD00007B
:1053D00000540040E0120020A086010010B586B005
:1053E00000241748009401940294039404944FF00D
:1053F0008041059401604721C0E901144FF4005138
:10540000C0E9031480218161FEF74CFB08B1FCF771
:10541000D7F84FF48050009069460948FEF7F3FB37
:1054200008B1FCF7CDF8049404A905480594FEF7EB
:1054300005FB002801D0FCF7C3F806B010BD000042
:105440003413002010B586B000241748009401944E
:1054500002940394049413490594016040F60F618B
:10546000C0E901146421C0E903148461FEF71AFB4A
:1054700008B1FCF7A5F84FF48050009069460A483F
:10548000FEF7C1FB08B1FCF79BF8049404A9064899
:105490000594FEF7D3FA002801D0FCF791F806B086
:1054A00010BD0000000400407C13002010B586B041
:1054B000002417480094019402940394049413491F
:1054C0000594016041F61F41C0E901146421C0E95F
:1054D00003148461FEF7E6FA08B1FCF771F84FF4A3
:1054E0008050009069460A48FEF78DFB08B1FCF732
:1054F00067F8049404A906480594FEF79FFA00286B
:1055000001D0FCF75DF806B010BD000000080040B7
:10551000C41300200C4810B50A4901604FF4E13172
:105520004160002181600C22C160C0E904128161E8
:10553000C161FEF715FE002803D0BDE81040FCF75E
:105540003FB810BD003801400C1600200C4810B5C3
:105550000A4901604FF4E1314160002181600C2271
:10556000C160C0E904128161C161FEF7F9FD002844
:1055700003D0BDE81040FCF723B810BD0044004044
:10558000541600200C4810B50A4901604FF4E1316F
:105590004160002181600C22C160C0E90412816178
:1055A000C161FEF7DDFD002803D0BDE81040FCF727
:1055B00007B810BD004800409C160020FEE700F030
:1055C00009F802F0C9FB00F029F80A2003F073F88B
:1055D000F7E7000038B50B49002000F067FA094CE6
:1055E00009A0641E617801F0CFF8002000904FF40C
:1055F000E1330246617802F049FBBDE8384002F031
:1056000065B900001D000020536C6176654164643B
:10561000726573733D25640A0000000070B5224C6A
:105620002078002630B12670FBF7BAFDFFF784FA28
:10563000FBF7ECFCA0781D4D90B1A670A97C6170C1
:10564000002001F08BF80A20FCF7BEFF02F02EF9D3
:1056500002F01CF9FFF7BEFF6178154805F01EFA4D
:105660002878C00701D0012100E000210120FFF7C8
:10567000F7FA2878800701D5012100E000210220F7
:10568000FFF7EEFA2878400701D5012000E000205E
:10569000FBF730FE2878000701D5012000E000204C
:1056A000BDE8704000F0F2B91C000020D4180020C2
:1056B000A0090020FEE70020AFF3008070B5064689
:1056C0005FF0000404F1B000C0B201F023F8002044
:1056D00001F020F8102001F01DF80025304601F0FF
:1056E0002BF86D1CEDB2802DF8D3641CE4B2082CAD
:1056F000E8D370BD10B50120FCF766FFAE2001F0C5
:1057000009F8202001F006F8102001F003F8B0207D
:1057100001F000F8C82000F0FDFF002000F0FAFFC3
:10572000102000F0F7FF402000F0F4FF812000F08F
:10573000F1FFFF2000F0EEFFA12000F0EBFFA6201C
:1057400000F0E8FFA82000F0E5FF3F2000F0E2FFB6
:10575000A42000F0DFFFD32000F0DCFF002000F0E9
:10576000D9FFD52000F0D6FFF02000F0D3FFD920DC
:1057700000F0D0FF222000F0CDFFDA2000F0CAFFB9
:10578000122000F0C7FFDB2000F0C4FF202000F053
:10579000C1FF8D2000F0BEFF142000F0BBFFBDE86C
:1057A0001040AF2000F0B6BF10B50446B031C8B20B
:1057B00000F0B0FF102040EA141000F0ABFF04F03E
:1057C0000F00BDE8104040F0010000F0A3BF000052
:1057D0002DE9F047002591468A460446012B22D048
:1057E000DFF8BC80022B24D155E02038C7B27E2CD4
:1057F00004D90AF10100002400F0FF0A51462046B6
:10580000FFF7D2FF07EB4700002608EB4007B85D23
:1058100000F092FF761CF6B2062EF8D3A41D6D1C84
:10582000E4B2EDB201E0DFF87C8019F80500002851
:10583000DBD1BDE8F0872038C7B2782C04D90AF153
:105840000100002400F0FF0A51462046FFF7ACFF9C
:105850005FF0000606EB071118F8010000F06CFF7E
:10586000761CF6B2082EF5D30AF10100C1B220462B
:10587000FFF79AFF5FF0000606EB071101EB080047
:10588000007A00F059FF761CF6B2082EF4D30834E3
:105890006D1CE4B2EDB219F805000028CBD1C8E7C1
:1058A00084BB00085CB9000810B505F00BFA0020B5
:1058B00010BD10B5044602F045FD204602F002FD81
:1058C000002010BD10B5044602F0CEFE204602F0C6
:1058D0008FFE002010BD0000D0F80812097869B9C9
:1058E00000210A4606E000BFD0F80C3243F8212020
:1058F000491CC9B290F805328B42F5D80020704798
:1059000030B401EBC102846802254FF0FF3305EB90
:105910004205635300238468062505EB4202A35227
:1059200030BCC9B204F0AEBF30B401EBC102846830
:1059300004254FF0FF3305EB420563538368C9B27A
:1059400013F8124024F0010403F8124030BC04F0B4
:1059500099BF00002DE9FC41064640694FF4C0554F
:105960000489B0690789C4B1DFF83C80BC4214D80F
:1059700001AB6A462946304604F079FF009838B9F1
:10598000019828B1C0F80880C0F80C80C0F81480D5
:105990006D1C641CADB2A4B2E8E73046BDE8FC4122
:1059A000002101F04EBC0000775E00082DE9F047B1
:1059B0000446406900260589A069B0F8088035BB17
:1059C000BDE8F087A16806EBC607022000EB470997
:1059D00031F90900FBF76EFDA26822F80900A16801
:1059E000042000EB470931F90900FBF763FDA268C9
:1059F000761CF6B222F80900A1680020062201F800
:105A00001700A16802EB47026D1C8852ADB24545F4
:105A1000D8D9D5E73EB50446D0F8A4000088A8B18F
:105A200020686946007800F5E060ADF800000120CC
:105A30008DF8030000208DF8020094F878008DF8AE
:105A40000400D4F8E00101F083FE3EBD34F9A80F54
:105A5000FBF730FD20803EBDD0E94010814201D1EE
:105A60000120704700207047D0F80411D0F80001E1
:105A7000491CCA1701EB126222F0FF02891A814207
:105A800001D101207047002070470000064B01281B
:105A900006D0002806D1002202211846FCF732BFAA
:105AA0000122F9E770470000000C01403EB50C46AA
:105AB00001254FF47A710094CDE9015102462B463D
:105AC000A1210548FDF7ACF9207808B1FF2800D1E5
:105AD000257001203EBD0000E01200207CB51D466F
:105AE000144601AB6A4604F0C2FE009931B901992F
:105AF00021B10079A04201D941F8245000987CBD21
:105B00002DE9FC41054640690F464088002831D008
:105B100007EB870105EB0114A96994F8282049884F
:105B20001044884226D86968134E51F83000C06A84
:105B300090F800804FF0FF30A4F87200852084F8C0
:105B40002A0094F83200CDE90006238E94F829103B
:105B5000284604F06BFFE662626F2AB14146284690
:105B60009047E06AB04205D1F9B22846BDE8FC4151
:105B700004F064BEBDE8FC81000004051FB501EB24
:105B8000810100EB01114A6B0AB98A6B4A630392E7
:105B9000012203ABCDE90032029201F13C0391F8FE
:105BA0003220098E01F0DCFB04B010BD70B501EBB2
:105BB000810100EB01118C6BA018202801D9FF2076
:105BC00070BD002006E026181D5C0E44401C86F8BF
:105BD0003C50C0B29042F6D3886B104488630020DA
:105BE00070BD00002DE9F05F8B46214982460026FA
:105BF000B1F900001C4691461C4D401C08E000BF56
:105C0000B9F1000F01D02A7852B1761C36B218359E
:105C1000864201DC082EF3DB4FF0FF30BDE8F09F39
:105C20008846864201D1A8F8000002F0C7FA07466C
:105C30004FF4005120468C4200D30846D8F8042087
:105C4000BA4207D9D21B824204D93A18C8F80420B4
:105C500005F01CF8E019C5E903B0C5E901A90A98E7
:105C60006861012028703046D8E70000A01A0020A3
:105C7000E00B0020074B01201870086802EB42017E
:105C8000082202EB81014058034900784882002035
:105C9000704700001E000020D418002004F0E2BE6F
:105CA00010B5502080F31188BFF34F8FBFF36F8F73
:105CB00005F08CFD18B104494FF0805008600020B9
:105CC00080F3118810BD000004ED00E030B593B002
:105CD00028216846FAF7A3FA14210AA8FAF79FFACE
:105CE000002501200F9510951195010412958DE85E
:105CF000230004904FF4E010CDE90810022407942B
:105D00006846FDF709FD08B172B6FEE70AA90F2043
:105D100081E831004FF48060CDE90D0502210AA829
:105D2000FDF7FEFB08B172B6FEE74FF4004011909C
:105D30000F940FA8FDF77EFB002801D072B6FEE796
:105D400013B030BD704700000148FDF7CBBF000025
:105D50006C17002010B50348FDF7C4FFBDE81040E4
:105D600000F06EB934130020054800680169C907C6
:105D700005D06FF0010101610248006800477047DB
:105D80007C130020680000200148FDF7ABBF000035
:105D9000C4130020F0B50268194B1A4C1A4D4FF08D
:105DA0008047984205D0B84203D0A04201D0A84213
:105DB00003D122F070064A683243984205D0B842B7
:105DC00003D0A04201D0A84203D122F44074CA6893
:105DD00022434C6922F08002224302608A68C26238
:105DE0000A688262984201D1096901630121416117
:105DF0000169C90703D0016921F001010161F0BD0A
:105E0000002C0140000400400008004010B58468E8
:105E100042EA032224F47F440A432243826010BDF5
:105E2000826822F070020A4342F0070181607047E5
:105E300010B5036A046A24F001040462846924F042
:105E4000F00444EA021423F00A020A438461026265
:105E500010BD10B5036A046A24F01004046284695A
:105E600023F0A00324F4704444EA023243EA01110F
:105E70008261016210BD2DE9F041044690F87E0078
:105E800048B3022A03D0032A01D0052A23D162692C
:105E9000A088127A00EBC200081AC0F3C705A168F7
:105EA00005EBC506022000EB4607C85FFBF702FBC7
:105EB000A168C853A168042000EB4607C85FFBF740
:105EC000F9FAA168C853A168002001F81600294614
:105ED0002046FFF715FD0020BDE8F08130B5002316
:105EE00041F20265441B1360A84261D028DC41F2F4
:105EF0000144A0EB0402A04250D016DC41F2180489
:105F0000A0EB0402A04243D008DCB0F5805F3DD096
:105F10006FF48052D04235D1012064E0B2F5F47FB5
:105F200038D0B2F57A7F2DD136E0012A38D0022A56
:105F300038D0A2F58072FF3A36D0012A22D135E05E
:105F400040F2FE35A4F2FE30AC4245D011DC40F206
:105F5000FF15A4F2FF10AC4231D005DC012C29D092
:105F6000B4F5FF7F0ED127E001282DD0022809D1FA
:105F70002EE0012832D0022832D0032832D0B0F5EA
:105F8000C06F35D01C480860002030BD00202AE0DA
:105F9000022028E0032026E0042024E0052022E05F
:105FA000062020E007201EE008201CE009201AE05F
:105FB0000A2018E00B2016E00C20104C02E00F4CD9
:105FC0000D201C3414600EE00C4C0E203834F9E720
:105FD0000A4C0F205434F5E7102004E0112002E0B1
:105FE000122000E013200B60054901EBC00030BD1A
:105FF0001420044CE6E7000000000206B01900205F
:106000000CC40008A80800209F2803D1087808B114
:1060100001487047002070473000090670B50546FA
:10602000064C05E028466D1E06D30120FCF7CCFA8D
:1060300020780028F6D0207870BD000020000020D5
:106040002DE9F0414FF4005402F0B8F8204D02461B
:106050006868831800211F4815E00678F6070FD0FE
:1060600006699E421DD84669C6B1B2FBF6F706FB2B
:106070001727F61B032706610770A64200D2344695
:10608000491C09B21830B5F90060B142E5DD20467F
:106090006C6004F0FBFD00260E4C13E00226067037
:1060A000EEE7F61A0661E8E72078810707D520F0C9
:1060B00002002070A26812B1E16860689047761C07
:1060C00036B21834B5F900008642EDDDBDE8F08146
:1060D000E00B0020A01A002010B5406A0021C18505
:1060E000C184FDF705FF10BD70B5446A20684069A2
:1060F00094F84110C0F3C0100025212904D118B133
:10610000E584204600F08EF82068406994F842103B
:10611000C0F38010222904D118B1E585204600F093
:106120005AF8606C40F0100060642046FDF7E0FE15
:1061300070BD10B50146406A096809684FF0000259
:1061400089062ED4C28501680C3151E8003F23F442
:10615000807341E80034002CF5D10168143151E816
:10616000003F23F0010341E80034002CF5D1016821
:10617000143151E8003F23F0400341E80034002C83
:10618000F5D1202180F84210016B012909D1016865
:106190000C3151E8003F23F0100341E80034002C9B
:1061A000F5D14263016B012902D0FEF7EBF810BD77
:1061B000818DFDF764FE10BD10B5406A0121416379
:1061C000016B012902D0FEF717F910BD818D490836
:1061D000FDF755FE10BD01680C3151E8002F22F487
:1061E000907241E80023002BF5D10168143151E889
:1061F000002F22F0010241E80023002BF5D1016BB2
:10620000012909D101680C3151E8002F22F0100258
:1062100041E80023002BF5D1202180F84210002115
:106220000163704701680C3151E8002F22F0C00271
:1062300041E80023002BF5D1202180F84110704760
:1062400008B590F84210222901D0022008BD8268CA
:106250004FF480539A4201D1016921B1816A9A4277
:106260001BD04AB10AE00268816A5268C2F3080290
:106270000A80816A891C08E0026972B1026852686A
:1062800002F07F020A70816A491C8162C18D491E39
:106290000904090CC18503D01BE002685268F1E7CC
:1062A0000168CA6822F02002CA600168CA6822F444
:1062B0008072CA6001684A6922F001024A612021A5
:1062C00080F8421000214163026B012A03D0FEF7DF
:1062D00059F8002008BD016301680C3151E8002F16
:1062E00022F0100241E80023002BF5D101680A6872
:1062F000D20602D50A6849680091818DFDF7BFFD7D
:10630000E7E7000070B5044600680169E26821F41F
:106310004051114301612169A06808436169084344
:106320002168CA6841F20C639A430243CA6020683C
:106330004169A26921F44071114341611E492068FD
:10634000884202D1FDF7B2F901E0FDF79FF900EBB9
:10635000C00101EB0012606864218000B2FBF0F321
:10636000B3FBF1F36FF018067343B2FBF0F5B2FB29
:10637000F0F605EB8305322303EB0515B5FBF1F5CC
:10638000B6FBF1F605F0F00505EB0615B2FBF0F6ED
:10639000B2FBF0F0B0FBF1F06FF01802504306EBE7
:1063A000800003EB0010B0FBF1F0216800F00F005B
:1063B0002844886070BD00000038014038B5816213
:1063C00004468285002013466064222284F842201D
:1063D000E56B1B4AAA62E56B1A4AEA62E56B1A4A48
:1063E0002A63E26B50630A462168E06B091DFCF7E3
:1063F000B3F82068016840680090206948B12068BF
:106400000C3050E8001F41F4807140E80012002A6F
:10641000F5D12068143050E8001F41F0010140E838
:106420000012002AF5D12068143050E8001F41F016
:10643000400140E80012002AF5D1002038BD0000DC
:1064400033610008B9610008E96000082DE9F843EC
:10645000984617460D460446089E24E0701C22D03C
:10646000FCF756FAA0EB0800B0421AD8CEB120686B
:10647000C168490717D5802D15D0402D13D001686C
:10648000C94309070FD401680025406800902046E1
:10649000FFF7A1FE0820606484F840500120BDE8A9
:1064A000F8830320FBE72068006835EA000004D089
:1064B0000020B842D2D00020F1E70120F9E7000027
:1064C00010B50448FDF716FDBDE81040014800F086
:1064D00037B800000C16002010B50D4C206801687C
:1064E000890605D56FF0200101600A4800688047E1
:1064F0002068016809060AD50168490607D56FF0CA
:106500008001016004480068BDE81040004710BDEC
:1065100054160020600000206400002010B50448DC
:10652000FDF7E8FCBDE81040014800F009B80000A4
:106530009C1600200148FBF7A3BC00006C0C002057
:1065400038B504463C4B00689D156FF002016FF0B2
:106550000402984231D103689B0702D403685B07A9
:1065600012D5016020680260606C00F00400606475
:10657000606C00F0020060642046FDF781FC2A4652
:106580002E492046FDF7F0FE20680168C943C90680
:1065900051D4016840680090294800684068294C3F
:1065A00041424FF0FF332078091ACDB223492A46E1
:1065B00001442548FDF764FF3AE0244B98423AD164
:1065C00003689B0702D403685B0712D5016020684B
:1065D0000260606C00F004006064606C00F0020017
:1065E00060642046FDF74CFC2A4619492046FDF719
:1065F000BBFE20680168C943C9061CD40168406815
:106600000090144800684068134C40422178401ABA
:10661000C5B21248FDF7B8FA0D4821782A46014460
:106620000F48FAF7B5FF002802DA0EA000F0ACF828
:1066300020782844207038BD003801400C14002018
:10664000E4160020380000209C160020004800407E
:106650000C1500202817002039000020C41300204A
:10666000940C00204649464F2046756C6C0A000089
:10667000FEE700002DE9F041070017D000241C4E72
:106680004FF47A780BE031190D463846FAF728FFB7
:106690002946434601221748FDF7F2FE641C38469E
:1066A000FFF7DAF90028EED00020305512480078C4
:1066B00060B10A2211A10E48F9F7E3FD30B112A131
:1066C0000B48F9F7B7FD08B1FEF78CFC08490848FC
:1066D0002039F9F7AFFD10B10120BDE8F0810BA121
:1066E0000348F9F7A7FD0028F7D00220F5E70000DE
:1066F0005C0F00200C1600201F00002041542B4D81
:1067000051545450554200007B0000004552524FF6
:10671000520D0A001CB500218DF804108DF80500FB
:106720004FF47A700090022301AA78210148FCF707
:10673000E1FA1CBDE01200201CB540218DF80410C8
:106740008DF805004FF47A700090022301AA782199
:106750000148FCF7CFFA1CBDE012002003B583B05E
:106760004FF47A73012204A98DE80E001346024605
:10677000A0210348FCF782FC05B0012000BD000009
:10678000E0120020704700000FB4054B10B503A9BC
:10679000044A029800F0D2F910BC5DF814FB000026
:1067A000A5810008600C00200FB4084B10B504A9A7
:1067B00002AA039800F0C2F9044602A9002000F0E2
:1067C00047FE204610BC5DF814FB00005174000821
:1067D0000907090E002804DB00F1E02080F800140E
:1067E000704700F00F0000F1E02080F8141D7047A2
:1067F00030B528B1144C031F002021680A4605E07B
:10680000084630BD9A4203D810465268002AF9D192
:10681000002800D041680BD00468A3EB0005A54216
:1068200004D11B681C440346046002E0436000E09E
:1068300023603AB11C68D51AA54203D115682C44CF
:106840001C6052685A6030BD640C00202DE9F0478E
:1068500082460F4C10480D4E0E4F001B4FF00008A3
:1068600020F007054FF0010900221146504601F0C3
:10687000CBFD002802D1306810B10020BDE8F087C0
:106880003C60C4E90058C6F80090EDE7680C0020B1
:1068900054280020640C0020502A002002E008C880
:1068A000121F08C1002AFAD170477047002001E08A
:1068B00001C1121F002AFBD1704700002DE9FF5FC4
:1068C00082B00021DDE90430020DDDF840B0034361
:1068D00018D044F61050A2F2FF324243151411981A
:1068E00001281FD0A5EB0B00401C5FEA000A4FF007
:1068F00000064E4FDFF83891B046504615D5CAF124
:10690000000413E0119801244AA3012801D16FEA81
:106910000B010298119AC0E90031C0E9024206B0A9
:10692000BDE8F09FCBF10000DFE704460021404ABC
:10693000491842EB0450CDE9001012E0E00707D0FF
:1069400032463B4640464946F9F787FF804689462E
:1069500032463B4610461946F9F77FFF06460F467A
:106960006410002CEAD1DDE90401DDE90023BAF16D
:10697000000F06DAF9F771FF42464B46F9F76DFF53
:1069800005E0F9F7DCFF42464B46F9F7D8FF04462D
:106990000E460022284BFAF7B5F803D84FF0FF3027
:1069A000014607E00022254B20463146F9F7AEFEAE
:1069B000FAF752FA102409E0002C0ADB0A2200231D
:1069C000FAF7EAF8039B30321A55641E50EA0102C6
:1069D000F2D1641C039AC4F111031444119A012AE0
:1069E00003D0012208430DD10AE0084304D000205F
:1069F0004FF0110B119072E7A3EB0B056D1E0DE02C
:106A00005B4504DD4FF0000205F1010504E003DA07
:106A10004FF00002A5F10105002AECD0029811996F
:106A2000C0E90231C0E9004579E7000000001440E8
:106A30000000F03F300000000000F0430000E03FA5
:106A40002DE9FC411C468C46DDE908581746D0F874
:106A5000E4310A9E01AA694660469847009911B13F
:106A60000846BDE8FC810179B94201D82448F8E71D
:106A700007EB470136B1026812F82120D20701D096
:106A80002048EEE75CB10422066802EB8102D5F8EB
:106A900000C0B358634505D91B482B60E1E74FF0B0
:106AA0000060DEE7012303EB8101735C88F80030AE
:106AB00000680821092B865807EB470201EB820189
:106AC00006D0415832462046F9F790FB2E6014E07C
:106AD00040582A68014602B93246024403E000BF2A
:106AE00004F8013B401C03780BB19042F8D3411AE3
:106AF0002960B14201D2002101700020B1E70000FD
:106B000011000906010001060500040570477047E1
:106B100030380A2801D201207047002070477047A2
:106B2000704770477047704770477047016A09782F
:106B3000002902D1812201F048BD70472DE9FF4FA5
:106B400095B09A46884606460025EEE1252877D17D
:106B500000242746F94A0121039400E0044316F873
:106B6000013F203B01FA03F01042F7D130782A2888
:106B700011D06FF02F033078A0F13002092A16D817
:106B8000039A44F0020402EB820203EB4202104437
:106B9000761C0390EFE758F8042B0392002A03DADF
:106BA000504244F40054039044F00204761C3078C0
:106BB0002E2816D116F8010F44F004042A280DD00F
:106BC0006FF02F023078A0F13003092B09D807EBC2
:106BD000870302EB4303C718761CF3E758F8047BDE
:106BE000761C30786C280FD006DC4C2817D068282B
:106BF0000DD06A2814D104E0742810D07A280FD15F
:106C00000DE044F400140AE044F4801401E044F47C
:106C100040147278824202D104F58014761C761CEE
:106C2000307866280BD013DC582877D009DC002890
:106C300075D04528F6D04628F4D047281AD193E1DC
:106C400018E0632835D0642879D0652812D18BE10B
:106C5000702873D008DC6728F1D069286FD06E28BF
:106C60000DD06F2806D1ACE073282CD0752874D0D5
:106C7000782853D05246179990476D1C54E1C4F3BD
:106C80000250022809D003280DD0D8F8001004289B
:106C90000DD00D6008F1040846E1D8F80010EA179D
:106CA000C1E90052F6E7D8F800100D80F2E70D7048
:106CB000F0E718F8041B8DF8001000208DF8010093
:106CC000EB46012003E058F804BB4FF0FF306107AA
:106CD0004FF0000102D40DE009F101018946B942EB
:106CE0000FDA8145F8DB1BF809100029F4D108E020
:106CF00009F1010189468142FADB1BF809100029DC
:106D0000F6D103985346A0EB090721463846179A57
:106D100000F080FA284400EB090507E044E008E1B0
:106D20000DE01BF8010B524617999047B9F1010984
:106D3000F7D2534621463846179AF2E039E00A2145
:106D4000C4F302524FF0000B0091022A06D058F80B
:106D5000040BC117032A09D00AE023E008F1070059
:106D600020F00702F2E80201904605E000B2C117E8
:106D7000042A01D140B2C117002906DA0A460021CF
:106D8000404261EB02012D2202E0220504D52B22B4
:106D90008DF80420012203E0E20701D02022F7E76A
:106DA000914657E00A2100E010214FF0000B0091BE
:106DB0000BE010214FF0000B44F004040827009171
:106DC00003E008204FF0000B0090C4F30252022AA7
:106DD00005D058F8040B0021032A08D008E008F178
:106DE000070020F00702F2E80201904603E080B2BB
:106DF000042A00D1C0B24FF0000922072AD5327808
:106E0000702A07D0DDF800C08CF0100C5CEA0B0C87
:106E100005D00EE040228DF80420012208E050EA5F
:106E2000010306D030238DF804308DF805200222AE
:106E30009146009B83F0080353EA0B030AD150EA02
:106E4000010201D1620705D530228DF804204FF0F0
:106E500001097F1E3278582A04D039A20C920CAA5C
:106E600002920BE03BA2F9E75B46009AF9F794FE29
:106E70000C9B9B5C029A521E0292137050EA010214
:106E8000F2D1029804A9081A00F1200B600702D57C
:106E900024F4803400E001275F4502DDA7EB0B00FE
:106EA00000E0002000EB0B01009003984944401AD9
:106EB0000390E00306D453462146179A039800F046
:106EC000A9F90544002706E001A85246C05D1799BC
:106ED00090476D1C7F1C4F45F6DBE0030CD55346F5
:106EE0002146179A039800F095F9054404E03020F4
:106EF0005246179990476D1C0099481E0090002932
:106F0000F5DC08E00298029952460078491C02918B
:106F1000179990476D1CBBF10001ABF1010BF1DC3F
:106F20005BE100F065F90544761C307800287FF4B9
:106F30000DAE19B02846BDE8F08F00000928010009
:106F400030313233343536373839616263646566DF
:106F500000000000303132333435363738394142A1
:106F60004344454600000000600700D4062708F1AE
:106F7000070020F00700F0E80223804603F0004CF1
:106F80005FEA0C0001D097A009E0200501D596A08A
:106F900005E0E00701D095A001E0AFF24C001390AE
:106FA000307823F0004365280CD006DC452809D052
:106FB00046281DD047287FD13BE0662818D0672897
:106FC0007AD136E00021112F01DB112000E0781C7E
:106FD000CDE9000104A90CA8FFF770FCDDE90D0163
:106FE0000C9A4FF0000B07F10109109200914EE04E
:106FF0004FF000400097CDE9011004A90CA8FFF75D
:107000005DFCDDE90D020C9B0F994FF0000B9146E2
:107010001093009211B9791C00EB0109B7EB09003C
:1070200003D4C0F1FF3B07F10109A9EB0700019070
:1070300042E0012F00DA01270021112F01DD11208C
:1070400000E03846CDE9000104A90CA8FFF736FCA2
:10705000DDE90D010C9A00914FF0000BB94610923A
:1070600021070FD4009A4A4503DA914601E0A9F1BD
:107070000109B9F1010F05DD109AA9F10101515C77
:107080003029F4D0B84202DA10F1040F03DA0121FA
:10709000CDE9011010E0002803DC8344A9EB0001D6
:1070A00002E0411C494500DD8946A0EB0B00401C75
:1070B00001904FF000400290200705D40198484508
:1070C00002DB4FF0FF30019000208DF84B0002985A
:1070D0000DF14B07B0F1004F25D002200C902B2072
:1070E0000D90029800280CDA404202902D200D905D
:1070F00007E00A210298F9F739FD3031029007F8CC
:10710000011D0C99481E0C900029F2DC0298002801
:10711000EFD1791E0D980870307800F0200040F013
:10712000450007F8020D11A8C01BC01D029013985E
:10713000007800B1012000EB0901019801EBE0713A
:10714000029801440398401A401E0390E00306D4BD
:1071500053462146179A039800F05CF805441398AB
:10716000007818B15246179990476D1CE00323D55B
:1071700053462146179A039800F04CF805441BE04B
:10718000BBF1000F07DB0098584504DD10981799F4
:1071900010F80B0001E017993020524690470198F3
:1071A0000BF1010B401E05F10105019004D12E20C9
:1071B0005246179990476D1CB9F10001A9F10109D8
:1071C000DEDC05E017F8010B5246179990476D1C5D
:1071D0000299481E02900029F4DC53462146179A72
:1071E00003989EE62D0000002B0000002000000008
:1071F0002DE9F041044600251E461746880404D4B4
:1072000005E039462020B0476D1C641EF9D528469C
:10721000BDE8F0812DE9F041044600251E46904668
:10722000C80301D5302700E02027880404D505E0F5
:1072300041463846B0476D1C641EF9D52846BDE866
:10724000F0812DE9FE4F04464069002589460689F4
:10725000A069078994F87E0000280ED0002E6AD01D
:10726000A846CDF80080CDF80480CDF8088060E015
:1072700005286ED00B2858D0FF20BDE8FE8F60682F
:1072800050F8360041690968002901DA0B2024E032
:10729000006AB9F1000F23D00178E9B3F02925D8AD
:1072A000A26805EBC50112F811305B1CDBB202F8D5
:1072B00011300278934219D1A268204602F8118059
:1072C000CDF80080CDF804806A462946CDF80880C4
:1072D00000F0DDF80028D9D10520BE42C8D92AE047
:1072E0000078FF2829D0FE2827D01CE00078FC2851
:1072F00018D105EBC50A0622A16802EB4A000A185C
:107300002946204600F0C3F80028A06810F81A109B
:1073100003D021F0010202E016E041F0010200F882
:107320001A20B3E780B1BE4205D86D1C761CEDB2C1
:10733000B6B2BE42A3D900209FE7A06805EBC50105
:1073400010F81100C007EDE72946204603F09AFA2D
:107350009CE76A462946204603F018FB96E70000A2
:107360002DE9FF4F83B09146DDE910758246D0F8D4
:10737000E43101AA69460498984704460098002819
:1073800003D12179494503D82E4807B0BDE8F08FD5
:1073900009EB490625B1206810F82600022811D013
:1073A0000121206801EB860110F80180042101EB26
:1073B00086014558386848B1A84207D0B8F1090F8E
:1073C00002D03BE02048E0E7A84237D2DAF8242098
:1073D00040460699904700900028D6D108202168A1
:1073E00000EB860B3A6851F80B000699F8F7FEFEA1
:1073F000B8F1090F07D13868A84204D223680022E7
:1074000053F80B100A543D60019850B150F82930E0
:10741000494633B10A462146504698470090002815
:10742000B3D1206810F82600400705D5DAF8E83116
:1074300050464A46049998470020A6E703483D6015
:10744000A3E700001100090602000106100007066C
:107450000A68531C0B60107070477047704710B576
:1074600030B1036823B1D0E90121914201D204E097
:10747000002010BD491C816020B1914202D25C5CA9
:10748000202CF7D99142F4D1491E816010BD2DE91D
:10749000F04F4369834691461889DBF80420C00009
:1074A00000EBC1045B89A058DB0003EBC1018F181E
:1074B0004069396889B00088D1F808A00026C0F377
:1074C0000A01A9F80010354689F8026000200490EE
:1074D000059006EB46021423396803EB82028A58B2
:1074E0001368190C13F0FF042ED02B190793402BAF
:1074F0002AD8A4F1010C012303EBDC0CCDF818C051
:107500001288CDE902030DF1200C0DF11808CDE928
:10751000008CC2F3072204AB5846FFF791FA18B16A
:10752000FF2009B0BDE8F08F09EBD502121D0092D3
:10753000002005F00701CDE90110002320461A467E
:1075400004A9F9F745FF079D761C9AF80000F6B2EA
:10755000B042BBD801206D1E00EBD50089F80300B6
:107560000020DEE72DE9F04104460027104E1BE025
:10757000A0892568C0050BD4A06820B1FFF7F2FFF1
:10758000A089C00504D4206910B1716888472761BB
:10759000A089800504D4206A10B1716888472762E9
:1075A0007168204688472C46002CE1D1BDE8F08167
:1075B00010000020002200F048BE10B5016828200D
:1075C0008847040002D02821F8F729FE204610BD84
:1075D0000022114600F06EB82DE9F04788B00F4642
:1075E00004469A4616461C216846F8F718FE2F48AE
:1075F0000025002C0560456055D08146E7B3CDE9F4
:1076000000470295D9E90212D9F810000491CDE99A
:10761000052009F10800FFF7D0FF5FEA00082BD032
:1076200000986F4608B1029808B100270BE0019856
:10763000042808D903221EA10098F8F738FE10B9D3
:107640000298C01C02903846FFF709FF01464046E9
:1076500001F094FA68B1BAF1000F13D06846FFF751
:10766000FEFEDDE90101814203D202990098405CEF
:1076700040B14046FFF776FFDDE9011088420AD2AB
:1076800005460BE01EB10299009808443060404660
:1076900008B0BDE8F087081E00D0451E0EB1601985
:1076A0003060C9E900450020F2E700000800002032
:1076B000EFBBBF0070B515460E46040009D0F8F7C1
:1076C000CBFD411C2B4632462046BDE87040FFF7FB
:1076D00083BF002070BD30B40A88D3090F2B35D288
:1076E000DFE803F02D083418181818181818181F98
:1076F0001F342600802A06D090F87B20002A25D04F
:1077000030BC01F0B9BA90F87C1000291ED030BC12
:1077100002F0F2BD90F87E20002A17D030BC01F0B4
:1077200085BB90F87A20002A10D030BC01F094BCC0
:1077300090F87D20002A09D030BC01F0F9BA026A25
:107740001278002A02D030BC01F0A7BA30BC7047D2
:10775000F0B587B000260F4D0596C87828610C4615
:10776000CA780DF10B00091D0746F8F73FFDAE6022
:1077700020882860A07800B10220E86005AB3A4676
:1077800004490548FAF722FA10B1002007B0F0BD0D
:107790000120FBE7FC1800206C0C002070B50A4D9E
:1077A000084600240A211646E9700722314603F0F4
:1077B00077FE012805D144F6206003F09FFE0128E2
:1077C00000D00324204670BDEC0000202DE9F041DC
:1077D0000F4C07461646A08888460025FF2801D989
:1077E000AFF30080A088032804D3A188A06802F02A
:1077F00057FF18B105252846BDE8F081A06810F8AC
:10780000011B3970A188891E3180C8F80000F2E799
:10781000EC00002070B5104C03460025607810B1D4
:107820000525284670BD491E0126E1600846E68010
:107830000B70E1881144E180E18802F031FF0146DC
:10784000E088A2680244401CE0801170267001218B
:10785000002003F0CDFBE4E7EC00002010B5002190
:10786000012003F0C5FB034900204870BDE810402B
:1078700003F006BEEC00002010B50021084603F01E
:10788000B7FBBDE8104003F0DDBB0000064810B5B3
:1078900001780024012902D00624204610BDC069C9
:1078A0000028FAD08047F8E74000002010B5064CC9
:1078B000207818B1012805D0062010BD60698047E6
:1078C00001202070002010BD4000002070B5064D42
:1078D00000242878012802D00624204670BD28699B
:1078E000804700202870F8E74000002070B50C4663
:1078F0000988002505292FD1417840F2CF760A0268
:1079000081781143C278491C1302027989B21A4363
:10791000531EB34220D200232380012300F8013BF1
:107920002688761C2680560703D003EBD203DEB2EE
:1079300001E0C2F3C70600F8016B23885B1C2380BB
:10794000002300F0EFFA18B102F090FE054604E0C3
:1079500020883044208000E00325284670BD70B5A3
:107960000C460988002505292FD1417840F2CF76B1
:107970000A0281781143C278491C1302027989B244
:107980001A43531EB34220D200232380022300F85F
:10799000013B23885B1C2380530704D0012303EBA6
:1079A000D203DEB201E0C2F3C70600F8016B238800
:1079B0005B1C238000F004FB18B102F057FE054663
:1079C00004E020883044208000E00325284670BD74
:1079D00070B50C4609880026052925D1417805791E
:1079E0000A0281781143491C6A1E89B27C2A1BD87D
:1079F00000222280032200F8012B22880023521C3F
:107A000022806A0000F8012B2288521C22802A461C
:107A100000F016FB18B102F029FE064605E02088AA
:107A200000EB4500208000E00326304670BD70B5B5
:107A30000C4609880026052927D1417805790A02D4
:107A400081781143C278491C45EA02256A1E89B231
:107A50007C2A1AD200222280042200F8012B2288DC
:107A6000521C22806A0000F8012B2288521C2280BE
:107A70002A4600F019FB18B102F0F8FD064605E0B1
:107A8000208800EB4500208000E00326304670BDD2
:107A90002DE9F0410446088800270D460A2842D304
:107AA000607826790102A078227A0843401C1FFAE8
:107AB00080F8E07846EA00266079731E0102A0791A
:107AC0000843401C81B2E0797C2B42EA0022607AB4
:107AD00028D83AB3792A25D8B0EB420F22D1012316
:107AE00004F10A0000F0ACFA98B9002129801721AE
:107AF00021702988601C491C2980710000F8011B35
:107B000029880023491C29803246414600F098FA12
:107B100018B102F0ABFD074605E0288800EB4600EF
:107B2000288000E003273846BDE8F08170B5064C98
:107B30000D4606492288401CF8F758FB2088401C57
:107B40002880002070BD0000FC000020B417002039
:107B500038B50988002405290BD141780A028178BB
:107B60001143491C027989B21AB9C278FF2A03D09D
:107B700012B10324204638BD00228DF80120C078C0
:107B8000FF280CD08DF8002001231A46684600F02B
:107B9000C9F90028EED002F069FD0446EAE70120A9
:107BA0008DF80000F0E710B509880024052902D0FF
:107BB0000324204610BD417801230A028178C01CAD
:107BC0001143491C89B21A4600F03AFA0028F0D055
:107BD00002F04CFD0446ECE72DE9F0410D46098822
:107BE0000024052926D9417843790A028178114376
:107BF000491C8EB2C178027942EA0122510704D0B1
:107C0000012101EBD201C9B201E0C2F3C701571E45
:107C1000B7F5F66F0ED299420CD101233146801D83
:107C200000F080F918B102F021FD044603E00520C0
:107C3000288000E003242046BDE8F08170B50D46A1
:107C40000988002406291DD341780A02817811434E
:107C5000C278491C1302027989B21A434379561E2D
:107C6000772E0FD85606360E9E420BD10123801D6B
:107C700000F0E6F918B102F0F9FC044603E0052033
:107C8000288000E00324204670BD00002DE9F0416B
:107C90001D46069B17460646FF2909D041B1F72924
:107CA00006D81E4C0846217100211EB1012E15D0A8
:107CB00002252EE01A4A22611A4A62611A4AE260DB
:107CC0001A4AC4E906211A4921621A4961621A490D
:107CD000A1622A46394600F09BF812E0174A226159
:107CE000174A6261174AE260174AC4E90621174938
:107CF0002162174961621749A1622A463946FFF796
:107D00004DFD050005D103F0B3FB28B166710120DC
:107D100020702846BDE8F0810325FAE740000020E6
:107D2000F57E0008117F00089D7E00084D7E00084A
:107D300071B5000819B60008D9B500085D780008CB
:107D40007978000815780008CD77000895B200080A
:107D5000A9B3000879B3000838B52C4C207808B1D5
:107D6000062038BD684603F075FB01284BD19DF80D
:107D70000000E8B3012802D0022844D110E0234AD1
:107D8000A369921D911CC81F984788BB6078217910
:107D9000884201D0FF2836D1022003F071FB32E087
:107DA000A0680121194B0278A270E17000212C33E8
:107DB00013F8315065B1954207D103EBC1014A6810
:107DC0001249891D9047E07002E0491C1029EFDB41
:107DD0006078FF2817D0E07880B10021E180A17899
:107DE00041F08002A1680A70E288521C92B200E061
:107DF00009E0E2808854E088401CE080D4E9021366
:107E0000E28820799847002038BD0000400000201B
:107E100070B51546084600240822294603F040FBA9
:107E200001280DD1B5F5964F01D9232003E006496D
:107E30006800B1FBF0F080B203F060FB012800D0D5
:107E40000324204670BD0000A07F17002DE9F041FB
:107E5000104C07461646A08888460025FF2801D901
:107E6000AFF30080A088042804D3A1880A4802F058
:107E7000F1FF18B105252846BDE8F08106480078D5
:107E80003870A088C01E30800348401CC8F800002D
:107E9000F1E7000000010020D417002070B5134C5A
:107EA000034600256078012802D00525284670BDCC
:107EB000491E0126A160084666800B706188114446
:107EC0006180618802F0C6FF6188094A5318491C25
:107ED00061801870010A60880244401C6080117043
:107EE00026700121002003F083F8DFE70001002065
:107EF000D4170020054910B5002048700146012024
:107F000003F076F8BDE8104003F0AEB800010020A1
:107F100010B50021084603F06BF8BDE8104003F0EF
:107F200091B80000F0B5491E89B28C180A2C01D90D
:107F30000120F0BD541EE51704EB5575012404EB38
:107F4000E5061E4D012B18D1F4B213E010F8016BB9
:107F500000230AE026FA03F707F001076F54491CD3
:107F6000521E5B1C89B292B2DBB20AB1082BF1D36C
:107F7000641EE4B2002CE9D11EE016F0FF061BD00F
:107F800000273B4611E000BF15F801E0BEF1000FED
:107F900005D004FA03FC4CEA070C0CF0FF07521E54
:107FA000491C5B1C92B289B2DBB20AB1082BEBD33D
:107FB00000F8017B761EE0E70020F0BD0C010020F8
:107FC000F0B5491E8CB2A1180A2901D90120F0BDD3
:107FD000511ECB1701EB5371012505EBE101CEB228
:107FE00016491BE000273B4611E000BF11F804E0F2
:107FF000BEF1000F05D005FA03FC4CEA070C0CF0AB
:10800000FF07521E641C5B1C92B2A4B2DBB20AB121
:10801000082BEBD3761E00F8017BF6B2002EE1D1DF
:1080200000200A5C3AB100220A54401C80B20A289F
:10803000F7D30020F0BD0122F6E700001601002072
:1080400030B54C1EA4B2A5180A2D01D9012030BDAF
:10805000134D012B09D01EE030F8023B5BBA25F826
:108060001430641C521EA4B292B2002AF4D10A2920
:1080700013D10C49012008700FE000BF35F814102F
:10808000090A00F8011B15F81410641C521E00F8B0
:10809000011BA4B292B2002AF0D1002030BD000032
:1080A000D41800201E000020491E10B58BB29C1869
:1080B00010490A2C0FD9012010BD00BF31F8134020
:1080C000240A00F8014B11F813405B1C521E00F803
:1080D000014B9BB292B2002AF0D1002031F810205F
:1080E000521C21F81020401C80B20A28F6D3002030
:1080F00010BD0000E818002010B50446054B002212
:1081000041F20301FDF7EAFCD4F8081200200870E0
:1081100010BD0000D958000870472DE9FE4399466C
:10812000DDE90A7615468846044602AB00F065F89C
:1081300050BB012D04D19DF80810204602F07EFBB3
:10814000022D21D19DF8080000EB800004EB001007
:10815000B0F97200F9F7AEF99DF8081001EB810152
:1081600004EB0111A1F872009DF80810852001EBC5
:10817000810104EB011181F82A009DF8080000EB51
:10818000800004EB0010C662CDE900764B46424603
:108190002946204602F04AFC002800D0FF20BDE816
:1081A000FE83000013B54FF0FF33012269460248F9
:1081B000FCF766F900981CBD0C1600204FF08040BB
:1081C000406A704700680078704710B5002303EBE1
:1081D000830400EB041494F82A402CB15B1C13F0C8
:1081E000FF03F4D0FF2010BD137003EB830200EBFC
:1081F000021080F82910002010BD70B5002404EB97
:10820000840500EB051595F82A606EB1852E0BD01C
:1082100095F828608E4207D195F82950954203D1F0
:1082200003B11C70002070BD641C14F0FF04E6D084
:10823000FF2070BD01EB810100EB0111486B08B11B
:10824000896B401A1060002070472DE9F041884684
:10825000A8B3B8F1000F33D084680AB90AE02468E3
:108260006CB3216A59B34046F7F7FDFF0028F6D1F9
:1082700020E024681CB3266A5FEA0805F9D0002EC6
:10828000F7D0B54218D002E098B16D1C761C287862
:10829000F7F7A6FF07463078F7F7A2FF874228785E
:1082A000F2D0F7F79DFF05463078F7F799FF854242
:1082B000DFD124B1206A10B12046BDE8F081FFE78C
:1082C0000020FAE7F8B505461B4B002241F21701E2
:1082D000FDF704FC002685F8DC61344616E000BF9B
:1082E000D5F89C0030F8240003041B0C0CD04FF48C
:1082F0007A704343114A214628460096FDF772FCE6
:10830000D5F8A01021F81400641CE4B2D5F8980048
:108310000078A042E4D8D5F8A4000388002B0AD046
:108320004FF47A704343064A002128460093FDF734
:1083300059FCA5F8A800F8BDB3580008A51300081B
:10834000155A000870B5054600240BE0D5F8A000CA
:1083500030F91400F9F7AEF8D5F8A01021F81400A0
:10836000641CE4B2D5F898000078A042EED835F944
:10837000A80FF9F79FF8288070BD00002DE9F84399
:108380001746DDE90896002501EB8102984600EBCF
:108390000214022E2DD0032E2BD0042E29D0052E10
:1083A00027D0B4F97200F9F785F800BFA4F872007D
:1083B00084F82870A4F8308084F8329084F82A6019
:1083C00084F82B506563A56384F85C5084F85D5095
:1083D00084F85E50256684F8645084F8655084F80B
:1083E000665084F8675084F8705000206567BDE8D7
:1083F000F883034B034A0095FDF7F4FBD6E7000032
:10840000C0C62D00015B00082DE9F0410B3020F0C3
:108410000706104D19E02068B04215D3B0420AD9C2
:10842000871B201DD4F80480F7F7E0FEA019C0E9EF
:108430000078286004E060682860201DF7F7D6FE09
:10844000201D2660BDE8F081251D2C68002CE2D19E
:108450000020F7E7640C002010B50446FFF732FF58
:108460002046BDE8104000F0C3B810B50446FFF741
:1084700069FF2046BDE8104000F0F6B830B501EBCA
:10848000810100EB01118C6BA018202802D84D6BE4
:10849000A84201D9FF2030BD002006E025180D4478
:1084A00095F83C501D54401CC0B29042F6D3886BE6
:1084B00010448863002030BDFAF7AEFEFDF706FCDD
:1084C000FCF7E4FEFCF79AFEFDF724F8FDF73EF812
:1084D000FDF758F8FCF762FFFCF744FEFCF77EFF5F
:1084E000FCF7B0FFFCF7E2FFFCF766FE4FF4C87044
:1084F000FAF76AF818A0FEF747F91CA0FEF744F94E
:10850000FDF7F8F8FDF7D7F8002102231BA2084673
:10851000FDF75EF9F8F724FEFCF7E8FA1B4800685F
:10852000C16841F01001C1604FF4807422461849BF
:108530001648FBF719FF17480068C16841F01001A1
:10854000C160224614491348FBF70EFFFCF774FE86
:1085500000F0B8F8FEE70000556172743120696ED2
:108560006974206973206F6B0A00000043414E6FED
:1085700070656E20546573740A00000043414E6FAD
:1085800070656E20436F6E74726F6C000C16002065
:108590000C1400209C1600200C1500200146002021
:1085A000842900D0C81C70470EB541F4E061ADF8D5
:1085B000001001218DF8021000218DF80310D0F871
:1085C000E0016946FFF7C4F80EBD0EB50023ADF813
:1085D00000308DF802308DF8042002238DF805104C
:1085E0008DF80330D0F8E0016946FFF7B1F80EBD11
:1085F00038B504461A4B002241F20C01FDF76EFA21
:10860000174B002241F20D012046FDF767FAD4F81E
:1086100038010388002B22D0D4F83C0100780028D0
:108620001DD04FF47A7043430E4A00212046009338
:10863000FDF7D8FAA4F830010020211891F8B020F5
:108640000F2A08D022681278824204D0D4F83C2144
:10865000127881F84021401CC0B28028EDD338BD8B
:10866000C5580008F915000810B50446B0F93001E6
:10867000F8F720FFA4F8300110BD10B586B0202215
:1086800004AC04920094012205ABCDE9013201EB68
:10869000810100EB0114039204F13C0394F83220B1
:1086A000218EFEF7CDF9002803D1049860630020E5
:1086B000A06306B010BD10B500B9012002F058FD4E
:1086C000002010BD10B502F079FD002010BD7FB56F
:1086D0000D4604464169B0F9080081B1A16971B144
:1086E000FFF75CFFD4E905128DE80700D4E900101C
:1086F0002B46226903F03FF8039004B070BDFFF7EA
:108700004DFF03A9CDE90001208A2B4682B2D4E9AE
:10871000001003F003F8012801D00020EDE70398D2
:10872000EBE72DE9F04107460025C8680C462E46C8
:10873000B0F57A7F5BD2401CE0602168A068095CDC
:108740005B2954D1401CA0602046FEF788FE4CB146
:10875000D4E90110884203D22268125C5D2A33D02A
:10876000884203D3A068401EA06040E0401E04F190
:108770001008A0604046FEF720FF98B30DB33060AC
:1087800046600646A068401CA0602046FEF767FED3
:108790002146304600F0F2F930B32046FEF75FFE86
:1087A00014B3D4E90110884203D22168095C2C2952
:1087B000E0D06268904217D22168085C5D2813D12E
:1087C00002E005462E46DDE7E068401EE06005B1A8
:1087D0006E602020C7E90250A068401CA060012004
:1087E000BDE8F081FFE715B12846FEF7BBFE00208B
:1087F000F6E7034610B500200246995CA1F130046B
:10880000092C01D830380AE0A1F14104052C01D827
:10881000373804E0A1F16104052C08D85738084422
:10882000032A00D20001521C042AE6D310BD002006
:1088300010BD00002DE9F84F4FF0000980460C00F4
:108840004FF02E0A48464D464F46CDF800903ED098
:108850002668CEB3D4E9012122E07318C35C342B1F
:108860001BD00ADCA3F12B03092B1CD2DFE803F099
:10887000151B152D1B1515151500382B0DD006DCF5
:10888000352B0AD0362B08D0372B0CD105E0392BED
:1088900003D0452B01D0652B05D16D1C401C14B1B4
:1088A0000B189342D9D32169681C884706000ED063
:1088B000A16820682A4601443046F7F797FC06F87D
:1088C00005907FB100200BE001E00127E5E70020E3
:1088D000BDE8F88F315C2E2901D106F800A0401CBC
:1088E000A842F7D36946304602F030FA05460098B0
:1088F0000F46864203D1616930468847E7E7C8E9F9
:108900000657144A144B28463946F8F7FBF802D8A4
:108910006FF0004108E00022104B28463946F8F776
:10892000D9F804D84FF00041C8F8141005E02846E3
:108930003946F8F7B0F8C8F814000821C8F80C1048
:108940000099A068891B0844A06061693046884787
:108950000120BDE70000C0FFFFFFDF410000E0C1D4
:108960002DE9F04107460026C8680C463546B0F5AB
:108970007A7F7BD2401CE060002C77D0D4E90110D4
:10898000884273D22168095C7B296FD1401CA060AA
:108990002046FEF764FDD4E90110884203D2226824
:1089A000125C7D2A4FD08842A0F10100A0605DD208
:1089B00004F110084046FEF700FEE8B30EB328604D
:1089C00045600546CCB3D4E90110401C88424AD228
:1089D000A0602046FEF743FD2146284600F048F8F7
:1089E00058B32046FEF73BFD286928620020286125
:1089F000D4E90110884236D22168095C3A2932D183
:108A000002E006463546DDE7401CA0602046FEF742
:108A100026FD2146284600F0B1F870B12046FEF749
:108A20001EFDD4E90110884203D22168095C2C297B
:108A3000C0D06268904201E014E014E013D22168D3
:108A4000085C7D280FD1E068401EE06006B17560CB
:108A50004020C7E90260A068401CA0600120BDE87A
:108A6000F08103E016B13046FEF77CFD0020F6E70A
:108A70002DE9F84380468B6808684FF00009C41858
:108A8000CDF8009008680E46651CC15C641C222964
:108A90006ED10022716808E0BCF15C0F04D17F1C2C
:108AA0008F4265D2521C641C641C271A8F4204D268
:108AB00094F800C0BCF1220FEED1271A8F4257D292
:108AC0002178222954D11844201A801A3169401C77
:108AD000884707004CD0009737E029785C2905D0FB
:108AE00000986D1C00F8011B00902EE00220611B15
:108AF000012939DB6A78662A14D008DC222A12D0D0
:108B00002F2A10D05C2A0ED0622A2DD108E06E2ABE
:108B10000ED0722A0ED0742A0ED0752A24D10DE000
:108B2000082200E00C22009901F8012B00910BE0D3
:108B30000A22F8E70D22F6E70922F4E76A46214601
:108B4000284602F09DF978B10544A542C5D30099A5
:108B500081F800901021C8E903173068201A401CE2
:108B6000B0600120BDE8F88317B1716938468847C5
:108B700015B13068281AB0600020F3E770B50C001A
:108B800005465ED0206800285BD0A16863680A1D96
:108B90009A4205D80844042231A1F7F788FB78B33C
:108BA000A0686268411D0126914206D8216805220D
:108BB00008442DA1F7F77BFB28B3A0686268011D6C
:108BC000914206D821680422084429A1F7F76FFBD7
:108BD000E8B1D4E90101814203D22268525C222A21
:108BE0001DD0814221D22268525C2D2A02D0303A17
:108BF000092A1AD821462846BDE87040FFF71ABE58
:108C00000420E86006E0EE60A068401D04E0022059
:108C10006E61E860A068001DA060012070BD214663
:108C20002846BDE87040FFF723BF814203D2226887
:108C3000525C5B2A07D0814203D22068405C7B28CB
:108C400007D0002070BD21462846BDE87040FFF7E0
:108C500068BD21462846BDE87040FFF781BE000090
:108C60006E756C6C0000000066616C73650000003E
:108C7000747275650000000030B4CA78082A0AD101
:108C80000A78D0F8384202F07F058A888B79294625
:108C9000A44630BC604730BC704770B5044690F8BD
:108CA00078007F2803D0052801D004283FD14A79D5
:108CB0001AB123681B789A4239D10979802925D0C5
:108CC00009DC01291CD0022931D17F2801D00528D7
:108CD0002DD1042126E081291ED0822927D12046CA
:108CE000FFF770FAD4F89410054609B1204688477A
:108CF0002168FF2008702946204601F0CFFE10E0D1
:108D00007F2801D0042812D105210BE0052801D0CD
:108D100004280CD17F2105E0D4F8901009B1204639
:108D2000884700212046BDE8704001F05DBF70BD5E
:108D30002DE9FE43044608784FF0000800F07F0656
:108D40008878012818D00879A51900F07F07D4F891
:108D50003C01007885F8400195F8B000B84207D092
:108D6000D4F8D8313A4631462046984785F8B07055
:108D700095F8B00038B32BE020680078B04220D1DD
:108D800020684146007800F5E060ADF80000012061
:108D90008DF803008DF8028094F878208DF8042077
:108DA00094F8DC3133B142F080008DF8040084F88F
:108DB000DC1101E084F8DC016946D4F8E001FEF73B
:108DC000C7FCBDE8FE83D4F8D42131462046904745
:108DD00095F8B0000F28F4D000251FE0D4F89C00CF
:108DE00050F82510C1F30740864215D1D4F8A000F1
:108DF0008FB230F91500F8F75DFB4FF47A7007FB7E
:108E000000F3094A29462046CDF80080FCF7EAFE27
:108E1000D4F8A01021F815006D1CEDB2D4F898001C
:108E20000078A842DAD8CCE7A51300082DE9F04F66
:108E3000894604460222002199F8020089B00D46B5
:108E400010B101287ED09EE06769A369B8889E882A
:108E500020B998E0022A04D0042A0FD0B042F9D9F0
:108E600091E0B9F80030626852F830C0DCF814C004
:108E7000BCF800C09C450CD1B04210D8FF88626895
:108E8000F80000EBC50B002652F80B00D0F8088064
:108E900049E06D1C401C80B2EDB2B042E4D972E0F2
:108EA00000200390049063684FF0140C53F80B20DB
:108EB00006EB46030CEB8303D2585FEA020A66D046
:108EC0009AF8002012F0FF0207922AD00A44069274
:108ED00099F80330B2EBC30F23D803AACDE90020E1
:108EE00001F0070209EBD10103460290091D079822
:108EF000F8F76EFA07990120491E00EBE101059190
:108F000005AA00210092CDE90110DAF8000003ABB8
:108F1000C0F30722010C2046FEF722FAB8BB0698E0
:108F2000C1B2761CF6B298F80000B042B8D8E0683A
:108F300000B3616851F83710496C0E88D6B130F92A
:108F4000150000E010E0F8F7B5FA002000904FF4AB
:108F50007A7006FB00F3294620462269FCF742FEA0
:108F6000E16821F815000EE06069A269012100891D
:108F7000128930B907E001290AD004291BD005293C
:108F80003CD09042F7D9002009B0BDE8F08F3BE01B
:108F9000B9F80060D4F8043053F8301049690988F2
:108FA000B14201D1042116E06D1C401C80B2EDB22B
:108FB0009042F1D9E7E7616851F83010096A0B78FF
:108FC000FD2B07D0D9B2FC2908D0FF291ED0FE29DD
:108FD0001CD019E005219042CFD9D4E7A36805EB56
:108FE000C50113F81160F60706D0062000EB41001A
:108FF0001918D4F8E0012CE09042C4D86A462946FA
:109000002046FEF744FA08B3FF20BDE7A16805EB50
:10901000C506022000EB4607C85FF8F74BFAA168C7
:10902000C853A168042000EB4607C85FF8F742FA6E
:10903000A168C853A06810F8161021F0010100F8CB
:10904000161029462046FCF75BFC9CE76946D4F8DD
:10905000E001FEF77DFB96E72DE9F04F8DB0044669
:1090600000200C906669A3690D4630881A8800219B
:10907000D8B14FF0040C904217D867680CEBC008C9
:1090800017F80880B8F1010F75D957F83070B5F8A6
:1090900000807F693F68474502D10126039121E0A6
:1090A000491C401CC9B280B2E5E770885E88002187
:1090B000002860D00423B0425DD8626803EBC0078B
:1090C000D75D032F57D952F830202F88126A1268C3
:1090D000BA4212D103916168022651F83000C06A89
:1090E00000780C90E87800274FF00069082809D034
:1090F000CDE90079002332468FE0491C401CC9B2FB
:1091000080B2D8E702AB324620460399FFF775F8E4
:10911000C8B9012E02D0022E0BD014E09DF8081021
:1091200001EB810104EB011191F82A1004291DD0F3
:1091300009E09DF8081001EB810104EB011191F8A1
:109140002A10052912D029794909DFF84084DFF86F
:1091500040A405F108020DF1180B0B92072960D20B
:10916000DFE801F00AFCFBFA85F9F800297980298B
:109170007DD00621E9E754E0012E02D0002877D007
:1091800049E0E8BB9DF8080000EB800004EB00100C
:1091900090F82A1002293ED1B0F97200411C19D072
:1091A000F8F788F99DF80810FA4B01EB810104EB00
:1091B0000111F94AA1F8720000979DF808102046A5
:1091C000FCF710FD9DF8081001EB810104EB011183
:1091D000A1F872009DF8080000EB800004EB00107D
:1091E000018E059190F8328090F82B102879C0F309
:1091F000001291427ED1C0F34200C0F1070200E0AC
:1092000009E06B1D09929DF808102046FCF7CEFC82
:10921000002870D10BE00023E8E320460399FEF715
:109220007CFF0DB0FF20BDE8F08F059BF3E39DF8B8
:109230000800202100EB800004EB001090F82B00C8
:1092400041EA00108DF81800012059460F54401CC7
:109250000828FBD306AB31462046039A01F0AAFB4F
:109260009DF8080000EB800004EB001001E091E3A2
:1092700017E090F82B1079B15FF0000180F82B1007
:109280002879C0076BD09DF808102046FCF776FCC3
:1092900020B1CDE90080C8E70121EFE79DF8081073
:1092A000FEE39DF8080000EB800004EB001090F84E
:1092B0002A100329AFD1B0F97200411C19D0F8F778
:1092C000F9F89DF80810B34B01EB810104EB011193
:1092D000B14AA1F8720000979DF808102046FCF7EB
:1092E00081FC9DF8081001EB810104EB0111A1F84C
:1092F000720001E08FE08FE09DF8080000EB800035
:1093000004EB0010018E059190F8328090F82B103C
:109310002879C0F3001291427DD1C0F34200C0F120
:1093200007026B1D09929DF808102046FCF73EFCD1
:10933000002871D19DF8080000EB800004EB0010BC
:1093400090F82B10F9B1002180F82B102879C00774
:109350001BD005E0F4E35FE324E229E121E023E30D
:109360009DF8080000EB800004EB0010B0F97200DB
:10937000F8F7A0F89DF8081001EB810104EB01114A
:10938000A1F87200E2E10121DEE7602040EA01106D
:109390008DF81800012059460F54401C0828FBD3B3
:1093A000FFE1012E62D0002884D19DF8080000EB77
:1093B000800004EB001090F82A100229F4D1B0F9D3
:1093C0007200411C19D0F8F775F89DF80810714B20
:1093D00001EB810104EB01116F4AA1F872000097C3
:1093E0009DF808102046FCF7FDFB9DF8081001EBE6
:1093F000810104EB0111A1F872009DF8083003EB24
:10940000830004EB0010018E059190F8328090F8F3
:109410002B00297901E082E098E0C1F30011884235
:109420007DD109AA19462046FEF704FF09980028B5
:109430008FD007289DF8080000EB800004EB001097
:1094400090F82B106CD9E9B35FF0000280F82B2064
:1094500010018DF818009DF808100BF10103072288
:109460002046FFF70BF8002870D19AE1B5F80510F7
:10947000059195F807A040B102AA31462046FEF7B3
:10948000A4FE28B1CDE900A8CFE6CDE900A8CCE63E
:109490000220CDE900A09DF808102046059B039A04
:1094A000FEF76CFF28794108C90724D09DF8081001
:1094B000C0F38100C0F1040001EB8101099004EBCD
:1094C000011100E047E048639DF8081020460B9B1F
:1094D000099AFCF76BFB08BB9DF808102046FCF7C7
:1094E0004DFB10B1CDE900A09FE69DF80810204685
:1094F00001F0A4F918E0C00716D0287A697AEA7A50
:1095000000EB0121A87A000400EB02600A1809921E
:109510009DF80810204601F05BFB28B101E0D1E185
:109520001BE0CDE900A980E660208DF818000598C1
:109530008DF81900000A8DF81A008DF81BA0042080
:1095400059460F54401C0828FBD32AE19CE02046D2
:109550000C99904728E2012278E7F9B15FF0000109
:1095600080F82B10099A0801C2F1070140EA410076
:109570009DF80850401C8DF818000BF10103294696
:109580002046FEF77BFF00287ED109E0210000087D
:1095900000000305C0C62D00015B00080121DFE7C4
:1095A0005946099800E00F54401C0828FBD3F8E006
:1095B000012E45D000287FF4E3AD9DF8080000EBB4
:1095C000800004EB001090F82A100329F3D1B0F9C1
:1095D0007200411C19D0F7F76DFF9DF8081001EBE0
:1095E000810104EB0111A1F87200FE4BFE4A0097C5
:1095F0009DF808102046FCF7F5FA9DF8081001EBDD
:10960000810104EB0111A1F872009DF8080000EB44
:10961000800004EB0010B0F830A090F83280287978
:109620004108C90772D0C0F38100C0F10402099259
:109630009DF8081020460B9BFCF7B8FAF0BB6BE0D6
:10964000B5F80510ED798A4650B102AA3146204698
:10965000FEF7BBFD30B15346CDE900583246DCE59C
:109660000B46F9E70320CDE9005053469DF808105A
:109670002046039AFEF782FE9DF808102046FEF76A
:10968000FCFF30B1534600E059E1CDE900503246CD
:10969000C3E509AA9DF808102046FEF7CBFD099AFC
:1096A000042A16D941208DF818008DF819A04FEA28
:1096B0001A208DF81A008DF81B5000E063E08DF839
:1096C0001C20100A8DF81D00100C8DF81E00100EC5
:1096D00020E2C2F10400432141EA80008DF8180025
:1096E0008DF819A04FEA1A208DF81A008DF81B503A
:1096F0000BF104039DF808102046FEF7BFFE08B1E9
:1097000053463BE109985946001D02E028E00F54FA
:10971000401C0828FBD31CE19DF8080000EB8000EA
:1097200004EB0010B0F97200F7F7C4FE9DF80810C2
:1097300001EB810104EB0111A1F872009DF8081002
:10974000099801EB810104EB011148639DF80810B1
:10975000012001EB810104EB011181F82A004FE1A6
:10976000C00715D0287A697AEA7A00EB0120A97A35
:10977000090401EB0261421809929DF80810204685
:1097800001F026FA20B153463246CDE9008944E57E
:1097900060208DF81800012059460F54401C0828FD
:1097A000FBD32BE2012E52D000287FF4E9AC9DF8C8
:1097B000080000EB800004EB001090F82A1002294A
:1097C000F3D1B0F97200411C19D0F7F773FE9DF880
:1097D0000810844B01EB810104EB0111824AA1F8CE
:1097E000720000979DF808102046FCF7FBF99DF8E1
:1097F000081001EB810104EB0111A1F872009DF842
:10980000081001EB810004EB00122046B2F8308012
:1098100092F8325009AAFEF70DFD099A002A3FF48A
:1098200098AD9DF80810072A01EB810004EB0010A9
:1098300090F82B004FEA001071D98DF818000BF149
:10984000010307222046FEF719FEE0BBD6E10028FF
:10985000ABD19DF8080000EB800004EB001090F8FD
:109860002A100329A1D1B0F97200411C19D0F7F7D1
:1098700021FE9DF808105B4B01EB810104EB011107
:10988000594AA1F8720000979DF808102046FCF78D
:10989000A9F99DF8081001EB810104EB0111A1F871
:1098A00072009DF8081001EB810004EB0010028E9D
:1098B000059290F832802A7990F82B00C2F30012BA
:1098C000904204D000E058E0CDE9008AADE409AA56
:1098D0002046FEF7AFFC9DF80810099A01EB8100C5
:1098E00004EB0010072A90F82B004FEA001019D95A
:1098F0008DF818000BF1010307222046FEF7BEFD8C
:10990000E8B99DF8080000EB800004EB001090F827
:109910002B1029B15FF0000180F82B106EE11FE0E1
:109920000121F9E7C2F1070340EA4300401C8DF82A
:1099300018000BF101032046FEF7A0FD10B1CDE9A0
:10994000008972E45946099800E00F54401C082829
:10995000FBD306AB31462046039A01F02BF89DE479
:10996000C2F1070340EA4300401C8DF818000BF1D8
:1099700001032046FEF782FD20B14346CDE90059A0
:1099800032464AE45946099800E00F54401C082822
:10999000FBD333E1AA7A2989012E62F31F41EA7AC7
:1099A00041EA026501D018B150E20028D7D04DE25B
:1099B0009DF8080000EB800004EB0010B0F9720085
:1099C000F7F778FD9DF8081001EB810104EB011118
:1099D000A1F872009DF80810802001EB810104EBD2
:1099E000011104E0C0C62D00015B000840E081F8D1
:1099F0002A009DF8080000EB800004EB0010C5620F
:109A00009DF8080000EB800004EB0010426F002A74
:109A10007FF49DAD1AE23AE32979012E01F0030AA1
:109A20000BD0BAF1000F78D0BAF1020F75D0BAF1AD
:109A3000010F3FF48EACFFF7EEBBBAF1000F09D077
:109A4000BAF1010F6CD0BAF1020F7AD0BAF1030F5C
:109A500077D0FBE1B5F80510EF79894638B102AA55
:109A600031462046FEF7B1FB30B14B4600E00B46D5
:109A7000CDE900783246F2E50520CDE900704B468D
:109A80009DF808102046039AFEF778FC9DF8081010
:109A9000287901EB8101C0F3800004EB011100E0A3
:109AA0004AE081F85C009DF80810287A01EB8101FA
:109AB00004EB011181F85D009DF808102046FEF7C7
:109AC000DCFD20B1CDE900704B463246C7E509AA5E
:109AD0009DF808102046FEF7ADFB9DF80810099888
:109AE00001EB810104EB01110866C2208DF818001A
:109AF0008DF819904FEA19208DF81A0009988DF801
:109B00001C00010A8DF81D10010C8DF81B708DF8DA
:109B10001E10000E8DF81F0054E3D0E000E010E0AE
:109B2000002888D19DF8081001EB810004EB00109B
:109B300090F82A000528F4D1204600F07FFEA3E328
:109B4000AEE10028EDD19DF8080000EB800004EBA9
:109B5000001090F82A100529E3D1B0F97200411CD9
:109B600019D0F7F7A7FC9DF8081001EB810104EB71
:109B70000111A1F87200FE4BFE4A00979DF80810F3
:109B80002046FCF72FF89DF8081001EB810104EB4B
:109B90000111A1F872009DF80800BAF1020F00EB64
:109BA000800004EB0010018E059190F832100891AE
:109BB0003BD1A97980F85D10687909AA00F07F038C
:109BC0009DF808102046FEF735FB0998B8B99DF8B6
:109BD000080000EB800004EB001090F8651099423B
:109BE0000DD190F86610C12040EA81008DF8180070
:109BF000012059460F54401C0828FBD3E2E29DF88F
:109C00000800C3EBC30200EB800004EB001191F8E5
:109C10006400104488639DF8081001EB810104EB97
:109C20000111496B88423FF606AF9DF808000125F7
:109C300000EB800004EB001191F8380081F864001B
:109C40001EE000BF80F8655009AA9DF80810204664
:109C5000FEF7F0FA099807281DD98DF818500BF176
:109C6000010307229DF808102046FEF707FCE0BB21
:109C700006AB31462046039A00F09CFE6D1CEDB207
:109C80009DF8080000EB800004EB001090F85D10D8
:109C9000A942D7D2F8E245F080008DF818005D4661
:109CA0006B1C9DF808102046099AFEF7E7FBE0BB05
:109CB000099800E02F54401C0828FBD3DEE0002860
:109CC0007FF4B9AE9DF8080000EB800004EB0010B3
:109CD00090F82A100429F3D1B0F97200411C1BD06E
:109CE000F7F7E8FB9DF8081000E0BDE001EB81010B
:109CF00004EB01119E4BA1F872009E4A00979DF85B
:109D000008102046FBF76EFF9DF8081001EB81015B
:109D100004EB0111A1F87200BAF1000F16D09DF802
:109D20000810A87901EB810100E079E004EB011152
:109D300009AA81F85D0068799DF8081000F07F039A
:109D40002046FEF777FA0998D0B131E09DF8080077
:109D500000EB800004EB0010018E059190F83210AA
:109D600008912979C1F3800180F85C109DF80810F2
:109D7000287A01EB810104EB011181F85D002DE0EF
:109D80009DF8080000EB800004EB001090F86510CF
:109D900099420DD190F86610C12040EA81008DF8FB
:109DA0001800012059460F54401C0828FBD309E233
:109DB0009DF80800C3EBC30200EB800004EB001128
:109DC00091F86400104488639DF8081001EB81014C
:109DD00004EB0111496B88423FF62DAE9DF8080057
:109DE000012500EB800004EB001090F8381080F89B
:109DF000641021E080F8655009AA9DF808102046FB
:109E0000FEF718FA0998072821D98DF818500BF198
:109E1000010307229DF808102046FEF72FFB18B11A
:109E20000899CDE9001951E506AB31462046039A61
:109E300000F0C0FD6D1CEDB29DF8080000EB800045
:109E400004EB001090F85D10A942D3D21CE245F05B
:109E500080008DF818005D466B1C9DF808102046A8
:109E6000099AFEF70BFB18B10898CDE900092DE51A
:109E7000099800E02F54401C0828FBD306AB31465C
:109E80002046039A00F096FD9DF80810099801EB12
:109E9000810104EB0111C0F1070081F86600F3E1D4
:109EA0004FF0100A012E34D000287FF4C4AD9DF885
:109EB000080000EB800004EB0010B0F97200411CB8
:109EC00019D0F7F7F7FA9DF80810294B01EB81013B
:109ED00004EB0111274AA1F8720000979DF80810C1
:109EE0002046FBF77FFE9DF8081001EB810104EB93
:109EF0000111A1F872009DF8081001EB810004EB3C
:109F0000001393F86700B8B3012870D002286FD00F
:109F1000BAE190B3287910F0010FC6D1B5F805B0B9
:109F200095F8079002AA31462046FEF74EF920B177
:109F3000CDE900985B46324629E40421CDE9009141
:109F40005B469DF808102046039AFEF717FA9DF825
:109F50000810012001EB810104EB011181F8670079
:109F600028799DF80810C0F3800001EB810105E01D
:109F7000C0C62D00015B0008F6E02BE004EB0111E8
:109F800081F85C002879800710D5287A697AEA7A06
:109F900000EB0120A97A090401EB026108449DF855
:109FA000081001EB810104EB01110866A0208DF877
:109FB00018008DF81CA08DF819B04FEA1B208DF801
:109FC0001F708DF81A008DF81E708DF81B908DF89B
:109FD0001D70F7E09DF8080000EB800004EB001016
:109FE00090F86710012904D0022951D04CE1F0E02B
:109FF0004EE1B0F97200411C19D0F7F75BFA9DF8F9
:10A000000810BB4B01EB810104EB0111B94AA1F827
:10A01000720000979DF808102046FBF7E3FD9DF8BD
:10A02000081001EB810104EB0111A1F872002879FD
:10A0300000F07F0800069DF8080000EB80000AD5BC
:10A0400004EB001090F86510491C41457DD10221B8
:10A0500080F86710CBE004EB001191F86500401C1C
:10A06000404547D181F865806B1D07229DF8081097
:10A070002046FBF79BFDE8B39DF8080000EB80004D
:10A0800004EB001292F83200CDE90009138E69E06A
:10A090002979C9073FF4CFACB0F97200411C19D03F
:10A0A000F7F708FA9DF80810914B01EB810104EBDA
:10A0B0000111904AA1F8720000979DF808102046FF
:10A0C000FBF790FD9DF8081001EB810104EB0111F5
:10A0D000A1F872009DF80810287901EB810204EBC9
:10A0E0000213C0F38200C0F1070220466933FBF778
:10A0F0005DFD00E0C5E048BB9DF8080000EB800076
:10A1000004EB0010016E41B1826B914205D090F8D2
:10A110003210CDE90018038E24E0A1208DF818003C
:10A12000012059460F54401C0828FBD306AB31468A
:10A130002046039A00F03EFC9DF808102046FBF7ED
:10A140001DFD00283FF40BAC01E062E08EE09DF8BD
:10A15000081001EB810104EB011191F83220CDE9E7
:10A1600000200B8E32460CE42879C00730D1012044
:10A1700083F867009DF80810287901EB810104EB52
:10A180000111C0F3800081F85C002879800710D5A8
:10A19000287A697AEA7A00EB0120A97A090401EBAE
:10A1A000026108449DF8081001EB810104EB0111E4
:10A1B0000866A3208DF81800012059460F54401C52
:10A1C0000828FBD306AB31462046039A00F0F2FB89
:10A1D0005AE0287900F07F08000693F8650000F146
:10A1E000010037D5404514D1022083F867009DF85F
:10A1F000081001EB810104EB011181F865809DF8E5
:10A200000800696800EB800004EB00108166A96813
:10A21000C166A2208DF818009DF8080006AB00EB7F
:10A22000800004EB0010314690F865008DF81900AD
:10A230008DF81AA007978DF81B702046039A00F03E
:10A24000B9FB9DF8080000EB800004EB001080F8DB
:10A25000657019E0404514D183F865806B1D0722B5
:10A260009DF808102046FBF7A1FC50B19DF80800AE
:10A2700000EB800004EB001090F83220CDE90029BB
:10A2800049E7B8F1100FC4D00DB00020BDE8F08F41
:10A290002879C2073EF4BFAFC0F38200C0F10702C5
:10A2A00020466933FBF782FC0028DFD19DF80800C7
:10A2B00000EB800004EB0010016E39B1826B91421B
:10A2C00004D090F83220CDE9002824E7A1208DF8B1
:10A2D0001800012059460F54401C0828FBD306AB38
:10A2E00031462046039A00F065FBFFF732B80000C4
:10A2F000C0C62D00015B000870B5D0F8CC11044633
:10A30000884794F87E00002809D001212046FCF7F8
:10A3100098FF0546D4F8D01120468847284670BDDE
:10A320002DE9F041184C0F460546E6682068001DEF
:10A3300000F00FFE38B9206890F82C1001208840FA
:10A34000216981432161681C07D137B12168BDE8CB
:10A35000F0410E48091D00F03FBE20683544B5426B
:10A360004560216805D2A06BBDE8F041091D00F0F1
:10A370001BBE606B091D00F017FEA06A854200D26B
:10A38000A562BDE8F0810000F80B00203C1C002015
:10A390002DE9F041054600F073FE2E4CA068401CEC
:10A3A000A06020682C4F10B1606940B32DE025609B
:10A3B000A068012829D1002606EB860007EB800063
:10A3C00000F0E4FD761C072EF6D323488C3000F015
:10A3D000DDFD2148A03000F0D9FD1F48B43000F069
:10A3E000D5FD1D48C83000F0D1FD1B48DC3000F021
:10A3F000CDFD19488C3060631430A06305E02068FF
:10A40000E96AC06A884200D82560606A401C6062C0
:10A41000E96A0120226988401043206101EB810034
:10A4200007EB8000291D00F0D7FD00F049FE6069B0
:10A4300000280CD02068E96AC06A884207D2074920
:10A440004FF080500860BFF34F8FBFF36F8FBDE8B0
:10A45000F0810000F80B0020601B002004ED00E0FC
:10A4600010B5044690F8510058B101280CD00228CC
:10A470000FD0502080F31188BFF34F8FBFF36F8F41
:10A48000FEE7206B00F030FE2046BDE8104000F0F3
:10A490002BBE10BD10484FF44061420706D0C01DCE
:10A4A0000D4920F00700411AC1F540610B4A002315
:10A4B0000144C2E900030839183A21F0070111608C
:10A4C0004B600B600B1AC0E9001393604FF0004023
:10A4D0005360506170470000501C00204C0C00205D
:10A4E000144E154CA6F1C8074FF08058DFF84C9079
:10A4F00012E000BF00F0C4FDF068C568281D00F040
:10A5000028FDA068401EA0606068401E606000F0EA
:10A51000D7FD2846FFF7A4FF60680028EAD1386815
:10A520000128F9D9C9F80080BFF34F8FBFF36F8FAF
:10A53000F2E70000281C0020F80B002004ED00E0EA
:10A540002DE9F0479A46DDE9098481466FF003035F
:10A55000206B03EB82021044089E20F00707780767
:10A5600007D0502080F31188BFF34F8FBFF36F8F58
:10A57000FEE7002561B1002023180A5C83F834202F
:10A580000A5C12B1401C1028F6D384F8435001E055
:10A5900084F83450072E00D30626E662C4E911651C
:10A5A000201D00F0FEFC04F1180000F0FAFC24610C
:10A5B000C6F107006462A061E56484F85050524619
:10A5C0004946384600F0E6F82060B8F1000F01D0A7
:10A5D000C8F80040BDE8F08730B5114900E01146E9
:10A5E0000A688242FBD34B685C18844203D14068FE
:10A5F00018444860084643681C18944209D1084C26
:10A60000183C2468A24209D052681A4442600A6881
:10A6100012680260814200D0086030BD0460F9E732
:10A620004C0C00200648416B096829B1416BC96890
:10A63000C9684968816270474FF0FF31FAE700004E
:10A64000F80B002008484068401C4FF0500080F391
:10A65000118804D0BFF34F8FBFF36F8FFEE7BFF3B6
:10A660004F8FBFF36F8FFEE7540C0020002804D0FB
:10A67000012803D0072803D0042070470220704728
:10A680000620704710B5092801D8303004E0A0F149
:10A690000A01052902D83730C0B210BDAFF30080DF
:10A6A000002203E010F8013B1A44D2B2491E89B2DD
:10A6B000F8D25042C0B270472DE9F041054600275C
:10A6C00000F0B2FD324E306808B9FFF7E3FE706962
:10A6D00005424ED1C5B3083568070ED005F0070016
:10A6E000C0F108000544680707D0502080F31188A6
:10A6F000BFF34F8FBFF36F8FFEE72DB370688542B6
:10A7000037D82348183001460C6801E020460C4633
:10A710006168A94202D221680029F7D131688C42D0
:10A7200027D007682168016060680837411B10293D
:10A730000FD96019420708D0502080F31188BFF369
:10A740004F8FBFF36F8FFEE713E041606560FFF747
:10A7500043FF61687068401A7060B268904200D22E
:10A76000B060706901430020C4E90001F068401C3A
:10A77000F06001F091F8780707D0502080F311883D
:10A78000BFF34F8FBFF36F8FFEE73846BDE8F08110
:10A79000340C002010B5031F4FF080741C601B1F89
:10A7A00021F001011960191F024B0B601439403868
:10A7B0000A6010BD45A600082DE9F04704008A464E
:10A7C00016D054F8047CD4F800903E1F564500D9AA
:10A7D00056462046FCF70CF8054688463246214688
:10A7E0005046FDF711FE40B1C0F80090BDE8F0877B
:10A7F000BDE8F0470846FCF729B844E9017955B1AE
:10A8000029686A18211F8A4202D9611B091F296021
:10A81000C5F80480EAE7024AC2F80080E6E70000D3
:10A82000640C002070B5054600242146284600F03F
:10A8300005F8641C14F0FF04F7D070BD7CB500244B
:10A840000D4606460094234622460194FDF796FDE8
:10A8500005EB8500002206EB00108118521C81F8E0
:10A860003C40202AF9D380F82940C4627CBDF0B472
:10A8700015460E46D0F8E44129463046A446F0BCC1
:10A880001A4660472DE9FF47044690F87E00894646
:10A89000C8B1A16809EBC90511F81500C00712D1AC
:10A8A00060694FF0000801AA0189CDF8048001EB2E
:10A8B000090086B2CDF8088049462046CDF80C80C4
:10A8C000FCF7E5FD18B1002004B0BDE8F087A068F2
:10A8D000062101EB4501415ABDF80420914211D1F6
:10A8E000092101EB45019DF80720415C914209D106
:10A8F0000A2101EB45010844082202A9F5F7C1FC31
:10A900000028E1D0606850F83600416CC06A0F88BA
:10A910000688AFB1A168022000EB450A31F90A00B0
:10A92000F6F7C8FD4FF47A7007FB00F3154A494665
:10A930002046CDF80080FBF755F9A26822F80A00FE
:10A94000CEB1A168042000EB4507C85FF6F7B2FD61
:10A95000642006FB00F30C4A49462046CDF80080EF
:10A96000FBF740F9A168C853A06810F8151041F032
:10A97000010100F8151001AA4946204600F006F82A
:10A980000120A1E7015900082959000830B401EB62
:10A99000C1010624836804EB4101194413680B606C
:10A9A00053684B6093688B60D0F8E00130BC11466F
:10A9B000FCF7CEBE3EB590F87840052C01D07F2C38
:10A9C00009D10129416908D0498821B1114482691E
:10A9D000528891420ED9FF203EBD09880029FAD045
:10A9E0001144826912889142F5D8426852F83110B8
:10A9F000096A03E0426852F8311049696A460988D9
:10AA0000ADF8001000218DF8021008218DF8031018
:10AA1000002155185C5C491CC9B22C710829F8D377
:10AA2000D0F8E0011146FCF793FE3EBD7CB58026D0
:10AA3000DDE906548DF800608DF801301B0A8DF8B1
:10AA400002308DF80440230A8DF80530230C8DF870
:10AA50000630230E8DF807308DF803506B46FFF754
:10AA6000A9FF7CBD70B5054600F006F804462846EF
:10AA7000FFF742FC204670BD0EB5D0F8C41109881E
:10AA8000ADF8001000218DF802108DF80310D0F8F9
:10AA9000E0016946FCF75CFE0EBD00002DE9FF47B2
:10AAA0004269002912887DD07F297BD8FAB143689A
:10AAB000046853F8323024785B6904F5C0651E6879
:10AAC000AE4201D0FF2C02D101F5C0641C60436886
:10AAD00053F83220136A02681D68127802F5B064D8
:10AAE000A54201D0FF2A02D101F5B0621A60846943
:10AAF000364E4269A58806F12004928894E89011A8
:10AB00008DE8901100236C46E2B91FE04768D0F849
:10AB100000C057F832709CF800A0D7F8149054F891
:10AB20002370D9F8008007EB0A0CE04502D0BAF197
:10AB3000FF0F03D107EB010CC9F800C05B1C521CCE
:10AB4000DBB292B2AA4201D8042BDFD3846900237E
:10AB500030362589426996E8D01012898DE8D010E8
:10AB60006C46D2B91DE04668076856F8326097F81F
:10AB70000090D6F8148054F82360D8F800C006EB93
:10AB80000907BC4502D0B9F1FF0F02D10E44C8F845
:10AB900000605B1C521CDBB292B2AA4201D8042BAB
:10ABA000E1D300E00FE00268D0F8143212781D689B
:10ABB00002F18004A54201D0FF2A02D101F18002F6
:10ABC0001A6000680170BDE8FF870000C8C3000874
:10ABD000202A01D9FF20704701EB810100EB011011
:10ABE00042630020704700007CB5044690F878006E
:10ABF000884244D0244D31B1042930D005291FD0DA
:10AC00007F293FD10EE0D5E90001CDE90001002008
:10AC100084F878006946204600F0A6F8D4F8801041
:10AC200020468847D5E90201CDE900017F2084F85C
:10AC300078006946204600F097F8D4F884101CE0AC
:10AC400000B3D5E90401CDE90001052084F87800BE
:10AC50006946204600F088F8D4F888100DE088B1E5
:10AC6000D5E90601CDE90001042084F878006946A1
:10AC7000204600F079F8D4F88C102046884794F8E4
:10AC800078007CBDFF207CBDC8C300084FF0804128
:10AC90004A6A1044C86270470EB5016801220978FB
:10ACA00041F4E061ADF8001000218DF802108DF83C
:10ACB00004108DF80320D0F8E0016946FCF748FD48
:10ACC0000EBD000038B50446B0F9C001401C02D0EA
:10ACD000204600F025F8104B002241F205012046E5
:10ACE000FAF7FCFE0C4B002241F206012046FAF76F
:10ACF000F5FED4F8C401006840000CD5D4F8C801B2
:10AD00000368002B07D0054A002120460093FAF77C
:10AD100069FFA4F8C00138BDA95800089D5C00086F
:10AD200010B5002304461A4641F20501FAF7D6FE93
:10AD300000231A4641F206012046FAF7CFFEB4F985
:10AD4000C001F6F7B7FBA4F8C00110BD00B583B091
:10AD50000A460021CDE9001101466846F5F7A9FF32
:10AD6000DDE9000103B000BD2DE9F0410D460446C8
:10AD7000497890F97A000126002719B148B984F87A
:10AD80007A6006E0012804D184F87A702046FFF743
:10AD900049FDE878002894F87C0006D060B984F872
:10ADA0007C602046FFF78EFF06E0012804D184F87E
:10ADB0007C702046FFF7B4FF2879002894F87D00C6
:10ADC00006D060B984F87D602046FDF745FB06E0BB
:10ADD000012804D184F87D702046FDF746FBA87851
:10ADE000002894F87B0006D060B984F87B60204688
:10ADF000FDF782F906E0012804D184F87B70204633
:10AE0000FDF78AF96879002894F87E0006D060B9C9
:10AE100084F87E602046FAF79DFD06E0012804D103
:10AE200084F87E702046FAF7C1FD2878002894F84F
:10AE3000790005D0002801D184F87960BDE8F0815F
:10AE40000128FBD184F879702046BDE8F041FFF776
:10AE500023BF000070B5094DFF231A4605F5807623
:10AE600006E000BF10F8014B54402A5D5A40335DA4
:10AE7000491E89B2F6D242EA032070BDC8C100085B
:10AE80002DE9F04705460027481B16468946062847
:10AE90005DDBA81CFDF7ADFC0446A0F55C414FF45A
:10AEA0008060814253D3A4F55841824651451AD25D
:10AEB000A81DA9EB00014FF00C08062947DB01781B
:10AEC0005C2944D14178752941D1801CFDF791FC62
:10AED000A0F55C4151453AD2C4F3090161F39F20CA
:10AEE00000F5803002E04FF006082046802801D2AD
:10AEF000012110E0B0F5006F02D20221C0270AE064
:10AF0000B0F5803F02D20321E02704E0B0F5881FAE
:10AF10001DD20421F0274A1E08E000BF00F0BF0345
:10AF2000346843F080038009A354521E12F0FF02DC
:10AF3000F4D1012901D9384301E000F07F003268E3
:10AF400010703068084430604046BDE8F08700204B
:10AF5000FBE7D0E9013201699A60D0E901235A6028
:10AF60004A68824201D182684A6000220261086810
:10AF7000401E086008687047034B036003F15400EB
:10AF800008608020106070475C10002000F108010C
:10AF90004FF0FF32C0E90112C16001610021016080
:10AFA000704700210161704730B50B685A1C02D010
:10AFB00000F1080202E0026904E0224654682568B4
:10AFC0009D42FAD953684B6099608A60516008616C
:10AFD0000168491C016030BD42684A6093688B601B
:10AFE00093685960916008610168491C016070476D
:10AFF00070B5124E124C0D4650B10022042130465D
:10B00000F7F780FC2168C86840F02000C86004E0C1
:10B010002068C16821F02001C1604DB101220421E6
:10B020003046F7F76FFC2068C16841F0800103E00B
:10B030002068C16821F08001C16070BD000C014032
:10B040005416002007480068016A41F211121142AB
:10B0500007D1016A9210114203D1016821F0010168
:10B06000016070477C13002004480021026851628F
:10B070000068016841F00101016070477C13002005
:10B08000502080F31188BFF34F8FBFF36F8F0A49B1
:10B090004868401C486001280CD10848006810F03E
:10B0A000FF0F07D0502080F31188BFF34F8FBFF3FD
:10B0B0006F8FFEE770470000540C002004ED00E0A5
:10B0C0000849486828B1401E486001D180F31188C2
:10B0D0007047502080F31188BFF34F8FBFF36F8FFD
:10B0E000FEE70000540C002070B500282AD0164D51
:10B0F000A0F1080460686969084207D1502080F314
:10B100001188BFF34F8FBFF36F8FFEE722683AB10C
:10B11000502080F31188BFF34F8FBFF36F8FFEE78E
:10B120008843606000F080F860686968084468607F
:10B130002046FFF751FA2869401C2861BDE870409D
:10B1400000F0AABB70BD0000340C00204FF0E020DE
:10B1500000210161816105494FF47A720968B1FBF0
:10B16000F2F1491E4161072101617047F40B002093
:10B1700010B5020014D00F48006B38B1502080F396
:10B180001188BFF34F8FBFF36F8FFEE700F04CF8CD
:10B1900000211046FFF7C4F800F07EFB002807D11D
:10B1A00005494FF080500860BFF34F8FBFF36F8F9A
:10B1B00010BD0000F80B002004ED00E010B586B0D3
:10B1C0000024039405AA04A903A80494FFF7D4FE5D
:10B1D000DDE903010094CDE9011000230EA1104820
:10B1E000059A00F0C8FA0F490028C86211D0502013
:10B1F00080F31188BFF34F8FBFF36F8F4FF0FF3095
:10B20000886201204861CC6006B0BDE8104000F0C3
:10B2100031BA06B010BD000049444C4500000000A2
:10B22000E1A40008F80B00200248016B491C0163EF
:10B2300070470000F80B00201448016B11B1012188
:10B24000C16170470021C1610169B1FA81F1C1F1A9
:10B250001F0101EB81020E4951F822306BB101EB65
:10B26000820101F108034A6852684A609A4201D19A
:10B2700052684A60D16801607047502080F311889D
:10B28000BFF34F8FBFF36F8FFEE70000F80B002076
:10B29000601B0020F8B5374C0027207808B1AFF3C9
:10B2A0000080684600F0F4F860780025012670B34D
:10B2B000012802D002285AD139E0FFF7D5FE9DF8C7
:10B2C00000003A2807D00D2808D0A0F13001092944
:10B2D00007D8C8B20DE0A570A58048E002206070D4
:10B2E00045E0A0F14101052902D83738C0B200E09D
:10B2F000FF20A17811B1012939D10DE0A188FF29E2
:10B3000006D8A288A16800018854A6702FE025E025
:10B310006570FFF797FE2AE0A288A16811440A78B9
:10B3200002430A70A088401CA080A5701FE09DF811
:10B330000000E178884207D1FFF784FE65700120A4
:10B3400000F09EF8074612E03A2801D065700EE042
:10B35000A570A5806670FFF787FE08E09DF80000E5
:10B360003A2804D1FFF780FEA580A57066703846A4
:10B37000F8BD0000EC0000200A4810B54178012912
:10B3800009D0022907D04178012906D04078022847
:10B3900003D0AFF3008000214170FFF753FE00207F
:10B3A00010BD0000EC00002070B5294C002660782C
:10B3B00008B1AFF3008020780025052846D2DFE8E9
:10B3C00000F041030A3136003A2000F091F80220E3
:10B3D0002070A5703AE0E088F0B1A1781C48C06800
:10B3E00011B1012932D108E000780009FFF74AF9CC
:10B3F00000F07EF80120A07028E0007800F00F0037
:10B40000FFF740F900F074F8E068401CE060A570B8
:10B41000E088401EE08019E00D2000F069F803206C
:10B42000207013E0E07800F063F80420F8E725705E
:10B43000032000F025F8064600210120FFF7D8FD83
:10B44000257003E000210120FFF7D2FD304670BDDA
:10B45000EC0000200549024600204B78002B04D068
:10B4600008781070002048700120704720010020EB
:10B470000249002048700120704700002001002090
:10B48000024901224A7008701046704720010020CE
:10B49000024909680170012070470000044400401F
:10B4A000124810B5104AC0E9002100210C22C160E9
:10B4B000C0E905214FF48052C161012B09D0022B54
:10B4C0000AD0016181600948F8F74AFE48B10020BE
:10B4D00010BD4FF4C06101E04FF4806182600161F2
:10B4E000F1E7012010BD0000004400405416002088
:10B4F00001490860012070470444004030B587B01E
:10B5000000251A4C0095019502950395049516495E
:10B510000595216040F60F61401E6160C4E902504C
:10B5200025612046A561F8F7BDFA70B94FF4805047
:10B53000009069462046F8F766FB30B9049504A9E7
:10B5400020460595F8F77AFA10B1002007B030BD13
:10B5500021686FF0010008612068C16841F00101B5
:10B56000C1600120F2E70000000400407C130020CD
:10B5700038B5174C0025207808B1AFF30080684635
:10B58000FFF786FF607830B1124A012807D0022801
:10B5900010D0032801D1FFF767FD284638BD0020F1
:10B5A000A0809DF80000A1880A44491CA180107069
:10B5B00002200BE0A088FF2807D89DF80010A08883
:10B5C0000244401CA0801170E5E703206070E2E7B0
:10B5D00000010020D417002070B50E4D00246878BB
:10B5E00070B102280BD003280DD0687858B1687864
:10B5F000022808D06878032805D0AFF30080012026
:10B60000FFF73EFF0446FFF71DFD0120687020464E
:10B6100070BD00000001002070B5154C0025607859
:10B62000012801D0AFF30080207810B101281CD18F
:10B6300004E000210120FFF7DBFC16E0608850B138
:10B64000A0680078FFF754FFA068401CA0606088E5
:10B65000401E608009E00320FFF712FF054600212D
:10B660000120FFF7C5FC00202070284670BD0000B7
:10B67000000100201CB5264908780190FF200870C1
:10B6800008788DF800009DF800009DF8002000F07B
:10B69000F000904207D0502080F31188BFF34F8F05
:10B6A000BFF36F8FFEE79DF800001A4C00F05000CA
:10B6B00020700720A06005E09DF8002052008DF862
:10B6C0000020401E9DF800201206F5D4A06003283B
:10B6D00007D0502080F31188BFF34F8FBFF36F8FD7
:10B6E000FEE74FF44070A060019808700A480168B6
:10B6F00041F470010160016841F070410160FFF7A1
:10B7000025FD00206060F4F70FFD00201CBD000047
:10B7100000E400E0540C002020ED00E02DE9FF5F84
:10B720008346DDE90E87994616468A469000FEF765
:10B73000C3FF05001CD05420FEF7BEFF040014D048
:10B740000020256384F85100CDE90240CDE900874F
:10B750004B46324651465846FEF7F2FE2046FEF76B
:10B7600017FE012004B0BDE8F09F2846FFF7BCFC9F
:10B770004FF0FF30F6E7F0B585B0DDE90B640A9DC8
:10B78000A6B1DCB1542700972663022684F85160E5
:10B79000002604AFCDE90246CDE90057FEF7D0FE02
:10B7A0002046FEF7F5FD049805B0F0BD502080F36B
:10B7B0001188BFF34F8FBFF36F8FFEE7502080F3E8
:10B7C0001188BFF34F8FBFF36F8FFEE72DE9F04174
:10B7D0002F4C0026206B28B1A069401CA061304688
:10B7E000BDE8F081E5686D1CE56013D1606B006811
:10B7F00038B1502080F31188BFF34F8FBFF36F8FA4
:10B80000FEE7606BA16B6163A063206A401C20624D
:10B81000FEF708FFA06ADFF87C80854209D3606BE1
:10B820000068A0B1606BC068C7687868854211D2B3
:10B83000A0622068C06A00EB800158F8210001284E
:10B8400000D90126E0690028C9D00126C7E74FF0DA
:10B85000FF30EDE7381DFFF77CFBB86A18B107F140
:10B860001800FFF776FBF96A01202269884010432F
:10B87000206101EB810108EB8100391DFFF7ACFB72
:10B88000F86A2168C96A8842C9D30126C7E700005F
:10B89000F80B0020601B00202DE9F0472C4D002400
:10B8A0002746286B38B1FFF7EBFB286B401E286357
:10B8B000286B40B146E0502080F31188BFF34F8FD2
:10B8C000BFF36F8FFEE7A968224E0120D1B3A6F126
:10B8D000B40980463068E8B1F068C46804F1180023
:10B8E000FFF737FB201DFFF734FBE06A2A6908FAEF
:10B8F00000F11143296100EB800109EB8100211D5A
:10B90000FFF76AFBE06A2968C96A8842E2D3C5F892
:10B910001C80DFE70CB1FEF785FEAC6944B14646FA
:10B92000FFF754FF00B1EE61641EF9D10020A86159
:10B93000E86938B10849012738070860BFF34F8F1D
:10B94000BFF36F8FFFF7BCFB3846BDE8F087000000
:10B95000F80B0020141C002004ED00E000000000A3
:10B9600000000000002F0000000007000700001486
:10B970007F147F1400242A7F2A1200626408132394
:10B9800000364955225000000503000000001C222B
:10B990004100000041221C000014083E0814000869
:10B9A000083E0808000000A0600000080808080819
:10B9B000000060600000002010080402003E5149B1
:10B9C000453E0000427F400000426151494600214F
:10B9D00041454B31001814127F1000274545453969
:10B9E000003C4A49493000017109050300364949C4
:10B9F000493600064949291E00003636000000007D
:10BA000056360000000814224100001414141414C7
:10BA10000000412214080002015109060032495970
:10BA2000513E007C1211127C007F49494936003E8C
:10BA300041414122007F4141221C007F4949494147
:10BA4000007F09090901003E4149497A007F080841
:10BA5000087F0000417F4100002040413F01007FFE
:10BA600008142241007F40404040007F020C027FCA
:10BA7000007F0408107F003E4141413E007F0909DC
:10BA80000906003E4151215E007F09192946004602
:10BA9000494949310001017F0101003F4040403FD9
:10BAA000001F2040201F003F4038403F0063140823
:10BAB00014630007087008070061514945430000FE
:10BAC0007F41410000552A552A55000041417F0021
:10BAD0000004020102040040404040400000010216
:10BAE0000400002054545478007F484444380038FF
:10BAF0004444442000384444487F00385454541887
:10BB000000087E0901020018A4A4A47C007F080498
:10BB100004780000447D4000004080847D00007F68
:10BB2000102844000000417F4000007C0418047885
:10BB3000007C0804047800384444443800FC242481
:10BB400024180018242418FC007C08040408004869
:10BB50005454542000043F444020003C4040207C8A
:10BB6000001C2040201C003C4030403C0044281079
:10BB70002844001CA0A0A07C004464544C4414142D
:10BB80001414141400000000000000000000000065
:10BB900000000000000000F800000000000000337A
:10BBA0003000000000100C06100C06000000000021
:10BBB0000000000040C07840C0784000043F04040A
:10BBC0003F040400007088FC08300000001820FFCB
:10BBD000211E0000F008F000E018000000211C0306
:10BBE0001E211E0000F00888700000001E21232482
:10BBF0001927211010160E000000000000000000A0
:10BC000000000000000000E018040200000000072F
:10BC10001820400000020418E00000000040201836
:10BC200007000000404080F0804040000202010F09
:10BC300001020200000000F0000000000101011FED
:10BC400001010100000000000000000080B0700051
:10BC500000000000000000000000000000010101E1
:10BC60000101010100000000000000000030300070
:10BC7000000000000000000080601804006018064A
:10BC80000100000000E010080810E000000F102084
:10BC900020100F00001010F8000000000020203FCE
:10BCA0002020000000700808088870000030282458
:10BCB00022213000003008888848300000182020F9
:10BCC00020110E000000C02010F80000000704241E
:10BCD000243F240000F80888880808000019212063
:10BCE00020110E0000E0108888180000000F1120BD
:10BCF00020110E0000380808C83808000000003F76
:10BD0000000000000070880808887000001C2221D4
:10BD100021221C0000E010080810E0000000312281
:10BD200022110F00000000C0C00000000000003021
:10BD30003000000000000080000000000000806073
:10BD400000000000000080402010080000010204F4
:10BD500008102000404040404040400004040404DB
:10BD60000404040000081020408000000020100897
:10BD700004020100007048080808F00000000030CC
:10BD800036010000C030C828E810E000071827245A
:10BD900023140B000000C038E0000000203C230208
:10BDA0000227382008F8888888700000203F20206B
:10BDB00020110E00C030080808083800071820209D
:10BDC0002010080008F808080810E000203F202094
:10BDD00020100F0008F88888E8081000203F202075
:10BDE0002320180008F88888E8081000203F200069
:10BDF00003000000C03008080838000007182020A1
:10BE0000221E020008F808000008F808203F21015F
:10BE100001213F20000808F8080800000020203F0A
:10BE20002020000000000808F8080800C08080807A
:10BE30007F00000008F888C028180800203F200173
:10BE40002638200008F8080000000000203F2020CD
:10BE50002020300008F8F800F8F80800203F003FE4
:10BE6000003F200008F830C00008F808203F2000FC
:10BE700007183F00E01008080810E0000F1020200D
:10BE800020100F0008F808080808F000203F2101E2
:10BE900001010000E01008080810E0000F18242439
:10BEA00038504F0008F8888888887000203F2000AC
:10BEB000030C302000708808080838000038202162
:10BEC00021221C00180808F8080818000000203F6C
:10BED0002000000008F808000008F808001F2020D3
:10BEE00020201F000878880000C8380800000738A4
:10BEF0000E010000F80800F80008F800033C0700F5
:10BF0000073C0300081868808068180820302C035C
:10BF1000032C30200838C800C83808000000203F33
:10BF20002000000010080808C83808002038262122
:10BF300020201800000000FE020202000000007F26
:10BF400040404000000C30C0000000000000000134
:10BF50000638C00000020202FE000000004040401F
:10BF60007F00000000000402020204000000000044
:10BF700000000000000000000000000080808080C1
:10BF800080808080000202040000000000000000A9
:10BF90000000000000008080808000000019242242
:10BFA00022223F2008F8008080000000003F11207E
:10BFB00020110E000000008080800000000E112083
:10BFC00020201100000000808088F800000E112061
:10BFD00020103F200000808080800000001F22226F
:10BFE00022221300008080F0888888180020203FDB
:10BFF000202000000000808080808000006B9494EE
:10C000009493600008F8008080800000203F2100A9
:10C0100000203F2000809898000000000020203F72
:10C0200020200000000000809898000000C0808060
:10C03000807F000008F8000080808000203F2402FC
:10C040002D302000000808F8000000000020203FEC
:10C05000202000008080808080808000203F2000A1
:10C060003F20003F8080008080800000203F210032
:10C0700000203F200000808080800000001F2020E2
:10C0800020201F00808000808000000080FFA12011
:10C0900020110E000000008080808000000E112022
:10C0A00020A0FF80808080008080800020203F21B1
:10C0B0002000010000008080808080000033242464
:10C0C00024241900008080E0808000000000001F10
:10C0D000202000008080000000808000001F2020C1
:10C0E00020103F20808080000080808000010E3082
:10C0F0000806010080800080008080800F300C03E3
:10C100000C300F0000808000808080000020312EE5
:10C110000E312000808080000080808080818E70C1
:10C120001806010000808080808080000021302C73
:10C130002221300000000000807C0202000000008C
:10C14000003F404000000000FF0000000000000031
:10C15000FF0000000002027C800000000040403F21
:10C1600000000000000601010202040400000000BB
:10C17000000000005CC50008BF550008000000007A
:10C18000000000008000000000000000000000002F
:10C190004CC50008954F000800000000000000009A
:10C1A00080000000000000000000000054C50008EE
:10C1B00019130008000000000000000080000000CB
:10C1C000000000000000000000C1814001C080416B
:10C1D00001C0804100C1814001C0804100C1814057
:10C1E00000C1814001C0804101C0804100C1814047
:10C1F00000C1814001C0804100C1814001C0804137
:10C2000001C0804100C1814001C0804100C1814026
:10C2100000C1814001C0804100C1814001C0804116
:10C2200001C0804100C1814000C1814001C0804106
:10C2300001C0804100C1814001C0804100C18140F6
:10C2400000C1814001C0804101C0804100C18140E6
:10C2500000C1814001C0804100C1814001C08041D6
:10C2600001C0804100C1814000C1814001C08041C6
:10C2700001C0804100C1814001C0804100C18140B6
:10C2800000C1814001C0804100C1814001C08041A6
:10C2900001C0804100C1814001C0804100C1814096
:10C2A00000C1814001C0804101C0804100C1814086
:10C2B00000C1814001C0804100C1814001C0804176
:10C2C00001C0804100C1814000C0C101C30302C25E
:10C2D000C60607C705C5C404CC0C0DCD0FCFCE0EC6
:10C2E0000ACACB0BC90908C8D81819D91BDBDA1A36
:10C2F0001EDEDF1FDD1D1CDC14D4D515D71716D6A6
:10C30000D21213D311D1D010F03031F133F3F23215
:10C3100036F6F737F53534F43CFCFD3DFF3F3EFE85
:10C32000FA3A3BFB39F9F83828E8E929EB2B2AEAF5
:10C33000EE2E2FEF2DEDEC2CE42425E527E7E62665
:10C3400022E2E323E12120E0A06061A163A3A262D5
:10C3500066A6A767A56564A46CACAD6DAF6F6EAE45
:10C36000AA6A6BAB69A9A86878B8B979BB7B7ABAB5
:10C37000BE7E7FBF7DBDBC7CB47475B577B7B67625
:10C3800072B2B373B17170B0509091519353529295
:10C3900096565797559594549C5C5D9D5F9F9E5E05
:10C3A0005A9A9B5B99595898884849894B8B8A4A75
:10C3B0004E8E8F4F8D4D4C8C4484854587474686E5
:10C3C0008242438341818040010000000000000060
:10C3D0000001010101000100000101010101000053
:10C3E0000000000001000100000200000003000046
:10C3F0000004000000050000800100008002000031
:10C4000080030000800400000100000028010020DB
:10C410000100001038010020010001107801002007
:10C4200005001810C001002003000012F8010020D0
:10C43000070000146002002007000114C802002059
:10C4400007000214300300200700031488030020B3
:10C4500009000016F80300200900011668040020F6
:10C4600009000216D8040020090003165805002010
:10C4700007000018C005002007000118280600204A
:10C48000070002189006002007000318E8060020A5
:10C490000900001A580700200900011AC8070020E7
:10C4A0000900021A380800200900031AD4080020E5
:10C4B0000B00002003000000040008000C00100026
:10C4C0000300000007000B000F001300150001021D
:10C4D00002030405060708090A0B0C0D0E0F1010C5
:10C4E000010202030405060708090A0B0C0D0E0FD2
:10C4F0001010000000000000000001020304060705
:10C5000008090000000001020304DDDDDDDDDCBB05
:10C51000BBDDDDDDDDDDDDDDDDDD9888888888885B
:10C5200088887777777777888888855555566666BF
:10C53000666666666666666888888333333222225A
:10C540002222222222222228888D00004D5154547A
:10C550000000000043414E6F70656E004D6F6462D5
:10C560007573000084C50008000000206C0C0000FA
:10C57000E00E0008DCC800086C0C0020E42100007C
:10C58000AC6800080110134D681408F1671408B96D
:10C59000A71208022201022B023211132D7B33084D
:10C5A00004132F7A33080313D179330810133D7C19
:10C5B0003308061AA72032171A9120297F13ED7825
:10C5C0003308051A5118320F1AD90829741A5F381E
:10C5D000013813D4170214201A01016908690A7975
:10C5E000E8220729B84B24013C1A0295291D5A3428
:10C5F000100110D280293AE169401A6640695C9ABC
:10C60000680C9A6C0C9A700C2A740C411A06641906
:10C610004469489AB4249AB80C1ABC0C192B1929ED
:10C620000914802AE4C0592C2AE80C59182AEC0C69
:10C63000193929379AEE189AF0189AF2186AF4689C
:10C640000A1403688B4C02682A500C59182A540C9F
:10C6500059509A56189A58189A5A181A5C0C3968F0
:10C6600029490911689AB4689AB8389ABC509ABE98
:10C67000189AC0189AC2186AC46819100912688BEF
:10C680001C03682A200C59182A240C59509A261881
:10C690009A28189A2A181A2C0C5A086829109A8471
:10C6A000588B30190C9A340C9A380C9A3C0C9A40DE
:10C6B0000C9A440C9A480C1A4C0CA9709AF4709A73
:10C6C00050289A540C9A580C9A5C0C9A600C9A64F4
:10C6D0000C9A680CDA6C708B64041C9A70289A743B
:10C6E0000C9A780C9A7C0C9A800C9A840C9A880C80
:10C6F000DA8C709AD4709A90289A940C9A980C9A22
:10C700009C0C9AA00C9AA40C9AA80C1AAC0C2A06A1
:10C710009C296DB15A02808B44052C2A480C59186B
:10C720002A4C0C193932029A4E189A50189A5218FB
:10C730001A540C396829190911689AAC689AB038EA
:10C740009AB4509AB6189AB8189ABA186ABC680A75
:10C750001403688B1406682A180C59182A1C0C59E3
:10C76000509A1E18194D79189A22181A240C3968F3
:10C7700029490911689A7C689A80389A84509A8667
:10C78000189A88189A8A181A8C0C420859109AE438
:10C79000588B201A0C9A240C9A280C9A2C0C9A303C
:10C7A0000C9A340C9A380C1A3C0CA9708B54071C48
:10C7B0009A40289A440C9A480C9A4C0C9A500C9A1D
:10C7C000540C9A580CDA5C709AC4709A60289A6477
:10C7D0000C9A680C9A6C0C9A700C9A740C9A780CDF
:10C7E000DA7C708B34081C9A80289A840C9A880C06
:10C7F0009A8C0C9A900C9A940C9A980C1A9C0C0295
:10C800002B0A13755C5B08029C2AA49C590C1BD450
:10C81000180C220632029AD60C9AD80C9ADA0C9A84
:10C82000DC0C9ADE0C9AE00C9AE20C2AE40C596CAF
:10C830002AE60C111AFF01E1093212132201142019
:10C840000CC42C08580954211385671B08B4101A0E
:10C85000C0041ACC041A0804130960024A0849806B
:10C86000720F130F6B1B082D041A21048B5B746865
:10C870001A5C981A600413DC0B1B20640829361A12
:10C880000D240A270F0101561AFF011A1F881A5496
:10C89000941A5604018023FFFF1A4C881A50041A78
:10C8A0002B981A27041A23041A25048113DD5E8CA1
:10C8B000085D741002100119111A44401A48041A34
:10C8C00034040A2158D85A29602980292E295482F3
:0CC8D000100361127A1AAA010110000086
:04000005080000ED02
:00000001FF
